WORD,count,percentage
",",2129,6.2566122017162344
.,1980,5.818737510285647
de,1289,3.7880568943223225
e,933,2.741859644998237
a,863,2.5361467027154108
do,414,1.2166451157869989
é,411,1.2078288468320206
o,406,1.1931350652403903
da,392,1.151992476783825
que,352,1.0344422240507818
em,340,0.9991771482308688
|,296,0.869871870224521
-,293,0.8610556012695428
(,293,0.8610556012695428
um,292,0.8581168449512168
),286,0.8404843070412602
para,276,0.8110967438579993
se,262,0.7699541554014341
uma,256,0.7523216174914776
com,237,0.696485247443282
cidade,233,0.6847302221699777
os,225,0.661220171623369
no,207,0.6083225578934994
A,205,0.6024450452568473
=,205,0.6024450452568473
:,198,0.5818737510285648
mais,189,0.55542494416363
por,187,0.5495474315269777
na,174,0.5113435993887386
as,145,0.42611966615728225
;,134,0.3937933466556953
ao,130,0.38203832138239097
dos,121,0.3555895145174562
são,117,0.34383448924415183
não,117,0.34383448924415183
O,116,0.3408957329258258
ou,103,0.3026919007875867
das,89,0.2615493123310215
como,87,0.2556717996943693
entre,86,0.25273304337604324
tem,86,0.25273304337604324
também,83,0.243916774421065
ser,81,0.23803926178441287
muito,73,0.2145292112378042
mas,72,0.2115904549194781
à,72,0.2115904549194781
Os,63,0.1851416480545433
país,62,0.18220289173621723
centro,62,0.18220289173621723
foi,60,0.17632537909956508
pode,54,0.15869284118960855
parte,53,0.15575408487128248
ilha,52,0.1528153285529564
você,50,0.14693781591630423
São,48,0.14106030327965205
há,45,0.1322440343246738
sua,45,0.1322440343246738
ônibus,45,0.1322440343246738
maior,45,0.1322440343246738
onde,44,0.12930527800634772
está,43,0.12636652168802162
{,43,0.12636652168802162
As,43,0.12636652168802162
até,42,0.12342776536969555
No,38,0.11167274009639121
Em,37,0.10873398377806512
norte,37,0.10873398377806512
região,36,0.10579522745973904
seu,36,0.10579522745973904
bem,36,0.10579522745973904
Coimbra,35,0.10285647114141294
É,35,0.10285647114141294
podem,35,0.10285647114141294
capital,34,0.09991771482308687
grande,34,0.09991771482308687
encontrar,33,0.09697895850476079
pela,32,0.0940402021864347
Alexandria,32,0.0940402021864347
nos,32,0.0940402021864347
Há,32,0.0940402021864347
às,31,0.09110144586810862
melhor,30,0.08816268954978254
fica,30,0.08816268954978254
cerca,30,0.08816268954978254
apenas,30,0.08816268954978254
aeroporto,30,0.08816268954978254
dia,30,0.08816268954978254
autocarros,29,0.08522393323145645
estão,29,0.08522393323145645
ilhas,29,0.08522393323145645
Vegas,29,0.08522393323145645
sul,29,0.08522393323145645
durante,28,0.08228517691313036
alguns,28,0.08228517691313036
muitas,28,0.08228517691313036
área,28,0.08228517691313036
desde,28,0.08228517691313036
Paulo,28,0.08228517691313036
lojas,27,0.07934642059480428
muitos,27,0.07934642059480428
cidades,27,0.07934642059480428
%,27,0.07934642059480428
ainda,27,0.07934642059480428
todos,27,0.07934642059480428
Se,27,0.07934642059480428
preço,27,0.07934642059480428
principal,27,0.07934642059480428
local,27,0.07934642059480428
restaurantes,26,0.0764076642764782
grandes,26,0.0764076642764782
viagem,25,0.07346890795815211
Albufeira,25,0.07346890795815211
Não,25,0.07346890795815211
horas,25,0.07346890795815211
locais,25,0.07346890795815211
vários,25,0.07346890795815211
entanto,25,0.07346890795815211
hotéis,25,0.07346890795815211
sendo,25,0.07346890795815211
mesmo,24,0.07053015163982602
chegar,24,0.07053015163982602
outras,23,0.06759139532149995
nas,23,0.06759139532149995
toda,22,0.06465263900317386
nome,22,0.06465263900317386
°,22,0.06465263900317386
Alasca,22,0.06465263900317386
C,22,0.06465263900317386
algumas,22,0.06465263900317386
km,22,0.06465263900317386
anos,22,0.06465263900317386
pelo,21,0.06171388268484777
dados,21,0.06171388268484777
Portugal,21,0.06171388268484777
possível,21,0.06171388268484777
vezes,21,0.06171388268484777
século,20,0.05877512636652169
este,20,0.05877512636652169
principais,20,0.05877512636652169
ver,20,0.05877512636652169
duas,20,0.05877512636652169
Guia,20,0.05877512636652169
pois,20,0.05877512636652169
voos,20,0.05877512636652169
outros,20,0.05877512636652169
principalmente,20,0.05877512636652169
Anchorage,20,0.05877512636652169
seus,19,0.055836370048195604
ruas,19,0.055836370048195604
of,19,0.055836370048195604
várias,19,0.055836370048195604
Norte,19,0.055836370048195604
turistas,19,0.055836370048195604
/,19,0.055836370048195604
Para,19,0.055836370048195604
isso,19,0.055836370048195604
noite,18,0.05289761372986952
pouco,18,0.05289761372986952
!,18,0.05289761372986952
suas,18,0.05289761372986952
dias,18,0.05289761372986952
aos,18,0.05289761372986952
Amarante,18,0.05289761372986952
já,18,0.05289761372986952
além,18,0.05289761372986952
transporte,18,0.05289761372986952
táxi,18,0.05289761372986952
Brasil,17,0.049958857411543434
ponto,17,0.049958857411543434
carro,17,0.049958857411543434
dois,17,0.049958857411543434
Las,17,0.049958857411543434
5,17,0.049958857411543434
ano,17,0.049958857411543434
Existem,17,0.049958857411543434
possui,17,0.049958857411543434
rua,17,0.049958857411543434
conversação,17,0.049958857411543434
embora,17,0.049958857411543434
qualquer,17,0.049958857411543434
pessoas,17,0.049958857411543434
China,16,0.04702010109321735
costa,16,0.04702010109321735
três,16,0.04702010109321735
maioria,16,0.04702010109321735
só,16,0.04702010109321735
estado,16,0.04702010109321735
/&gt,16,0.04702010109321735
mundo,16,0.04702010109321735
forma,16,0.04702010109321735
Corumbá,16,0.04702010109321735
vai,16,0.04702010109321735
lugar,16,0.04702010109321735
tempo,16,0.04702010109321735
estação,16,0.04702010109321735
todas,16,0.04702010109321735
rio,15,0.04408134477489127
habitantes,15,0.04408134477489127
estrada,15,0.04408134477489127
Central,15,0.04408134477489127
sem,15,0.04408134477489127
pequena,15,0.04408134477489127
antes,15,0.04408134477489127
sempre,15,0.04408134477489127
eles,15,0.04408134477489127
partir,15,0.04408134477489127
cada,15,0.04408134477489127
pelos,15,0.04408134477489127
Cubatão,15,0.04408134477489127
ir,15,0.04408134477489127
junto,15,0.04408134477489127
Chipre,15,0.04408134477489127
fronteira,15,0.04408134477489127
Khabarovsk,15,0.04408134477489127
File,14,0.04114258845656518
10,14,0.04114258845656518
internacionais,14,0.04114258845656518
devido,14,0.04114258845656518
#,14,0.04114258845656518
boa,14,0.04114258845656518
meio,14,0.04114258845656518
regiões,14,0.04114258845656518
opções,14,0.04114258845656518
pelas,14,0.04114258845656518
Sul,14,0.04114258845656518
estradas,14,0.04114258845656518
linhas,14,0.04114258845656518
lado,14,0.04114258845656518
longo,14,0.04114258845656518
Santa,14,0.04114258845656518
&,14,0.04114258845656518
rotas,14,0.04114258845656518
menos,14,0.04114258845656518
1,14,0.04114258845656518
era,14,0.04114258845656518
época,14,0.04114258845656518
existem,14,0.04114258845656518
período,14,0.04114258845656518
quando,13,0.0382038321382391
hoje,13,0.0382038321382391
oficial,13,0.0382038321382391
bastante,13,0.0382038321382391
Juneau,13,0.0382038321382391
Verão,13,0.0382038321382391
serviços,13,0.0382038321382391
conta,13,0.0382038321382391
visitar,13,0.0382038321382391
autocarro,13,0.0382038321382391
Copenhaga,13,0.0382038321382391
destino,13,0.0382038321382391
entrar,13,0.0382038321382391
foram,13,0.0382038321382391
Abrantes,13,0.0382038321382391
então,13,0.0382038321382391
visto,13,0.0382038321382391
conhecida,13,0.0382038321382391
Com,13,0.0382038321382391
vez,13,0.0382038321382391
sobre,12,0.03526507581991301
Pode,12,0.03526507581991301
táxis,12,0.03526507581991301
temperatura,12,0.03526507581991301
Por,12,0.03526507581991301
perto,12,0.03526507581991301
Anápolis,12,0.03526507581991301
fácil,12,0.03526507581991301
tornou,12,0.03526507581991301
casas,12,0.03526507581991301
2,12,0.03526507581991301
US$,12,0.03526507581991301
tarde,12,0.03526507581991301
clima,12,0.03526507581991301
ter,12,0.03526507581991301
comida,12,0.03526507581991301
importante,12,0.03526507581991301
20,12,0.03526507581991301
vista,12,0.03526507581991301
serviço,12,0.03526507581991301
através,12,0.03526507581991301
fazer,12,0.03526507581991301
faz,12,0.03526507581991301
linha,12,0.03526507581991301
preços,12,0.03526507581991301
população,12,0.03526507581991301
localizada,12,0.03526507581991301
Lalibela,12,0.03526507581991301
Na,12,0.03526507581991301
site,12,0.03526507581991301
melhores,12,0.03526507581991301
igrejas,12,0.03526507581991301
República,12,0.03526507581991301
qual,11,0.03232631950158693
conhecido,11,0.03232631950158693
vão,11,0.03232631950158693
Flag,11,0.03232631950158693
maneira,11,0.03232631950158693
aeroportos,11,0.03232631950158693
realiza,11,0.03232631950158693
depois,11,0.03232631950158693
Castelo,11,0.03232631950158693
próximo,11,0.03232631950158693
E,11,0.03232631950158693
Igreja,11,0.03232631950158693
to,11,0.03232631950158693
companhias,11,0.03232631950158693
pagar,11,0.03232631950158693
verão,11,0.03232631950158693
turismo,11,0.03232631950158693
comer,11,0.03232631950158693
concelho,11,0.03232631950158693
Foi,11,0.03232631950158693
governo,11,0.03232631950158693
bom,11,0.03232631950158693
peixe,11,0.03232631950158693
Cairo,11,0.03232631950158693
fora,11,0.03232631950158693
bares,11,0.03232631950158693
produtos,11,0.03232631950158693
vila,11,0.03232631950158693
pequeno,11,0.03232631950158693
diferentes,11,0.03232631950158693
primeiro,11,0.03232631950158693
volta,11,0.03232631950158693
outro,11,0.03232631950158693
entrada,11,0.03232631950158693
capela,11,0.03232631950158693
visitantes,11,0.03232631950158693
compras,11,0.03232631950158693
usar,10,0.029387563183260846
necessário,10,0.029387563183260846
aproximadamente,10,0.029387563183260846
Ana,10,0.029387563183260846
sistema,10,0.029387563183260846
média,10,0.029387563183260846
passageiros,10,0.029387563183260846
Grande,10,0.029387563183260846
arquipélago,10,0.029387563183260846
viagens,10,0.029387563183260846
companhia,10,0.029387563183260846
Turquia,10,0.029387563183260846
artesanato,10,0.029387563183260846
hora,10,0.029387563183260846
30,10,0.029387563183260846
via,10,0.029387563183260846
mês,10,0.029387563183260846
município,10,0.029387563183260846
diversas,10,0.029387563183260846
tradicionais,10,0.029387563183260846
Moscou,10,0.029387563183260846
excelente,10,0.029387563183260846
rede,10,0.029387563183260846
alta,10,0.029387563183260846
montanhas,10,0.029387563183260846
Ilhas,10,0.029387563183260846
La,10,0.029387563183260846
ficar,10,0.029387563183260846
pequenas,10,0.029387563183260846
Açores,10,0.029387563183260846
centros,10,0.029387563183260846
lhe,10,0.029387563183260846
Porto,10,0.029387563183260846
lugares,10,0.029387563183260846
útil,10,0.029387563183260846
passar,10,0.029387563183260846
Também,10,0.029387563183260846
Amur,10,0.029387563183260846
3,10,0.029387563183260846
ar,10,0.029387563183260846
tudo,10,0.029387563183260846
fazem,10,0.029387563183260846
Um,10,0.029387563183260846
idioma,10,0.029387563183260846
existe,10,0.029387563183260846
localização,10,0.029387563183260846
Lamu,10,0.029387563183260846
you,10,0.029387563183260846
De,10,0.029387563183260846
etc,10,0.029387563183260846
Vila,10,0.029387563183260846
Praça,10,0.029387563183260846
4,9,0.02644880686493476
Angola,9,0.02644880686493476
qualidade,9,0.02644880686493476
têm,9,0.02644880686493476
pé,9,0.02644880686493476
simples,9,0.02644880686493476
empresa,9,0.02644880686493476
6,9,0.02644880686493476
barco,9,0.02644880686493476
encontra,9,0.02644880686493476
turístico,9,0.02644880686493476
disso,9,0.02644880686493476
estrangeiros,9,0.02644880686493476
aqui,9,0.02644880686493476
praias,9,0.02644880686493476
moeda,9,0.02644880686493476
15,9,0.02644880686493476
dentro,9,0.02644880686493476
deve,9,0.02644880686493476
Corvo,9,0.02644880686493476
inglês,9,0.02644880686493476
teve,9,0.02644880686493476
opção,9,0.02644880686493476
museus,9,0.02644880686493476
mil,9,0.02644880686493476
Esta,9,0.02644880686493476
esta,9,0.02644880686493476
Strip,9,0.02644880686493476
dinheiro,9,0.02644880686493476
Mas,9,0.02644880686493476
enquanto,9,0.02644880686493476
Kiribati,9,0.02644880686493476
Brasília,9,0.02644880686493476
vale,9,0.02644880686493476
quem,9,0.02644880686493476
baixa,9,0.02644880686493476
países,9,0.02644880686493476
públicos,9,0.02644880686493476
construção,9,0.02644880686493476
quase,9,0.02644880686493476
comum,9,0.02644880686493476
partes,9,0.02644880686493476
Estes,9,0.02644880686493476
quer,9,0.02644880686493476
viajantes,9,0.02644880686493476
número,9,0.02644880686493476
Lhasa,9,0.02644880686493476
julho,9,0.02644880686493476
trens,9,0.02644880686493476
caminho,9,0.02644880686493476
Após,9,0.02644880686493476
Vicente,8,0.023510050546608676
Algumas,8,0.023510050546608676
Aljezur,8,0.023510050546608676
início,8,0.023510050546608676
Além,8,0.023510050546608676
estava,8,0.023510050546608676
Líbia,8,0.023510050546608676
origem,8,0.023510050546608676
outra,8,0.023510050546608676
nenhum,8,0.023510050546608676
antiga,8,0.023510050546608676
cidadãos,8,0.023510050546608676
chegam,8,0.023510050546608676
Entre,8,0.023510050546608676
Como,8,0.023510050546608676
Arte,8,0.023510050546608676
pontos,8,0.023510050546608676
seja,8,0.023510050546608676
próxima,8,0.023510050546608676
será,8,0.023510050546608676
Raposo,8,0.023510050546608676
famosa,8,0.023510050546608676
km&lt;sup&gt;2&lt;/sup&gt,8,0.023510050546608676
terá,8,0.023510050546608676
Andorra,8,0.023510050546608676
UTC,8,0.023510050546608676
estes,8,0.023510050546608676
Paz,8,0.023510050546608676
maiores,8,0.023510050546608676
única,8,0.023510050546608676
variam,8,0.023510050546608676
seguro,8,0.023510050546608676
destinos,8,0.023510050546608676
si,8,0.023510050546608676
segunda,8,0.023510050546608676
diversos,8,0.023510050546608676
):,8,0.023510050546608676
Aparecida,8,0.023510050546608676
cerveja,8,0.023510050546608676
nacional,8,0.023510050546608676
barata,8,0.023510050546608676
25,8,0.023510050546608676
num,8,0.023510050546608676
Lisboa,8,0.023510050546608676
apesar,8,0.023510050546608676
Cidade,8,0.023510050546608676
Miguel,8,0.023510050546608676
actualmente,8,0.023510050546608676
antigas,8,0.023510050546608676
imagemtamanho1=22,8,0.023510050546608676
começa,8,0.023510050546608676
João,8,0.023510050546608676
Ko,8,0.023510050546608676
tal,8,0.023510050546608676
porto,8,0.023510050546608676
Tavares,8,0.023510050546608676
arco,8,0.023510050546608676
Século,8,0.023510050546608676
terminal,8,0.023510050546608676
Tem,8,0.023510050546608676
lá,8,0.023510050546608676
imagem,8,0.023510050546608676
Paris,7,0.02057129422828259
todo,7,0.02057129422828259
Mar,7,0.02057129422828259
distância,7,0.02057129422828259
minutos,7,0.02057129422828259
mor,7,0.02057129422828259
beber,7,0.02057129422828259
quantidade,7,0.02057129422828259
empresas,7,0.02057129422828259
sob,7,0.02057129422828259
aldeia,7,0.02057129422828259
incluem,7,0.02057129422828259
África,7,0.02057129422828259
lo,7,0.02057129422828259
religião,7,0.02057129422828259
cruzeiro,7,0.02057129422828259
gregos,7,0.02057129422828259
leva,7,0.02057129422828259
bilhetes,7,0.02057129422828259
be,7,0.02057129422828259
cornija,7,0.02057129422828259
Hoje,7,0.02057129422828259
Costa,7,0.02057129422828259
Egipto,7,0.02057129422828259
território,7,0.02057129422828259
Agadir,7,0.02057129422828259
Abrolhos,7,0.02057129422828259
Cuba,7,0.02057129422828259
público,7,0.02057129422828259
arroz,7,0.02057129422828259
horários,7,0.02057129422828259
ficam,7,0.02057129422828259
industrial,7,0.02057129422828259
assim,7,0.02057129422828259
m,7,0.02057129422828259
2006,7,0.02057129422828259
provavelmente,7,0.02057129422828259
poderá,7,0.02057129422828259
saída,7,0.02057129422828259
meses,7,0.02057129422828259
Cristalina,7,0.02057129422828259
corpo,7,0.02057129422828259
língua,7,0.02057129422828259
difícil,7,0.02057129422828259
informações,7,0.02057129422828259
sede,7,0.02057129422828259
Maria,7,0.02057129422828259
Cotia,7,0.02057129422828259
inglês|inglês,7,0.02057129422828259
influência,7,0.02057129422828259
pequenos,7,0.02057129422828259
mercado,7,0.02057129422828259
Image,7,0.02057129422828259
pratos,7,0.02057129422828259
comboio,7,0.02057129422828259
Estação,7,0.02057129422828259
novo,7,0.02057129422828259
torna,7,0.02057129422828259
XVIII,7,0.02057129422828259
carne,7,0.02057129422828259
Rua,7,0.02057129422828259
localizado,7,0.02057129422828259
$,7,0.02057129422828259
Gonçalo,7,0.02057129422828259
forte,7,0.02057129422828259
agradáveis,7,0.02057129422828259
José,7,0.02057129422828259
cultural,7,0.02057129422828259
séculos,7,0.02057129422828259
árabe,7,0.02057129422828259
nível,7,0.02057129422828259
avenida,7,0.02057129422828259
romanos,7,0.02057129422828259
frio,7,0.02057129422828259
chineses,7,0.02057129422828259
param,7,0.02057129422828259
Mediterrâneo,7,0.02057129422828259
pescadores,7,0.02057129422828259
Linha,7,0.02057129422828259
on,7,0.02057129422828259
mergulho,7,0.02057129422828259
11,7,0.02057129422828259
europeus,7,0.02057129422828259
trem,7,0.02057129422828259
médio,7,0.02057129422828259
bandeira,7,0.02057129422828259
viajar,7,0.02057129422828259
barato,7,0.02057129422828259
tradicional,7,0.02057129422828259
oriental,7,0.02057129422828259
alugar,7,0.02057129422828259
chamada,7,0.02057129422828259
turca,6,0.017632537909956506
região2itens=,6,0.017632537909956506
XIX,6,0.017632537909956506
12,6,0.017632537909956506
inverno,6,0.017632537909956506
passa,6,0.017632537909956506
casa,6,0.017632537909956506
quiser,6,0.017632537909956506
região1itens=,6,0.017632537909956506
atividades,6,0.017632537909956506
espaço,6,0.017632537909956506
150,6,0.017632537909956506
carros,6,0.017632537909956506
áreas,6,0.017632537909956506
Air,6,0.017632537909956506
Aqui,6,0.017632537909956506
est,6,0.017632537909956506
apontado,6,0.017632537909956506
la,6,0.017632537909956506
Av,6,0.017632537909956506
tipos,6,0.017632537909956506
Havana,6,0.017632537909956506
escolas,6,0.017632537909956506
frequentemente,6,0.017632537909956506
50,6,0.017632537909956506
interessantes,6,0.017632537909956506
começou,6,0.017632537909956506
central,6,0.017632537909956506
quais,6,0.017632537909956506
paisagens,6,0.017632537909956506
vem,6,0.017632537909956506
Uma,6,0.017632537909956506
coisas,6,0.017632537909956506
construídas,6,0.017632537909956506
the,6,0.017632537909956506
passam,6,0.017632537909956506
alto,6,0.017632537909956506
fusohorário,6,0.017632537909956506
oeste,6,0.017632537909956506
Alaska,6,0.017632537909956506
mapa,6,0.017632537909956506
preciso,6,0.017632537909956506
abaixo,6,0.017632537909956506
único,6,0.017632537909956506
acesso,6,0.017632537909956506
Krabi,6,0.017632537909956506
história,6,0.017632537909956506
região4itens=,6,0.017632537909956506
Airlines,6,0.017632537909956506
Flores,6,0.017632537909956506
Você,6,0.017632537909956506
municipal,6,0.017632537909956506
frente,6,0.017632537909956506
porte,6,0.017632537909956506
Bolívia,6,0.017632537909956506
longe,6,0.017632537909956506
circular,6,0.017632537909956506
Muitas,6,0.017632537909956506
Korolev,6,0.017632537909956506
agradável,6,0.017632537909956506
Serra,6,0.017632537909956506
igreja,6,0.017632537909956506
S,6,0.017632537909956506
russos,6,0.017632537909956506
popular,6,0.017632537909956506
incluindo,6,0.017632537909956506
Existe,6,0.017632537909956506
começar,6,0.017632537909956506
comboios,6,0.017632537909956506
importância,6,0.017632537909956506
antigo,6,0.017632537909956506
devem,6,0.017632537909956506
água,6,0.017632537909956506
mercados,6,0.017632537909956506
resorts,6,0.017632537909956506
guia,6,0.017632537909956506
8,6,0.017632537909956506
á,6,0.017632537909956506
tão,6,0.017632537909956506
lt;!--,6,0.017632537909956506
300,6,0.017632537909956506
horário,6,0.017632537909956506
Highway,6,0.017632537909956506
partem,6,0.017632537909956506
Categoria,6,0.017632537909956506
região5itens=,6,0.017632537909956506
map.png,6,0.017632537909956506
custa,6,0.017632537909956506
Luanda,6,0.017632537909956506
comprar,6,0.017632537909956506
geralmente,6,0.017632537909956506
oferecem,6,0.017632537909956506
cultura,6,0.017632537909956506
Goiás,6,0.017632537909956506
quanto,6,0.017632537909956506
dá,6,0.017632537909956506
veículos,6,0.017632537909956506
Municipal,6,0.017632537909956506
parque,6,0.017632537909956506
variedade,6,0.017632537909956506
tanto,6,0.017632537909956506
comerciais,6,0.017632537909956506
alguma,6,0.017632537909956506
estudantes,6,0.017632537909956506
porém,6,0.017632537909956506
Praia,6,0.017632537909956506
encontrará,6,0.017632537909956506
oportunidade,6,0.017632537909956506
águas,6,0.017632537909956506
Pico,6,0.017632537909956506
Turismo,6,0.017632537909956506
normalmente,6,0.017632537909956506
Rica,6,0.017632537909956506
bons,6,0.017632537909956506
caro,6,0.017632537909956506
rodoviário,6,0.017632537909956506
dar,6,0.017632537909956506
Espanha,6,0.017632537909956506
terra,6,0.017632537909956506
situa,6,0.017632537909956506
música,6,0.017632537909956506
mar,6,0.017632537909956506
Street,6,0.017632537909956506
importantes,6,0.017632537909956506
N,6,0.017632537909956506
grupo,6,0.017632537909956506
museu,6,0.017632537909956506
Pedro,6,0.017632537909956506
ligações,6,0.017632537909956506
atracção,6,0.017632537909956506
sair,6,0.017632537909956506
outubro,6,0.017632537909956506
momentos,6,0.017632537909956506
estiver,6,0.017632537909956506
região3itens=,6,0.017632537909956506
geral,5,0.014693781591630423
encontram,5,0.014693781591630423
Janeiro,5,0.014693781591630423
somente,5,0.014693781591630423
oficiais,5,0.014693781591630423
transportes,5,0.014693781591630423
ferroviária,5,0.014693781591630423
rota,5,0.014693781591630423
cachorrada,5,0.014693781591630423
necessidade,5,0.014693781591630423
América,5,0.014693781591630423
Tenha,5,0.014693781591630423
VIAÇÃO,5,0.014693781591630423
frutas,5,0.014693781591630423
contato,5,0.014693781591630423
Aeroporto,5,0.014693781591630423
Cirenaica,5,0.014693781591630423
quentes,5,0.014693781591630423
Vladivostok,5,0.014693781591630423
cedo,5,0.014693781591630423
altura,5,0.014693781591630423
pedir,5,0.014693781591630423
novembro,5,0.014693781591630423
Dores,5,0.014693781591630423
circulação,5,0.014693781591630423
Faial,5,0.014693781591630423
servido,5,0.014693781591630423
quente,5,0.014693781591630423
parques,5,0.014693781591630423
alternativa,5,0.014693781591630423
Oriente,5,0.014693781591630423
60,5,0.014693781591630423
menord1,5,0.014693781591630423
espacial,5,0.014693781591630423
praticamente,5,0.014693781591630423
for,5,0.014693781591630423
secção,5,0.014693781591630423
vendem,5,0.014693781591630423
diários,5,0.014693781591630423
serve,5,0.014693781591630423
União,5,0.014693781591630423
tipo,5,0.014693781591630423
seco,5,0.014693781591630423
milhões,5,0.014693781591630423
atrações,5,0.014693781591630423
ela,5,0.014693781591630423
doces,5,0.014693781591630423
português,5,0.014693781591630423
nova,5,0.014693781591630423
doçaria,5,0.014693781591630423
composta,5,0.014693781591630423
castelo,5,0.014693781591630423
pegar,5,0.014693781591630423
considerado,5,0.014693781591630423
Panamá,5,0.014693781591630423
Tao,5,0.014693781591630423
temperaturas,5,0.014693781591630423
natural,5,0.014693781591630423
janeiro,5,0.014693781591630423
elas,5,0.014693781591630423
recebe,5,0.014693781591630423
porta,5,0.014693781591630423
tendo,5,0.014693781591630423
will,5,0.014693781591630423
Ao,5,0.014693781591630423
relativamente,5,0.014693781591630423
baratos,5,0.014693781591630423
ponte,5,0.014693781591630423
russo,5,0.014693781591630423
funciona,5,0.014693781591630423
antecedência,5,0.014693781591630423
interior,5,0.014693781591630423
internacional,5,0.014693781591630423
mudança,5,0.014693781591630423
atrás,5,0.014693781591630423
Porém,5,0.014693781591630423
agosto,5,0.014693781591630423
rodovia,5,0.014693781591630423
percurso,5,0.014693781591630423
Maio,5,0.014693781591630423
Já,5,0.014693781591630423
região3nome,5,0.014693781591630423
Museu,5,0.014693781591630423
Quem,5,0.014693781591630423
el,5,0.014693781591630423
excepto,5,0.014693781591630423
beleza,5,0.014693781591630423
marinas,5,0.014693781591630423
distrito,5,0.014693781591630423
Tâmega,5,0.014693781591630423
casinos,5,0.014693781591630423
Abril,5,0.014693781591630423
13,5,0.014693781591630423
Lenina,5,0.014693781591630423
redor,5,0.014693781591630423
Eles,5,0.014693781591630423
esse,5,0.014693781591630423
tomar,5,0.014693781591630423
data,5,0.014693781591630423
motorista,5,0.014693781591630423
usando,5,0.014693781591630423
peças,5,0.014693781591630423
cheia,5,0.014693781591630423
ferry,5,0.014693781591630423
Alguns,5,0.014693781591630423
nesta,5,0.014693781591630423
próximos,5,0.014693781591630423
imagem1,5,0.014693781591630423
passagem,5,0.014693781591630423
cubano,5,0.014693781591630423
ocidental,5,0.014693781591630423
estilo,5,0.014693781591630423
},5,0.014693781591630423
após,5,0.014693781591630423
km²,5,0.014693781591630423
situado,5,0.014693781591630423
praia,5,0.014693781591630423
40,5,0.014693781591630423
direção,5,0.014693781591630423
gastronomia,5,0.014693781591630423
passeio,5,0.014693781591630423
obter,5,0.014693781591630423
Hotel,5,0.014693781591630423
embaixadas,5,0.014693781591630423
jovens,5,0.014693781591630423
cêntimos,5,0.014693781591630423
coisa,5,0.014693781591630423
António,5,0.014693781591630423
encontrado,5,0.014693781591630423
Alto,5,0.014693781591630423
not,5,0.014693781591630423
torno,5,0.014693781591630423
deu,5,0.014693781591630423
oferece,5,0.014693781591630423
edifícios,5,0.014693781591630423
oficialmente,5,0.014693781591630423
bacalhau,5,0.014693781591630423
monumentos,5,0.014693781591630423
sofre,5,0.014693781591630423
menore1,5,0.014693781591630423
maiord1,5,0.014693781591630423
and,5,0.014693781591630423
região1nome,5,0.014693781591630423
província,5,0.014693781591630423
região2nome,5,0.014693781591630423
localizados,5,0.014693781591630423
Algarve,5,0.014693781591630423
Goiânia,5,0.014693781591630423
...,5,0.014693781591630423
servida,5,0.014693781591630423
considerada,5,0.014693781591630423
situada,5,0.014693781591630423
regime,5,0.014693781591630423
vistos,5,0.014693781591630423
baht,5,0.014693781591630423
eléctricos,5,0.014693781591630423
moedas,5,0.014693781591630423
destacam,5,0.014693781591630423
tenha,5,0.014693781591630423
chinesa,5,0.014693781591630423
porque,5,0.014693781591630423
estar,5,0.014693781591630423
Jorge,5,0.014693781591630423
estações,5,0.014693781591630423
Ilha,5,0.014693781591630423
feira,5,0.014693781591630423
Dh,5,0.014693781591630423
direçãoe1,5,0.014693781591630423
maiore1,5,0.014693781591630423
saúde,5,0.014693781591630423
poucos,5,0.014693781591630423
beira,5,0.014693781591630423
meados,5,0.014693781591630423
Terceira,5,0.014693781591630423
primeira,5,0.014693781591630423
aí,5,0.014693781591630423
visita,5,0.014693781591630423
Mesmo,5,0.014693781591630423
semana,5,0.014693781591630423
I,5,0.014693781591630423
can,5,0.014693781591630423
acessíveis,5,0.014693781591630423
trânsito,5,0.014693781591630423
lazer,4,0.011755025273304338
Pequim,4,0.011755025273304338
milhares,4,0.011755025273304338
controle,4,0.011755025273304338
reformas,4,0.011755025273304338
taxa,4,0.011755025273304338
região4descrição=,4,0.011755025273304338
restaurante,4,0.011755025273304338
baixo,4,0.011755025273304338
reserva,4,0.011755025273304338
ordem,4,0.011755025273304338
Nossa,4,0.011755025273304338
frequente,4,0.011755025273304338
serem,4,0.011755025273304338
Bolshevo,4,0.011755025273304338
identidade,4,0.011755025273304338
21,4,0.011755025273304338
permite,4,0.011755025273304338
possuiu,4,0.011755025273304338
ferrys,4,0.011755025273304338
0,4,0.011755025273304338
Canadá,4,0.011755025273304338
região4nome,4,0.011755025273304338
Todos,4,0.011755025273304338
31,4,0.011755025273304338
descer,4,0.011755025273304338
eletricidade=220V/50Hz,4,0.011755025273304338
destaque,4,0.011755025273304338
especialidades,4,0.011755025273304338
conservação,4,0.011755025273304338
telefone,4,0.011755025273304338
facilmente,4,0.011755025273304338
procurando,4,0.011755025273304338
francês,4,0.011755025273304338
equipamentos,4,0.011755025273304338
cruzeiros,4,0.011755025273304338
autoridades,4,0.011755025273304338
jogos,4,0.011755025273304338
zona,4,0.011755025273304338
jardins,4,0.011755025273304338
base,4,0.011755025273304338
Soares,4,0.011755025273304338
aconselhável,4,0.011755025273304338
manhã,4,0.011755025273304338
interessante,4,0.011755025273304338
feiras,4,0.011755025273304338
Gondar,4,0.011755025273304338
Abeba,4,0.011755025273304338
Inverno,4,0.011755025273304338
Tejo,4,0.011755025273304338
Amurski,4,0.011755025273304338
segura,4,0.011755025273304338
naturais,4,0.011755025273304338
II,4,0.011755025273304338
33,4,0.011755025273304338
R$,4,0.011755025273304338
operação,4,0.011755025273304338
conexão,4,0.011755025273304338
essa,4,0.011755025273304338
te,4,0.011755025273304338
Alexandre,4,0.011755025273304338
andar,4,0.011755025273304338
taxi,4,0.011755025273304338
Mundial,4,0.011755025273304338
in,4,0.011755025273304338
isto,4,0.011755025273304338
explorador,4,0.011755025273304338
Cinfães&lt;br,4,0.011755025273304338
deserto,4,0.011755025273304338
US,4,0.011755025273304338
opera,4,0.011755025273304338
irá,4,0.011755025273304338
apresenta,4,0.011755025273304338
grupos,4,0.011755025273304338
interesse,4,0.011755025273304338
Pantanal,4,0.011755025273304338
Idris,4,0.011755025273304338
usa,4,0.011755025273304338
Rica.svg|100px,4,0.011755025273304338
dança,4,0.011755025273304338
Outra,4,0.011755025273304338
sea,4,0.011755025273304338
seguir,4,0.011755025273304338
nordeste,4,0.011755025273304338
numa,4,0.011755025273304338
fechada,4,0.011755025273304338
Senhora,4,0.011755025273304338
conjunto,4,0.011755025273304338
arquivoltas,4,0.011755025273304338
D.,4,0.011755025273304338
comercial,4,0.011755025273304338
fim,4,0.011755025273304338
britânica,4,0.011755025273304338
quilômetros,4,0.011755025273304338
vistas,4,0.011755025273304338
Ônibus,4,0.011755025273304338
Paulista,4,0.011755025273304338
Dia,4,0.011755025273304338
imperdível,4,0.011755025273304338
direçãod1,4,0.011755025273304338
Tipologia,4,0.011755025273304338
Localização,4,0.011755025273304338
impossível,4,0.011755025273304338
falam,4,0.011755025273304338
moto,4,0.011755025273304338
franceses,4,0.011755025273304338
Pinto,4,0.011755025273304338
Sudoeste,4,0.011755025273304338
Granja,4,0.011755025273304338
Feira,4,0.011755025273304338
direcção,4,0.011755025273304338
mini,4,0.011755025273304338
basicamente,4,0.011755025273304338
Pacífico,4,0.011755025273304338
experimentar,4,0.011755025273304338
chove,4,0.011755025273304338
arredores,4,0.011755025273304338
topo,4,0.011755025273304338
último,4,0.011755025273304338
Situada,4,0.011755025273304338
chegaram,4,0.011755025273304338
destes,4,0.011755025273304338
cuidado,4,0.011755025273304338
partida,4,0.011755025273304338
belas,4,0.011755025273304338
Durante,4,0.011755025273304338
L,4,0.011755025273304338
Campo,4,0.011755025273304338
1974,4,0.011755025273304338
bebida,4,0.011755025273304338
peixes,4,0.011755025273304338
cristais,4,0.011755025273304338
Cristais,4,0.011755025273304338
composto,4,0.011755025273304338
recentemente,4,0.011755025273304338
custam,4,0.011755025273304338
Francisco,4,0.011755025273304338
Estado,4,0.011755025273304338
lembranças,4,0.011755025273304338
falando,4,0.011755025273304338
Casa,4,0.011755025273304338
histórico,4,0.011755025273304338
voo,4,0.011755025273304338
Rodovia,4,0.011755025273304338
Tripolitânia,4,0.011755025273304338
frango,4,0.011755025273304338
turísticas,4,0.011755025273304338
sítio,4,0.011755025273304338
americanas,4,0.011755025273304338
sábado,4,0.011755025273304338
militar,4,0.011755025273304338
conduzir,4,0.011755025273304338
–,4,0.011755025273304338
cassinos,4,0.011755025273304338
elevada,4,0.011755025273304338
liga,4,0.011755025273304338
diversão,4,0.011755025273304338
Tanto,4,0.011755025273304338
bicicletas,4,0.011755025273304338
fuso,4,0.011755025273304338
acordo,4,0.011755025273304338
Possui,4,0.011755025273304338
Avenida,4,0.011755025273304338
23,4,0.011755025273304338
Mombaça,4,0.011755025273304338
Melinde,4,0.011755025273304338
The,4,0.011755025273304338
sentido,4,0.011755025273304338
--&gt,4,0.011755025273304338
Português,4,0.011755025273304338
PT.svg,4,0.011755025273304338
populares,4,0.011755025273304338
paisagem,4,0.011755025273304338
deixe,4,0.011755025273304338
praça,4,0.011755025273304338
autorização,4,0.011755025273304338
ruínas,4,0.011755025273304338
+2,4,0.011755025273304338
Universidade,4,0.011755025273304338
total,4,0.011755025273304338
seis,4,0.011755025273304338
povoação,4,0.011755025273304338
turísticos,4,0.011755025273304338
Trans,4,0.011755025273304338
posto,4,0.011755025273304338
Jardim,4,0.011755025273304338
cubanos,4,0.011755025273304338
seção,4,0.011755025273304338
temperado,4,0.011755025273304338
casos,4,0.011755025273304338
fundada,4,0.011755025273304338
M8,4,0.011755025273304338
final,4,0.011755025273304338
Graciosa,4,0.011755025273304338
estruturas,4,0.011755025273304338
seguintes,4,0.011755025273304338
arranjar,4,0.011755025273304338
ideal,4,0.011755025273304338
3ª,4,0.011755025273304338
Rio,4,0.011755025273304338
Outras,4,0.011755025273304338
comunidade,4,0.011755025273304338
seca,4,0.011755025273304338
passaporte,4,0.011755025273304338
quatro,4,0.011755025273304338
pré,4,0.011755025273304338
CUC,4,0.011755025273304338
palco,4,0.011755025273304338
dhow,4,0.011755025273304338
crescimento,4,0.011755025273304338
livre,4,0.011755025273304338
trecho,4,0.011755025273304338
pagos,4,0.011755025273304338
relaxar,4,0.011755025273304338
avião,4,0.011755025273304338
Unidos,4,0.011755025273304338
1980,4,0.011755025273304338
expansão,4,0.011755025273304338
imposto,4,0.011755025273304338
visitada,4,0.011755025273304338
região6itens=,4,0.011755025273304338
espaços,4,0.011755025273304338
região2descrição=,4,0.011755025273304338
seria,4,0.011755025273304338
culturais,4,0.011755025273304338
região6descrição=,4,0.011755025273304338
França,4,0.011755025273304338
brasileira,4,0.011755025273304338
lampreia,4,0.011755025273304338
ligação,4,0.011755025273304338
Este,4,0.011755025273304338
+1,4,0.011755025273304338
Aldeia,4,0.011755025273304338
povo,4,0.011755025273304338
hotel,4,0.011755025273304338
delícia,4,0.011755025273304338
imagem=,4,0.011755025273304338
Veja,4,0.011755025273304338
imigração,4,0.011755025273304338
km2,4,0.011755025273304338
ele,4,0.011755025273304338
largo,4,0.011755025273304338
trajeto,4,0.011755025273304338
região5nome,4,0.011755025273304338
romanas,4,0.011755025273304338
estas,4,0.011755025273304338
torre,4,0.011755025273304338
povos,4,0.011755025273304338
completamente,4,0.011755025273304338
ocupação,4,0.011755025273304338
vendedores,4,0.011755025273304338
Desde,4,0.011755025273304338
LE,4,0.011755025273304338
nem,4,0.011755025273304338
seguida,4,0.011755025273304338
Ásia,4,0.011755025273304338
Europa,4,0.011755025273304338
colonização,4,0.011755025273304338
tráfego,4,0.011755025273304338
Cinfães,4,0.011755025273304338
região1descrição,4,0.011755025273304338
soviético,4,0.011755025273304338
Santos,4,0.011755025273304338
feito,4,0.011755025273304338
dura,4,0.011755025273304338
prato,4,0.011755025273304338
Outubro,4,0.011755025273304338
particularmente,4,0.011755025273304338
significa,4,0.011755025273304338
bibliotecas,4,0.011755025273304338
famosos,4,0.011755025273304338
Faro,4,0.011755025273304338
problemas,4,0.011755025273304338
Nos,4,0.011755025273304338
deixa,3,0.008816268954978253
2008,3,0.008816268954978253
actividades,3,0.008816268954978253
falar,3,0.008816268954978253
rica,3,0.008816268954978253
nenhuma,3,0.008816268954978253
Sempre,3,0.008816268954978253
condições,3,0.008816268954978253
Junho,3,0.008816268954978253
Climaticamente,3,0.008816268954978253
rápido,3,0.008816268954978253
árabes,3,0.008816268954978253
vice,3,0.008816268954978253
diárias,3,0.008816268954978253
sai,3,0.008816268954978253
interurbanos,3,0.008816268954978253
18h00,3,0.008816268954978253
Taxi,3,0.008816268954978253
parece,3,0.008816268954978253
região5descrição,3,0.008816268954978253
tornam,3,0.008816268954978253
Escamarão,3,0.008816268954978253
Galeria,3,0.008816268954978253
certeza,3,0.008816268954978253
demora,3,0.008816268954978253
maioritariamente,3,0.008816268954978253
cabrito,3,0.008816268954978253
boliviana,3,0.008816268954978253
parada,3,0.008816268954978253
disponíveis,3,0.008816268954978253
Estas,3,0.008816268954978253
100,3,0.008816268954978253
zonas,3,0.008816268954978253
cara,3,0.008816268954978253
conectam,3,0.008816268954978253
especialmente,3,0.008816268954978253
consertos,3,0.008816268954978253
friso,3,0.008816268954978253
riacho,3,0.008816268954978253
18,3,0.008816268954978253
íngremes,3,0.008816268954978253
bicicleta,3,0.008816268954978253
planeta,3,0.008816268954978253
disposição,3,0.008816268954978253
exemplo,3,0.008816268954978253
Assim,3,0.008816268954978253
portuguesas,3,0.008816268954978253
dependendo,3,0.008816268954978253
ocorre,3,0.008816268954978253
Vale,3,0.008816268954978253
ouvir,3,0.008816268954978253
Grupo,3,0.008816268954978253
economia,3,0.008816268954978253
rodoviária,3,0.008816268954978253
diversidade,3,0.008816268954978253
criada,3,0.008816268954978253
€,3,0.008816268954978253
sol,3,0.008816268954978253
quarto,3,0.008816268954978253
especial,3,0.008816268954978253
explorar,3,0.008816268954978253
Posto,3,0.008816268954978253
contacto,3,0.008816268954978253
brasileiro,3,0.008816268954978253
Cristo,3,0.008816268954978253
cafés,3,0.008816268954978253
carga,3,0.008816268954978253
Todas,3,0.008816268954978253
predominante,3,0.008816268954978253
anual,3,0.008816268954978253
Normalmente,3,0.008816268954978253
sido,3,0.008816268954978253
Rei,3,0.008816268954978253
passando,3,0.008816268954978253
oferecer,3,0.008816268954978253
lateral,3,0.008816268954978253
chega,3,0.008816268954978253
símbolo,3,0.008816268954978253
Santista,3,0.008816268954978253
excelentes,3,0.008816268954978253
relações,3,0.008816268954978253
Nang,3,0.008816268954978253
moderno,3,0.008816268954978253
existindo,3,0.008816268954978253
plástico,3,0.008816268954978253
Voos,3,0.008816268954978253
domésticos,3,0.008816268954978253
veja,3,0.008816268954978253
sineira,3,0.008816268954978253
Estrada,3,0.008816268954978253
feita,3,0.008816268954978253
reconhecida,3,0.008816268954978253
navios,3,0.008816268954978253
Sidi,3,0.008816268954978253
13h00,3,0.008816268954978253
Anchieta,3,0.008816268954978253
portos,3,0.008816268954978253
recreio,3,0.008816268954978253
Delgada,3,0.008816268954978253
Kong,3,0.008816268954978253
cabeça,3,0.008816268954978253
chavito,3,0.008816268954978253
obrigatória,3,0.008816268954978253
Tailândia,3,0.008816268954978253
formas,3,0.008816268954978253
XX,3,0.008816268954978253
Mondego,3,0.008816268954978253
Teatro,3,0.008816268954978253
apreciar,3,0.008816268954978253
destina,3,0.008816268954978253
inclusão,3,0.008816268954978253
portal,3,0.008816268954978253
Imigrantes,3,0.008816268954978253
Santiago,3,0.008816268954978253
Cada,3,0.008816268954978253
Chongqing,3,0.008816268954978253
mente,3,0.008816268954978253
16,3,0.008816268954978253
peça,3,0.008816268954978253
razão,3,0.008816268954978253
lanchas,3,0.008816268954978253
histórica,3,0.008816268954978253
bairro,3,0.008816268954978253
Terra,3,0.008816268954978253
Aérea,3,0.008816268954978253
chinês,3,0.008816268954978253
shows,3,0.008816268954978253
longa,3,0.008816268954978253
perder,3,0.008816268954978253
massa,3,0.008816268954978253
litoral,3,0.008816268954978253
práticas,3,0.008816268954978253
volumes,3,0.008816268954978253
17,3,0.008816268954978253
americano,3,0.008816268954978253
exceto,3,0.008816268954978253
peso,3,0.008816268954978253
eram,3,0.008816268954978253
Real,3,0.008816268954978253
lavanderias,3,0.008816268954978253
XII,3,0.008816268954978253
Nave,3,0.008816268954978253
Basílica,3,0.008816268954978253
crédito,3,0.008816268954978253
Ciências,3,0.008816268954978253
metade,3,0.008816268954978253
soluções,3,0.008816268954978253
cruzes,3,0.008816268954978253
Tibete,3,0.008816268954978253
Região,3,0.008816268954978253
À,3,0.008816268954978253
boas,3,0.008816268954978253
saindo,3,0.008816268954978253
usufruir,3,0.008816268954978253
banheiros,3,0.008816268954978253
poucas,3,0.008816268954978253
Macau,3,0.008816268954978253
Depois,3,0.008816268954978253
arquitetura)|nave,3,0.008816268954978253
Lei,3,0.008816268954978253
localiza,3,0.008816268954978253
diferente,3,0.008816268954978253
acessível,3,0.008816268954978253
Kiwayu,3,0.008816268954978253
trabalham,3,0.008816268954978253
crime,3,0.008816268954978253
Natal,3,0.008816268954978253
podemos,3,0.008816268954978253
atração,3,0.008816268954978253
conhecer,3,0.008816268954978253
presença,3,0.008816268954978253
impostas,3,0.008816268954978253
marcas,3,0.008816268954978253
regionais,3,0.008816268954978253
velharias,3,0.008816268954978253
necessidades,3,0.008816268954978253
nº,3,0.008816268954978253
planta,3,0.008816268954978253
fez,3,0.008816268954978253
velocidade,3,0.008816268954978253
bíblias,3,0.008816268954978253
dispõem,3,0.008816268954978253
resto,3,0.008816268954978253
constante,3,0.008816268954978253
III,3,0.008816268954978253
Nova,3,0.008816268954978253
Pela,3,0.008816268954978253
educacionais,3,0.008816268954978253
nacionais,3,0.008816268954978253
consulados,3,0.008816268954978253
lusófonos,3,0.008816268954978253
sexta,3,0.008816268954978253
Casas,3,0.008816268954978253
alugam,3,0.008816268954978253
dependências,3,0.008816268954978253
expatriados,3,0.008816268954978253
-5,3,0.008816268954978253
essencialmente,3,0.008816268954978253
mesma,3,0.008816268954978253
pista,3,0.008816268954978253
contrário,3,0.008816268954978253
pastelarias,3,0.008816268954978253
dividido,3,0.008816268954978253
luxo,3,0.008816268954978253
universidades,3,0.008816268954978253
regularmente,3,0.008816268954978253
precipitação,3,0.008816268954978253
bar,3,0.008816268954978253
Caliços,3,0.008816268954978253
típico,3,0.008816268954978253
refeição,3,0.008816268954978253
metros,3,0.008816268954978253
margens,3,0.008816268954978253
espalhados,3,0.008816268954978253
desfrutar,3,0.008816268954978253
sudeste,3,0.008816268954978253
Nevada,3,0.008816268954978253
devotos,3,0.008816268954978253
9,3,0.008816268954978253
bancas,3,0.008816268954978253
turco,3,0.008816268954978253
usada,3,0.008816268954978253
comunicação,3,0.008816268954978253
coletivo,3,0.008816268954978253
complexos,3,0.008816268954978253
espetáculos,3,0.008816268954978253
concluída,3,0.008816268954978253
bufês,3,0.008816268954978253
saem,3,0.008816268954978253
Italiana,3,0.008816268954978253
|fusohorário,3,0.008816268954978253
estrelas,3,0.008816268954978253
Sá,3,0.008816268954978253
jantar,3,0.008816268954978253
SAT,3,0.008816268954978253
viajante,3,0.008816268954978253
precisar,3,0.008816268954978253
condutores,3,0.008816268954978253
raramente,3,0.008816268954978253
modernas,3,0.008816268954978253
000,3,0.008816268954978253
registrada,3,0.008816268954978253
família,3,0.008816268954978253
style,3,0.008816268954978253
graus,3,0.008816268954978253
fábrica,3,0.008816268954978253
setembro,3,0.008816268954978253
90,3,0.008816268954978253
Maior,3,0.008816268954978253
rios,3,0.008816268954978253
1927,3,0.008816268954978253
administrativa,3,0.008816268954978253
diariamente,3,0.008816268954978253
parar,3,0.008816268954978253
Lagos,3,0.008816268954978253
prestam,3,0.008816268954978253
árvores,3,0.008816268954978253
máxima,3,0.008816268954978253
tornar,3,0.008816268954978253
vans,3,0.008816268954978253
Pinto|Serpa,3,0.008816268954978253
Fairbanks,3,0.008816268954978253
Península,3,0.008816268954978253
reúne,3,0.008816268954978253
visitante,3,0.008816268954978253
condado,3,0.008816268954978253
última,3,0.008816268954978253
14,3,0.008816268954978253
alt,3,0.008816268954978253
shopping,3,0.008816268954978253
Viana,3,0.008816268954978253
Sexta,3,0.008816268954978253
acontece,3,0.008816268954978253
bairros,3,0.008816268954978253
Recife,3,0.008816268954978253
ofertas,3,0.008816268954978253
Quase,3,0.008816268954978253
vestígios,3,0.008816268954978253
descida,3,0.008816268954978253
ouro,3,0.008816268954978253
funcionando,3,0.008816268954978253
antigos,3,0.008816268954978253
Paderne,3,0.008816268954978253
caros,3,0.008816268954978253
Embora,3,0.008816268954978253
Européia,3,0.008816268954978253
XVII,3,0.008816268954978253
Caucaia,3,0.008816268954978253
Segunda,3,0.008816268954978253
Sé,3,0.008816268954978253
los,3,0.008816268954978253
Serpa,3,0.008816268954978253
persas,3,0.008816268954978253
fotos,3,0.008816268954978253
mundialmente,3,0.008816268954978253
SP,3,0.008816268954978253
apresentam,3,0.008816268954978253
medieval,3,0.008816268954978253
4690,3,0.008816268954978253
regulares,3,0.008816268954978253
seguinte,3,0.008816268954978253
povoado,3,0.008816268954978253
Anguilla,3,0.008816268954978253
Paraíba,3,0.008816268954978253
7,3,0.008816268954978253
“,3,0.008816268954978253
própria,3,0.008816268954978253
Lesoto,3,0.008816268954978253
altitude,3,0.008816268954978253
experiência,3,0.008816268954978253
valor,3,0.008816268954978253
começando,3,0.008816268954978253
situam,3,0.008816268954978253
bonita,3,0.008816268954978253
Nicarágua,3,0.008816268954978253
Pedroso,3,0.008816268954978253
percorrem,3,0.008816268954978253
essas,3,0.008816268954978253
29,3,0.008816268954978253
|religião,3,0.008816268954978253
Guaratinguetá,3,0.008816268954978253
próprio,3,0.008816268954978253
Maseru,3,0.008816268954978253
endereço,3,0.008816268954978253
portuguesa,3,0.008816268954978253
amarantina,3,0.008816268954978253
contém,3,0.008816268954978253
Douro,3,0.008816268954978253
dizer,3,0.008816268954978253
fortes,3,0.008816268954978253
placas,3,0.008816268954978253
visitas,3,0.008816268954978253
usado,3,0.008816268954978253
engarrafamentos,3,0.008816268954978253
Raml,3,0.008816268954978253
Religiosa,3,0.008816268954978253
Island,3,0.008816268954978253
boat,3,0.008816268954978253
email,3,0.008816268954978253
americana,3,0.008816268954978253
aérea,3,0.008816268954978253
realizam,3,0.008816268954978253
PE,3,0.008816268954978253
tempos,3,0.008816268954978253
rodovias,3,0.008816268954978253
re,3,0.008816268954978253
italianos,3,0.008816268954978253
Situação,3,0.008816268954978253
mostrar,3,0.008816268954978253
Seattle,3,0.008816268954978253
chegadas,3,0.008816268954978253
subúrbios,3,0.008816268954978253
Igreja&lt;br,3,0.008816268954978253
deixar,3,0.008816268954978253
Nas,3,0.008816268954978253
paz,3,0.008816268954978253
presentes,3,0.008816268954978253
militares,3,0.008816268954978253
Roma,3,0.008816268954978253
Dos,3,0.008816268954978253
Tarawa,3,0.008816268954978253
capacidade,3,0.008816268954978253
mínima,3,0.008816268954978253
calcário,3,0.008816268954978253
verdadeira,3,0.008816268954978253
|idioma,3,0.008816268954978253
|bandeira,3,0.008816268954978253
desembarque,3,0.008816268954978253
Paraguai,3,0.008816268954978253
encontramos,3,0.008816268954978253
Montes,3,0.008816268954978253
swimming,3,0.008816268954978253
Line,3,0.008816268954978253
Islands,3,0.008816268954978253
inabitadas,3,0.008816268954978253
Apesar,3,0.008816268954978253
fazendo,3,0.008816268954978253
Guerra,3,0.008816268954978253
deram,3,0.008816268954978253
clássicos,3,0.008816268954978253
vegetação,3,0.008816268954978253
turista,3,0.008816268954978253
Arquitectura,3,0.008816268954978253
construída,3,0.008816268954978253
*,3,0.008816268954978253
Tripoli,3,0.008816268954978253
¥,3,0.008816268954978253
|moeda,3,0.008816268954978253
atraente,3,0.008816268954978253
Itália,3,0.008816268954978253
café,3,0.008816268954978253
planos,3,0.008816268954978253
bizantinos,3,0.008816268954978253
dólares,3,0.008816268954978253
Fronteira,3,0.008816268954978253
corais,3,0.008816268954978253
região3descrição,3,0.008816268954978253
terceira,3,0.008816268954978253
mantêm,3,0.008816268954978253
Árctico,3,0.008816268954978253
estilos,3,0.008816268954978253
|capital,3,0.008816268954978253
|governo,3,0.008816268954978253
habitada,3,0.008816268954978253
or,3,0.008816268954978253
You,3,0.008816268954978253
”,3,0.008816268954978253
Muraviev,3,0.008816268954978253
Latina,3,0.008816268954978253
grego,3,0.008816268954978253
designar,3,0.008816268954978253
Komsomolskaya,3,0.008816268954978253
del,3,0.008816268954978253
operadora,3,0.008816268954978253
pessoa,3,0.008816268954978253
distritos,3,0.008816268954978253
Restaurantes,3,0.008816268954978253
indígena,3,0.008816268954978253
cinfanense,3,0.008816268954978253
grelhado,3,0.008816268954978253
Setembro,3,0.008816268954978253
Raimundo,3,0.008816268954978253
alcançado,3,0.008816268954978253
mapatexto,3,0.008816268954978253
região6nome,3,0.008816268954978253
Centro,3,0.008816268954978253
custar,3,0.008816268954978253
esperar,3,0.008816268954978253
Outeiro,3,0.008816268954978253
pedestres,3,0.008816268954978253
km&lt;sup&gt;2&lt;/sup&gt;&lt;br,3,0.008816268954978253
Marinho,3,0.008816268954978253
reservas,3,0.008816268954978253
frito,3,0.008816268954978253
espécie,3,0.008816268954978253
barcos,3,0.008816268954978253
Idade,3,0.008816268954978253
objectos,3,0.008816268954978253
Guimarães,3,0.008816268954978253
mãos,3,0.008816268954978253
Alaskan,3,0.008816268954978253
South,3,0.008816268954978253
Ussuri,3,0.008816268954978253
Sudeste,3,0.008816268954978253
simplesmente,3,0.008816268954978253
directos,3,0.008816268954978253
Almeida,3,0.008816268954978253
espanhol|Espanhol,3,0.008816268954978253
super,3,0.008816268954978253
aceitar,3,0.008816268954978253
Meteor,3,0.008816268954978253
clubes,3,0.008816268954978253
desenvolveu,3,0.008816268954978253
vende,3,0.008816268954978253
atualmente,3,0.008816268954978253
sentimento,3,0.008816268954978253
acabar,3,0.008816268954978253
propriamente,3,0.008816268954978253
IATA,3,0.008816268954978253
invernos,3,0.008816268954978253
veículo,3,0.008816268954978253
Arqueologia,3,0.008816268954978253
Londres,3,0.008816268954978253
caminhos,3,0.008816268954978253
guias,3,0.008816268954978253
uso,3,0.008816268954978253
operadoras,3,0.008816268954978253
Siberiana,3,0.008816268954978253
frequentes,3,0.008816268954978253
chuvas,3,0.008816268954978253
inglesa,3,0.008816268954978253
oceano,3,0.008816268954978253
levar,3,0.008816268954978253
milho,3,0.008816268954978253
Estádio,3,0.008816268954978253
tamanho,3,0.008816268954978253
húmido,3,0.008816268954978253
[,3,0.008816268954978253
gente,3,0.008816268954978253
região2descrição,3,0.008816268954978253
preservada,3,0.008816268954978253
preparada,3,0.008816268954978253
deliciosos,3,0.008816268954978253
operam,2,0.005877512636652169
Gaber,2,0.005877512636652169
versa,2,0.005877512636652169
Gouna,2,0.005877512636652169
intervalo,2,0.005877512636652169
próprios,2,0.005877512636652169
Destinos,2,0.005877512636652169
entender,2,0.005877512636652169
abrem,2,0.005877512636652169
habitado,2,0.005877512636652169
república,2,0.005877512636652169
Mónaco,2,0.005877512636652169
emigração,2,0.005877512636652169
protestantes,2,0.005877512636652169
códigotelefônico=244,2,0.005877512636652169
tld=.ao,2,0.005877512636652169
UTC+1,2,0.005877512636652169
vastas,2,0.005877512636652169
nativas,2,0.005877512636652169
católicos,2,0.005877512636652169
presidencialista,2,0.005877512636652169
manter,2,0.005877512636652169
LocationAngola.png|noframe|250px,2,0.005877512636652169
Angola.svg|100px,2,0.005877512636652169
sejam,2,0.005877512636652169
classe,2,0.005877512636652169
Buraq,2,0.005877512636652169
Domingos,2,0.005877512636652169
dele,2,0.005877512636652169
falta,2,0.005877512636652169
nativos,2,0.005877512636652169
tld=.ad,2,0.005877512636652169
principado,2,0.005877512636652169
anfiteatro,2,0.005877512636652169
Anfiteatro,2,0.005877512636652169
descobrir,2,0.005877512636652169
Fluvial,2,0.005877512636652169
Mato,2,0.005877512636652169
conventos,2,0.005877512636652169
usados,2,0.005877512636652169
Cab,2,0.005877512636652169
dendê,2,0.005877512636652169
quiabo,2,0.005877512636652169
Nacional,2,0.005877512636652169
Malanje,2,0.005877512636652169
custo,2,0.005877512636652169
ilhotas,2,0.005877512636652169
olhos,2,0.005877512636652169
recifes,2,0.005877512636652169
achigã,2,0.005877512636652169
Primeiro,2,0.005877512636652169
mel,2,0.005877512636652169
fervidas,2,0.005877512636652169
ovos,2,0.005877512636652169
Monumentos,2,0.005877512636652169
Praças,2,0.005877512636652169
Botto,2,0.005877512636652169
europeias,2,0.005877512636652169
privada,2,0.005877512636652169
Amsterdam,2,0.005877512636652169
minimamente,2,0.005877512636652169
Destacam,2,0.005877512636652169
destacar,2,0.005877512636652169
Natureza,2,0.005877512636652169
ideias,2,0.005877512636652169
Lazer,2,0.005877512636652169
Aproveitando,2,0.005877512636652169
],2,0.005877512636652169
miradouros,2,0.005877512636652169
acabado,2,0.005877512636652169
região3descrição=,2,0.005877512636652169
região4cor=#daa354,2,0.005877512636652169
Leste,2,0.005877512636652169
região5cor=#b5d29f,2,0.005877512636652169
mapatamanho=451px,2,0.005877512636652169
região1descrição=,2,0.005877512636652169
região2cor=#5bab67,2,0.005877512636652169
Ribatejano,2,0.005877512636652169
Ibérica,2,0.005877512636652169
eletricidade=230/50Hz,2,0.005877512636652169
códigotelefônico=+376,2,0.005877512636652169
cobrar,2,0.005877512636652169
Kz,2,0.005877512636652169
região5descrição=,2,0.005877512636652169
região6cor=#b773b7,2,0.005877512636652169
região3cor=#72aed4,2,0.005877512636652169
escrever,2,0.005877512636652169
vida,2,0.005877512636652169
cosmopolitano,2,0.005877512636652169
viviam,2,0.005877512636652169
levou,2,0.005877512636652169
LocationCostaRica.png|250px,2,0.005877512636652169
particulares,2,0.005877512636652169
09h00,2,0.005877512636652169
espanhol|espanhol,2,0.005877512636652169
60Hz,2,0.005877512636652169
códigotelefônico=+506,2,0.005877512636652169
tld=.cr,2,0.005877512636652169
-6,2,0.005877512636652169
democrática,2,0.005877512636652169
população=3.834.934,2,0.005877512636652169
poeta,2,0.005877512636652169
maneiras,2,0.005877512636652169
Bolivianos,2,0.005877512636652169
-&gt,2,0.005877512636652169
viaja,2,0.005877512636652169
permaneceu,2,0.005877512636652169
conquistaram,2,0.005877512636652169
conseguiu,2,0.005877512636652169
baseia,2,0.005877512636652169
mediterrânico,2,0.005877512636652169
verões,2,0.005877512636652169
Várias,2,0.005877512636652169
35,2,0.005877512636652169
condicionado,2,0.005877512636652169
Golden,2,0.005877512636652169
provável,2,0.005877512636652169
"2,00",2,0.005877512636652169
design,2,0.005877512636652169
atracções,2,0.005877512636652169
sim,2,0.005877512636652169
Segue,2,0.005877512636652169
Seeland,2,0.005877512636652169
segue,2,0.005877512636652169
basta,2,0.005877512636652169
ventos,2,0.005877512636652169
Luz,2,0.005877512636652169
Luz|,2,0.005877512636652169
egípcios,2,0.005877512636652169
tomaram,2,0.005877512636652169
controlo,2,0.005877512636652169
passavam,2,0.005877512636652169
britânicos,2,0.005877512636652169
artes,2,0.005877512636652169
Linhas,2,0.005877512636652169
usam,2,0.005877512636652169
San,2,0.005877512636652169
região2cor=#bfb191,2,0.005877512636652169
mudado,2,0.005877512636652169
a.,2,0.005877512636652169
C.,2,0.005877512636652169
Farol,2,0.005877512636652169
Geralmente,2,0.005877512636652169
boliviano,2,0.005877512636652169
Prepare,2,0.005877512636652169
chamados,2,0.005877512636652169
prédios,2,0.005877512636652169
bordo,2,0.005877512636652169
eléctrico,2,0.005877512636652169
amarelos,2,0.005877512636652169
região4cor=#8f9fd1,2,0.005877512636652169
região5cor=#d18f97,2,0.005877512636652169
regiãos,2,0.005877512636652169
mapatamanho=350px,2,0.005877512636652169
região1cor=#b6d18f,2,0.005877512636652169
0933,2,0.005877512636652169
Ceará,2,0.005877512636652169
indo,2,0.005877512636652169
Brasileiros,2,0.005877512636652169
precisam,2,0.005877512636652169
saídas,2,0.005877512636652169
conexões,2,0.005877512636652169
montanhosa,2,0.005877512636652169
região6cor=#91bf96,2,0.005877512636652169
região3cor=#d1be8f,2,0.005877512636652169
Rica)|Limón,2,0.005877512636652169
grite,2,0.005877512636652169
taxis,2,0.005877512636652169
preferir,2,0.005877512636652169
pitoresca,2,0.005877512636652169
velha,2,0.005877512636652169
estreitas,2,0.005877512636652169
nocturna,2,0.005877512636652169
nativo,2,0.005877512636652169
caravanas,2,0.005877512636652169
55,2,0.005877512636652169
atravessar,2,0.005877512636652169
Fehmarn,2,0.005877512636652169
Alemanha,2,0.005877512636652169
agências,2,0.005877512636652169
fizer,2,0.005877512636652169
condutor,2,0.005877512636652169
metro,2,0.005877512636652169
regular,2,0.005877512636652169
baixos,2,0.005877512636652169
traçado,2,0.005877512636652169
coberto,2,0.005877512636652169
vizinha,2,0.005877512636652169
CE,2,0.005877512636652169
dimensão,2,0.005877512636652169
milhão,2,0.005877512636652169
suficientemente,2,0.005877512636652169
isenção,2,0.005877512636652169
destas,2,0.005877512636652169
terça,2,0.005877512636652169
RJ,2,0.005877512636652169
demais,2,0.005877512636652169
ligando,2,0.005877512636652169
tirar,2,0.005877512636652169
decidir,2,0.005877512636652169
recusar,2,0.005877512636652169
sabem,2,0.005877512636652169
sabe,2,0.005877512636652169
consulte,2,0.005877512636652169
ambos,2,0.005877512636652169
København,2,0.005877512636652169
avistado,2,0.005877512636652169
centers,2,0.005877512636652169
acima,2,0.005877512636652169
cruzando,2,0.005877512636652169
numerosas,2,0.005877512636652169
fantástica,2,0.005877512636652169
Dr.,2,0.005877512636652169
taxímetros,2,0.005877512636652169
Olhos,2,0.005877512636652169
1.º,2,0.005877512636652169
calçado,2,0.005877512636652169
pagam,2,0.005877512636652169
aumentar,2,0.005877512636652169
agora,2,0.005877512636652169
Sereia,2,0.005877512636652169
estádio,2,0.005877512636652169
Quarta,2,0.005877512636652169
relação,2,0.005877512636652169
Sua,2,0.005877512636652169
nunca,2,0.005877512636652169
exuberante,2,0.005877512636652169
Grandes,2,0.005877512636652169
cima,2,0.005877512636652169
Areias,2,0.005877512636652169
visitá,2,0.005877512636652169
Shots,2,0.005877512636652169
delas,2,0.005877512636652169
Bar,2,0.005877512636652169
tascas,2,0.005877512636652169
Direita,2,0.005877512636652169
domingos,2,0.005877512636652169
Terça,2,0.005877512636652169
escolha,2,0.005877512636652169
Artesanato,2,0.005877512636652169
hospital,2,0.005877512636652169
Saúde,2,0.005877512636652169
abrir,2,0.005877512636652169
uns,2,0.005877512636652169
Condeixa,2,0.005877512636652169
sábados,2,0.005877512636652169
constituem,2,0.005877512636652169
turística,2,0.005877512636652169
regional,2,0.005877512636652169
tradições,2,0.005877512636652169
realizar,2,0.005877512636652169
inúmeros,2,0.005877512636652169
existentes,2,0.005877512636652169
residentes,2,0.005877512636652169
esquecida,2,0.005877512636652169
rocha,2,0.005877512636652169
Devido,2,0.005877512636652169
bandeiras,2,0.005877512636652169
vindos,2,0.005877512636652169
imensa,2,0.005877512636652169
nomeadamente,2,0.005877512636652169
Ferreiras,2,0.005877512636652169
dormir,2,0.005877512636652169
decente,2,0.005877512636652169
violência,2,0.005877512636652169
sofisticados,2,0.005877512636652169
Carneiro,2,0.005877512636652169
destaca,2,0.005877512636652169
Paracatu,2,0.005877512636652169
ficou,2,0.005877512636652169
Branco,2,0.005877512636652169
fast,2,0.005877512636652169
Pastéis,2,0.005877512636652169
requisitado,2,0.005877512636652169
oferta,2,0.005877512636652169
estudantil,2,0.005877512636652169
fantástico,2,0.005877512636652169
Tuk,2,0.005877512636652169
descontos,2,0.005877512636652169
comuns,2,0.005877512636652169
Caribe,2,0.005877512636652169
colónia,2,0.005877512636652169
tomadas,2,0.005877512636652169
códigotelefônico=+53,2,0.005877512636652169
tld=.cu,2,0.005877512636652169
conversível,2,0.005877512636652169
residência,2,0.005877512636652169
1255,2,0.005877512636652169
nada,2,0.005877512636652169
obrigado,2,0.005877512636652169
olhar,2,0.005877512636652169
Largo,2,0.005877512636652169
amplo,2,0.005877512636652169
rc,2,0.005877512636652169
marisco,2,0.005877512636652169
comem,2,0.005877512636652169
hoteis,2,0.005877512636652169
conforme,2,0.005877512636652169
Educação,2,0.005877512636652169
iluminação,2,0.005877512636652169
francesa,2,0.005877512636652169
Botânico,2,0.005877512636652169
Terminal,2,0.005877512636652169
Rodoviário,2,0.005877512636652169
BR-050,2,0.005877512636652169
1917,2,0.005877512636652169
ido,2,0.005877512636652169
trazendo,2,0.005877512636652169
MERCADOS,2,0.005877512636652169
cheias,2,0.005877512636652169
crustáceos,2,0.005877512636652169
banana,2,0.005877512636652169
dieta,2,0.005877512636652169
Certifique,2,0.005877512636652169
serão,2,0.005877512636652169
oferecidos,2,0.005877512636652169
cozinhar,2,0.005877512636652169
bancos,2,0.005877512636652169
Peres,2,0.005877512636652169
Vicentina,2,0.005877512636652169
colina,2,0.005877512636652169
característica,2,0.005877512636652169
crianças,2,0.005877512636652169
Club,2,0.005877512636652169
caso,2,0.005877512636652169
ricos,2,0.005877512636652169
desaparecida,2,0.005877512636652169
decoração,2,0.005877512636652169
anterior,2,0.005877512636652169
modilhões,2,0.005877512636652169
Ribeira,2,0.005877512636652169
erguido,2,0.005877512636652169
mouros,2,0.005877512636652169
Paio,2,0.005877512636652169
LocationCuba.png,2,0.005877512636652169
Cuba.svg|100px,2,0.005877512636652169
vá,2,0.005877512636652169
mulheres,2,0.005877512636652169
definitivamente,2,0.005877512636652169
Conímbriga,2,0.005877512636652169
substituindo,2,0.005877512636652169
possivelmente,2,0.005877512636652169
entretenimento,2,0.005877512636652169
noturnas,2,0.005877512636652169
intermediário,2,0.005877512636652169
bebidas,2,0.005877512636652169
francas,2,0.005877512636652169
Pacheco,2,0.005877512636652169
procure,2,0.005877512636652169
navegável,2,0.005877512636652169
estabelecimento,2,0.005877512636652169
Dinis,2,0.005877512636652169
Foral,2,0.005877512636652169
bonitas,2,0.005877512636652169
finalmente,2,0.005877512636652169
estendem,2,0.005877512636652169
enorme,2,0.005877512636652169
quaisquer,2,0.005877512636652169
escadaria,2,0.005877512636652169
nasce,2,0.005877512636652169
fenestrações,2,0.005877512636652169
pináculos,2,0.005877512636652169
cobertura,2,0.005877512636652169
cruz,2,0.005877512636652169
pórtico,2,0.005877512636652169
Gomes,2,0.005877512636652169
desejar,2,0.005877512636652169
cartão,2,0.005877512636652169
Samora,2,0.005877512636652169
Barros,2,0.005877512636652169
exposições,2,0.005877512636652169
esplanadas,2,0.005877512636652169
eventos,2,0.005877512636652169
cariz,2,0.005877512636652169
juntar,2,0.005877512636652169
22,2,0.005877512636652169
placa,2,0.005877512636652169
excelência,2,0.005877512636652169
datam,2,0.005877512636652169
rochosa,2,0.005877512636652169
1755,2,0.005877512636652169
comando,2,0.005877512636652169
atrativo,2,0.005877512636652169
recuperação,2,0.005877512636652169
ambiental,2,0.005877512636652169
53,2,0.005877512636652169
Fox,2,0.005877512636652169
Crow,2,0.005877512636652169
El,2,0.005877512636652169
receber,2,0.005877512636652169
recuado,2,0.005877512636652169
passado,2,0.005877512636652169
poluição,2,0.005877512636652169
USIMINAS,2,0.005877512636652169
posteriormente,2,0.005877512636652169
Planalto,2,0.005877512636652169
Perequê,2,0.005877512636652169
cenário,2,0.005877512636652169
Correia,2,0.005877512636652169
dado,2,0.005877512636652169
irregular,2,0.005877512636652169
campanário|torre,2,0.005877512636652169
222,2,0.005877512636652169
recorte,2,0.005877512636652169
fachada,2,0.005877512636652169
plano,2,0.005877512636652169
Civil,2,0.005877512636652169
desse,2,0.005877512636652169
roteiros,2,0.005877512636652169
Polar,2,0.005877512636652169
Bandeira,2,0.005877512636652169
Alaska.svg|108px,2,0.005877512636652169
frutos,2,0.005877512636652169
roupas,2,0.005877512636652169
verde,2,0.005877512636652169
possuem,2,0.005877512636652169
semelhante,2,0.005877512636652169
modo,2,0.005877512636652169
vias,2,0.005877512636652169
consideradas,2,0.005877512636652169
Railway,2,0.005877512636652169
projetos,2,0.005877512636652169
massas,2,0.005877512636652169
longitudinal,2,0.005877512636652169
peregrinação,2,0.005877512636652169
visitado,2,0.005877512636652169
internacionalmente,2,0.005877512636652169
férias,2,0.005877512636652169
Sopa,2,0.005877512636652169
comidas,2,0.005877512636652169
nesse,2,0.005877512636652169
Monchique,2,0.005877512636652169
atravessando,2,0.005877512636652169
Portugal)|Lagos,2,0.005877512636652169
fresta,2,0.005877512636652169
mísulas,2,0.005877512636652169
pleno,2,0.005877512636652169
articulados,2,0.005877512636652169
BR-101.png,2,0.005877512636652169
abriga,2,0.005877512636652169
Hospital,2,0.005877512636652169
Infantil,2,0.005877512636652169
animal,2,0.005877512636652169
Oferecendo,2,0.005877512636652169
fixou,2,0.005877512636652169
Contudo,2,0.005877512636652169
atingiu,2,0.005877512636652169
localizar,2,0.005877512636652169
nuvens,2,0.005877512636652169
SP-160.png,2,0.005877512636652169
SP-055.png,2,0.005877512636652169
Sebastião,2,0.005877512636652169
SP-150.png,2,0.005877512636652169
Bernardo,2,0.005877512636652169
Souselo,2,0.005877512636652169
românica|Românico,2,0.005877512636652169
empedrada,2,0.005877512636652169
Classificado,2,0.005877512636652169
informação,2,0.005877512636652169
crescendo,2,0.005877512636652169
XVI,2,0.005877512636652169
união,2,0.005877512636652169
watching,2,0.005877512636652169
manguezais,2,0.005877512636652169
solarengas,2,0.005877512636652169
Galé,2,0.005877512636652169
terras,2,0.005877512636652169
Apenas,2,0.005877512636652169
paredes,2,0.005877512636652169
Santo,2,0.005877512636652169
1px,2,0.005877512636652169
solid,2,0.005877512636652169
regions,2,0.005877512636652169
mapatexto=,2,0.005877512636652169
mapatamanho=600px,2,0.005877512636652169
região5cor=#92aed0,2,0.005877512636652169
Barrow,2,0.005877512636652169
Deuses,2,0.005877512636652169
Sitka,2,0.005877512636652169
background,2,0.005877512636652169
color,2,0.005877512636652169
width=200,2,0.005877512636652169
align,2,0.005877512636652169
center,2,0.005877512636652169
1em,2,0.005877512636652169
border,2,0.005877512636652169
título,2,0.005877512636652169
região4cor=#d09299,2,0.005877512636652169
região4descrição,2,0.005877512636652169
região3cor=#d0b292,2,0.005877512636652169
Petersburg,2,0.005877512636652169
escritórios,2,0.005877512636652169
Haines,2,0.005877512636652169
Ketchikan,2,0.005877512636652169
adquirir,2,0.005877512636652169
visibilidade,2,0.005877512636652169
exatamente,2,0.005877512636652169
promoção,2,0.005877512636652169
pesquisa,2,0.005877512636652169
raiz,2,0.005877512636652169
inaugurado,2,0.005877512636652169
Ponte,2,0.005877512636652169
inteiro,2,0.005877512636652169
pedaço,2,0.005877512636652169
europeu,2,0.005877512636652169
asiáticos,2,0.005877512636652169
80,2,0.005877512636652169
tendem,2,0.005877512636652169
ritual,2,0.005877512636652169
letras,2,0.005877512636652169
Extremo,2,0.005877512636652169
pacífico,2,0.005877512636652169
relevo,2,0.005877512636652169
entalado,2,0.005877512636652169
cordilheira,2,0.005877512636652169
região2cor=#d092cc,2,0.005877512636652169
região1cor=#a1d092,2,0.005877512636652169
álcool,2,0.005877512636652169
neve,2,0.005877512636652169
transforma,2,0.005877512636652169
mutações,2,0.005877512636652169
convenientes,2,0.005877512636652169
momento,2,0.005877512636652169
confluência,2,0.005877512636652169
mantém,2,0.005877512636652169
barracas,2,0.005877512636652169
fantásticas,2,0.005877512636652169
competição,2,0.005877512636652169
medievais,2,0.005877512636652169
madeira,2,0.005877512636652169
pedra,2,0.005877512636652169
exemplares,2,0.005877512636652169
perfeita,2,0.005877512636652169
biodiversidade,2,0.005877512636652169
Tratado,2,0.005877512636652169
Qing,2,0.005877512636652169
cossacos,2,0.005877512636652169
noturnos,2,0.005877512636652169
habituais,2,0.005877512636652169
procura,2,0.005877512636652169
restante,2,0.005877512636652169
..,2,0.005877512636652169
lanche,2,0.005877512636652169
Israel,2,0.005877512636652169
Asiana,2,0.005877512636652169
Vostok,2,0.005877512636652169
Japão,2,0.005877512636652169
ocupada,2,0.005877512636652169
1.300,2,0.005877512636652169
Rússia,2,0.005877512636652169
colônia,2,0.005877512636652169
dirigir,2,0.005877512636652169
esquerda,2,0.005877512636652169
coletivos,2,0.005877512636652169
consultados,2,0.005877512636652169
Autocarros,2,0.005877512636652169
Duas,2,0.005877512636652169
tel,2,0.005877512636652169
recebido,2,0.005877512636652169
freguesias,2,0.005877512636652169
serra,2,0.005877512636652169
formando,2,0.005877512636652169
elevação,2,0.005877512636652169
inigualável,2,0.005877512636652169
aldeias,2,0.005877512636652169
Montemuro,2,0.005877512636652169
doce,2,0.005877512636652169
EUA,2,0.005877512636652169
instalações,2,0.005877512636652169
limpo,2,0.005877512636652169
simpáticos,2,0.005877512636652169
março,2,0.005877512636652169
surf,2,0.005877512636652169
má,2,0.005877512636652169
Ulchi,2,0.005877512636652169
caminhar,2,0.005877512636652169
Vanino,2,0.005877512636652169
Siberian,2,0.005877512636652169
mão,2,0.005877512636652169
conversa,2,0.005877512636652169
vendendo,2,0.005877512636652169
pão,2,0.005877512636652169
ilegal,2,0.005877512636652169
Caso,2,0.005877512636652169
Larnaca,2,0.005877512636652169
Limassol,2,0.005877512636652169
criando,2,0.005877512636652169
margem,2,0.005877512636652169
vê,2,0.005877512636652169
motoristas,2,0.005877512636652169
vôos,2,0.005877512636652169
marítima,2,0.005877512636652169
inúmeras,2,0.005877512636652169
inclusive,2,0.005877512636652169
low,2,0.005877512636652169
Airways,2,0.005877512636652169
conecta,2,0.005877512636652169
Airport,2,0.005877512636652169
mudar,2,0.005877512636652169
Casablanca,2,0.005877512636652169
Do,2,0.005877512636652169
calma,2,0.005877512636652169
económica,2,0.005877512636652169
famílias,2,0.005877512636652169
Açorianas,2,0.005877512636652169
constituindo,2,0.005877512636652169
causa,2,0.005877512636652169
isolados,2,0.005877512636652169
Ela,2,0.005877512636652169
vira,2,0.005877512636652169
Lenin,2,0.005877512636652169
corre,2,0.005877512636652169
cruza,2,0.005877512636652169
Boulevard,2,0.005877512636652169
hostilidades,2,0.005877512636652169
características,2,0.005877512636652169
províncias,2,0.005877512636652169
cozinha,2,0.005877512636652169
dita,2,0.005877512636652169
diretamente,2,0.005877512636652169
Claro,2,0.005877512636652169
Marrocos,2,0.005877512636652169
ideia,2,0.005877512636652169
invadida,2,0.005877512636652169
estará,2,0.005877512636652169
A4,2,0.005877512636652169
Via,2,0.005877512636652169
Entretanto,2,0.005877512636652169
Reino,2,0.005877512636652169
Unido,2,0.005877512636652169
elecricidade=240V/50Hz,2,0.005877512636652169
códigotelefônico=+686,2,0.005877512636652169
tld=.ki,2,0.005877512636652169
+14,2,0.005877512636652169
LocationKiribati.png|noframe|250px,2,0.005877512636652169
Kiribati.svg|100px,2,0.005877512636652169
811,2,0.005877512636652169
normal,2,0.005877512636652169
recheadas,2,0.005877512636652169
tentando,2,0.005877512636652169
ingredientes,2,0.005877512636652169
famoso,2,0.005877512636652169
Calçada,2,0.005877512636652169
Contador,2,0.005877512636652169
pertencem,2,0.005877512636652169
Gilbert,2,0.005877512636652169
Nações,2,0.005877512636652169
Unidas,2,0.005877512636652169
força,2,0.005877512636652169
Turca,2,0.005877512636652169
invasão,2,0.005877512636652169
Médio,2,0.005877512636652169
foguetes,2,0.005877512636652169
galinha,2,0.005877512636652169
típicos,2,0.005877512636652169
pôr,2,0.005877512636652169
Shore.jpg|noframe|250px,2,0.005877512636652169
conhecimento,2,0.005877512636652169
resort,2,0.005877512636652169
monte,2,0.005877512636652169
Saara,2,0.005877512636652169
ocupa,2,0.005877512636652169
Poderá,2,0.005877512636652169
séc,2,0.005877512636652169
lt;small&gt;(em,2,0.005877512636652169
construção)&lt;/small&gt,2,0.005877512636652169
característicos,2,0.005877512636652169
imagemtamanho1=40px,2,0.005877512636652169
servem,2,0.005877512636652169
sopa,2,0.005877512636652169
imagemtamanho2=40px,2,0.005877512636652169
facilita,2,0.005877512636652169
fala,2,0.005877512636652169
Incluem,2,0.005877512636652169
Phoenix,2,0.005877512636652169
alojamento,2,0.005877512636652169
Wi,2,0.005877512636652169
diário,2,0.005877512636652169
desenvolvido,2,0.005877512636652169
vêm,2,0.005877512636652169
ambas,2,0.005877512636652169
Beijing,2,0.005877512636652169
cursos,2,0.005877512636652169
níveis,2,0.005877512636652169
alunos,2,0.005877512636652169
animais,2,0.005877512636652169
solução,2,0.005877512636652169
estada,2,0.005877512636652169
Custódia,2,0.005877512636652169
|códigotelefônico=+357,2,0.005877512636652169
|tld=.cy,2,0.005877512636652169
|eletricidade=230V/50Hz,2,0.005877512636652169
Cyprus.svg|100px,2,0.005877512636652169
cipriota,2,0.005877512636652169
graças,2,0.005877512636652169
Estados,2,0.005877512636652169
considerarmos,2,0.005877512636652169
exterior,2,0.005877512636652169
permanência,2,0.005877512636652169
região7cor=#d56d76,2,0.005877512636652169
Xangai,2,0.005877512636652169
urbana,2,0.005877512636652169
amplamente,2,0.005877512636652169
Nauru,2,0.005877512636652169
Marshall,2,0.005877512636652169
independência,2,0.005877512636652169
Kiri,2,0.005877512636652169
kiribati,2,0.005877512636652169
conhecidas,2,0.005877512636652169
açorianos,2,0.005877512636652169
Saint,2,0.005877512636652169
menord2=,2,0.005877512636652169
percorrer,2,0.005877512636652169
terreno,2,0.005877512636652169
montanhoso,2,0.005877512636652169
geridas,2,0.005877512636652169
complexo,2,0.005877512636652169
parados,2,0.005877512636652169
pele,2,0.005877512636652169
cardápio,2,0.005877512636652169
menus,2,0.005877512636652169
Marechal,2,0.005877512636652169
Matos,2,0.005877512636652169
Antas,2,0.005877512636652169
reconhece,2,0.005877512636652169
relatos,2,0.005877512636652169
Surat,2,0.005877512636652169
Thani,2,0.005877512636652169
Samui,2,0.005877512636652169
mergulhadores,2,0.005877512636652169
esteja,2,0.005877512636652169
localidades,2,0.005877512636652169
Segundo,2,0.005877512636652169
fontes,2,0.005877512636652169
tropeiros,2,0.005877512636652169
aqueles,2,0.005877512636652169
Mergulho,2,0.005877512636652169
encontrá,2,0.005877512636652169
2016,2,0.005877512636652169
situadas,2,0.005877512636652169
dela,2,0.005877512636652169
gastar,2,0.005877512636652169
Qinghai,2,0.005877512636652169
católico,2,0.005877512636652169
Sousa,2,0.005877512636652169
filho,2,0.005877512636652169
chão,2,0.005877512636652169
queria,2,0.005877512636652169
permanecer,2,0.005877512636652169
perdido,2,0.005877512636652169
estreitos,2,0.005877512636652169
região5cor=#a78379,2,0.005877512636652169
Himalaias,2,0.005877512636652169
planícies,2,0.005877512636652169
Islã,2,0.005877512636652169
região4cor=#4da9c4,2,0.005877512636652169
região3cor=#71b37b,2,0.005877512636652169
região3itens,2,0.005877512636652169
Cruz,2,0.005877512636652169
Fryazino,2,0.005877512636652169
precisa,2,0.005877512636652169
1946,2,0.005877512636652169
produção,2,0.005877512636652169
Muitos,2,0.005877512636652169
directamente,2,0.005877512636652169
muçulmana,2,0.005877512636652169
Atualmente,2,0.005877512636652169
Base,2,0.005877512636652169
Lima,2,0.005877512636652169
asseguradas,2,0.005877512636652169
dachas,2,0.005877512636652169
elite,2,0.005877512636652169
ondas,2,0.005877512636652169
Franca,2,0.005877512636652169
região1cor=#d5dc76,2,0.005877512636652169
região1itens,2,0.005877512636652169
próximas,2,0.005877512636652169
Map,2,0.005877512636652169
China_(en).png,2,0.005877512636652169
efeitos,2,0.005877512636652169
calendário,2,0.005877512636652169
números,2,0.005877512636652169
históricas,2,0.005877512636652169
civilização,2,0.005877512636652169
região2cor=#b383b3,2,0.005877512636652169
região2itens,2,0.005877512636652169
florestas,2,0.005877512636652169
frios,2,0.005877512636652169
japonesa,2,0.005877512636652169
mapatamanho=500px,2,0.005877512636652169
coloridas,2,0.005877512636652169
chefe,2,0.005877512636652169
disputa,2,0.005877512636652169
Alonzo,2,0.005877512636652169
aeroportuárias,2,0.005877512636652169
chegou,2,0.005877512636652169
abertas,2,0.005877512636652169
sapatos,2,0.005877512636652169
Verifique,2,0.005877512636652169
Distrito,2,0.005877512636652169
atrai,2,0.005877512636652169
frequência,2,0.005877512636652169
Golfo,2,0.005877512636652169
tropicais,2,0.005877512636652169
Etiópia,2,0.005877512636652169
Bs,2,0.005877512636652169
códigotelefônico=+86,2,0.005877512636652169
tld=.cn,2,0.005877512636652169
+8,2,0.005877512636652169
Chinês,2,0.005877512636652169
China.svg|100px,2,0.005877512636652169
socialista,2,0.005877512636652169
tropical,2,0.005877512636652169
voltagem,2,0.005877512636652169
noturno,2,0.005877512636652169
Yao,2,0.005877512636652169
pretenda,2,0.005877512636652169
optar,2,0.005877512636652169
homenagem,2,0.005877512636652169
religiosa,2,0.005877512636652169
Pirenópolis,2,0.005877512636652169
designado,2,0.005877512636652169
respeitado,2,0.005877512636652169
oração,2,0.005877512636652169
Nairobi,2,0.005877512636652169
540,2,0.005877512636652169
burros,2,0.005877512636652169
razoáveis,2,0.005877512636652169
antiguidades,2,0.005877512636652169
médias,2,0.005877512636652169
Menor,2,0.005877512636652169
Provincial,2,0.005877512636652169
recebendo,2,0.005877512636652169
lanchonetes,2,0.005877512636652169
geograficamente,2,0.005877512636652169
Heroísmo,2,0.005877512636652169
trazer,2,0.005877512636652169
segurança,2,0.005877512636652169
bilhete,2,0.005877512636652169
cresceu,2,0.005877512636652169
últimos,2,0.005877512636652169
hatched).svg|noframe|250px,2,0.005877512636652169
Santuário,2,0.005877512636652169
1955,2,0.005877512636652169
crescente,2,0.005877512636652169
categoria,2,0.005877512636652169
licenciados,2,0.005877512636652169
circulam,2,0.005877512636652169
pense,2,0.005877512636652169
dificuldades,2,0.005877512636652169
alcatroada,2,0.005877512636652169
tentar,2,0.005877512636652169
Woldia,2,0.005877512636652169
tiver,2,0.005877512636652169
coma,2,0.005877512636652169
Petleys,2,0.005877512636652169
caranguejo,2,0.005877512636652169
vestidos,2,0.005877512636652169
organização,2,0.005877512636652169
capitães,2,0.005877512636652169
habitadas,2,0.005877512636652169
utilizar,2,0.005877512636652169
deste,2,0.005877512636652169
inicia,2,0.005877512636652169
azar,2,0.005877512636652169
varios,2,0.005877512636652169
bilhar,2,0.005877512636652169
jogo,2,0.005877512636652169
achar,2,0.005877512636652169
jogar,2,0.005877512636652169
inaugurada,2,0.005877512636652169
26,2,0.005877512636652169
junho,2,0.005877512636652169
logo,2,0.005877512636652169
Coqueiros,2,0.005877512636652169
tornava,2,0.005877512636652169
construiu,2,0.005877512636652169
queijos,2,0.005877512636652169
pavimentada,2,0.005877512636652169
1842,2,0.005877512636652169
construir,2,0.005877512636652169
maio,2,0.005877512636652169
abril,2,0.005877512636652169
cuja,2,0.005877512636652169
aberta,2,0.005877512636652169
pública,2,0.005877512636652169
claro,2,0.005877512636652169
Atlântico,2,0.005877512636652169
património,2,0.005877512636652169
autónoma,2,0.005877512636652169
they,2,0.005877512636652169
rock,2,0.005877512636652169
plan,2,0.005877512636652169
Los,2,0.005877512636652169
escolher,2,0.005877512636652169
deles,2,0.005877512636652169
shoppings,2,0.005877512636652169
outlets,2,0.005877512636652169
grifes,2,0.005877512636652169
temáticos,2,0.005877512636652169
badalados,2,0.005877512636652169
limusine,2,0.005877512636652169
negativa,2,0.005877512636652169
1984,2,0.005877512636652169
32,2,0.005877512636652169
municipalidade,2,0.005877512636652169
MGM,2,0.005877512636652169
Forum,2,0.005877512636652169
Shops,2,0.005877512636652169
chefs,2,0.005877512636652169
Só,2,0.005877512636652169
aluguel,2,0.005877512636652169
sinalizada,2,0.005877512636652169
vizinhos,2,0.005877512636652169
anteriormente,2,0.005877512636652169
Conceição,2,0.005877512636652169
algo,2,0.005877512636652169
primeiras,2,0.005877512636652169
Pass,2,0.005877512636652169
Caledonspoort,2,0.005877512636652169
embaixada,2,0.005877512636652169
documentos,2,0.005877512636652169
necessários,2,0.005877512636652169
tld=.ls,2,0.005877512636652169
eletricidade=230V,2,0.005877512636652169
códigotelefônico=266,2,0.005877512636652169
originalmente,2,0.005877512636652169
aéreas,2,0.005877512636652169
go,2,0.005877512636652169
Chengdu,2,0.005877512636652169
carona,2,0.005877512636652169
recomendado,2,0.005877512636652169
postos,2,0.005877512636652169
Sani,2,0.005877512636652169
deveria,2,0.005877512636652169
ilustre,2,0.005877512636652169
atual,2,0.005877512636652169
lhes,2,0.005877512636652169
paulista,2,0.005877512636652169
1717,2,0.005877512636652169
romeiros,2,0.005877512636652169
distante,2,0.005877512636652169
York,2,0.005877512636652169
Miami,2,0.005877512636652169
cansaço,2,0.005877512636652169
tentativa,2,0.005877512636652169
Garcia,2,0.005877512636652169
Alves,2,0.005877512636652169
escravos,2,0.005877512636652169
viajando,2,0.005877512636652169
descubra,2,0.005877512636652169
colonial,2,0.005877512636652169
comércio,2,0.005877512636652169
Aos,2,0.005877512636652169
requer,2,0.005877512636652169
angolanos,2,0.005877512636652169
brasileiros,2,0.005877512636652169
27,2,0.005877512636652169
referência,2,0.005877512636652169
Festa,2,0.005877512636652169
19,2,0.005877512636652169
passeios,2,0.005877512636652169
acaba,2,0.005877512636652169
possíveis,2,0.005877512636652169
diurnos,2,0.005877512636652169
Internacional,2,0.005877512636652169
food,2,0.005877512636652169
board,2,0.005877512636652169
boats,2,0.005877512636652169
hospedagem,2,0.005877512636652169
chuvoso,2,0.005877512636652169
milímetros,2,0.005877512636652169
Dezembro,2,0.005877512636652169
Ano,2,0.005877512636652169
parlamentarista,2,0.005877512636652169
Loti,2,0.005877512636652169
"30,355",2,0.005877512636652169
Lesotho.svg|100px,2,0.005877512636652169
LocationLesotho.png|noframe|250px,2,0.005877512636652169
disposto,2,0.005877512636652169
cassino,2,0.005877512636652169
alcohol,2,0.005877512636652169
vulcânica,2,0.005877512636652169
70,2,0.005877512636652169
1983,2,0.005877512636652169
1947,2,0.005877512636652169
Fezã,2,0.005877512636652169
líbia,2,0.005877512636652169
contra,2,0.005877512636652169
more,2,0.005877512636652169
Xining,2,0.005877512636652169
are,2,0.005877512636652169
come,2,0.005877512636652169
your,2,0.005877512636652169
it,2,0.005877512636652169
may,2,0.005877512636652169
Plenty,2,0.005877512636652169
If,2,0.005877512636652169
|tld=.ly,2,0.005877512636652169
|códigotelefônico=+218,2,0.005877512636652169
230V/50Hz,2,0.005877512636652169
taxímetro,2,0.005877512636652169
pegue,2,0.005877512636652169
LocationLibya.png|noframe|250px,2,0.005877512636652169
Libya.svg|100px,2,0.005877512636652169
Tibet,2,0.005877512636652169
Valley,2,0.005877512636652169
Scrub,2,0.005877512636652169
protestante,2,0.005877512636652169
|eletricidade=110V,2,0.005877512636652169
|tld=.ai,2,0.005877512636652169
GMT-4,2,0.005877512636652169
by,2,0.005877512636652169
1934,2,0.005877512636652169
passou,2,0.005877512636652169
região2cor=#dfdb88,2,0.005877512636652169
região3cor=#c3bca4,2,0.005877512636652169
Bengasi,2,0.005877512636652169
Saariana,2,0.005877512636652169
poeira,2,0.005877512636652169
Hasan,2,0.005877512636652169
Rida,2,0.005877512636652169
1.75,2,0.005877512636652169
Rota,2,0.005877512636652169
paragem,2,0.005877512636652169
ponta,2,0.005877512636652169
Quando,2,0.005877512636652169
abre,2,0.005877512636652169
Nordeste,2,0.005877512636652169
veio,2,0.005877512636652169
Dólar,2,0.005877512636652169
Inglês,2,0.005877512636652169
|localização,2,0.005877512636652169
LocationAnguilla.png|noframe|250px,2,0.005877512636652169
Anguilla.svg|100px,2,0.005877512636652169
emergência,2,0.005877512636652169
Moçambique,2,0.005877512636652169
musicais,2,0.005877512636652169
unless,2,0.005877512636652169
espalhada,2,0.005877512636652169
numeradas,2,0.005877512636652169
voar,2,0.005877512636652169
tráfico,2,0.005877512636652169
vindo,2,0.005877512636652169
cópia,2,0.005877512636652169
extremamente,2,0.005877512636652169
broas,2,0.005877512636652169
aquela,2,0.005877512636652169
ouve,2,0.005877512636652169
maranhos,2,0.005877512636652169
entrecosto,2,0.005877512636652169
migas,2,0.005877512636652169
carvoeiras,2,0.005877512636652169
extensão,2,0.005877512636652169
Fora,2,0.005877512636652169
funge,2,0.005877512636652169
mandioca,2,0.005877512636652169
LocationAndorra.png|noframe|250px,2,0.005877512636652169
Andorra.svg|100px,2,0.005877512636652169
referir,2,0.005877512636652169
Palha,2,0.005877512636652169
tijeladas,2,0.005877512636652169
celebrações,2,0.005877512636652169
revela,2,0.005877512636652169
integração,2,0.005877512636652169
preservação,2,0.005877512636652169
estreito,2,0.005877512636652169
igualmente,2,0.005877512636652169
vertente,2,0.005877512636652169
muamba,2,0.005877512636652169
al,2,0.005877512636652169
Sayyid,2,0.005877512636652169
Caravelas,2,0.005877512636652169
2007,2,0.005877512636652169
custava,2,0.005877512636652169
pistas,2,0.005877512636652169
alascas,2,0.005877512636652169
fique,2,0.005877512636652169
Bode,2,0.005877512636652169
Lourenço,2,0.005877512636652169
desportivas,2,0.005877512636652169
esplêndida,2,0.005877512636652169
açorda,2,0.005877512636652169
sável,2,0.005877512636652169
carna,2,0.005877512636652169
Jet,2,0.005877512636652169
Super,2,0.005877512636652169
chamado,2,0.005877512636652169
Telecom,2,0.005877512636652169
1950,2,0.005877512636652169
década,2,0.005877512636652169
14h00,2,0.005877512636652169
pertencente,2,0.005877512636652169
tanta,2,0.005877512636652169
merecem,2,0.005877512636652169
leste,2,0.005877512636652169
Congo,2,0.005877512636652169
Andorinha,2,0.005877512636652169
Novembro,2,0.005877512636652169
tranquilo,2,0.005877512636652169
Delta,2,0.005877512636652169
banto,2,0.005877512636652169
óptimos,2,0.005877512636652169
futuras,2,0.005877512636652169
mostradas,2,0.005877512636652169
antevisões,2,0.005877512636652169
quot;tema&quot,2,0.005877512636652169
impostos,2,0.005877512636652169
taxas,2,0.005877512636652169
possam,2,0.005877512636652169
Açores)|Flores,2,0.005877512636652169
civil,2,0.005877512636652169
divisa,2,0.005877512636652169
lan,2,0.005877512636652169
houses,2,0.005877512636652169
Internet,2,0.005877512636652169
difundido,2,0.005877512636652169
Barão,2,0.005877512636652169
Batalha,2,0.005877512636652169
Museus,2,0.005877512636652169
preocupação,2,0.005877512636652169
vasta,2,0.005877512636652169
fauna,2,0.005877512636652169
homens,2,0.005877512636652169
negociação,2,0.005877512636652169
Menagem,2,0.005877512636652169
frescas,2,0.005877512636652169
itinerários,2,0.005877512636652169
atendem,2,0.005877512636652169
introduzindo,2,0.005877512636652169
papel,2,0.005877512636652169
câmbio,2,0.005877512636652169
antecipadamente,2,0.005877512636652169
vendidos,2,0.005877512636652169
paradas,2,0.005877512636652169
método,2,0.005877512636652169
exceção,2,0.005877512636652169
bela,2,0.005877512636652169
distâncias,2,0.005877512636652169
operados,2,0.005877512636652169
selo,2,0.005877512636652169
outrora,2,0.005877512636652169
Ferro,2,0.005877512636652169
jardim,2,0.005877512636652169
Forja,2,0.005877512636652169
Tramagal,2,0.005877512636652169
Aquapolis,2,0.005877512636652169
infantil,2,0.005877512636652169
novos,2,0.005877512636652169
Ainda,1,0.0029387563183260845
nacionalidades,1,0.0029387563183260845
Argélia,1,0.0029387563183260845
Jordânia,1,0.0029387563183260845
Mauritânia,1,0.0029387563183260845
conseguem,1,0.0029387563183260845
Topic,1,0.0029387563183260845
Califa,1,0.0029387563183260845
Buda,1,0.0029387563183260845
preferirem,1,0.0029387563183260845
som,1,0.0029387563183260845
Aliados,1,0.0029387563183260845
renunciou,1,0.0029387563183260845
pretensões,1,0.0029387563183260845
1969,1,0.0029387563183260845
liderado,1,0.0029387563183260845
Muammar,1,0.0029387563183260845
Abu,1,0.0029387563183260845
Minyar,1,0.0029387563183260845
golpe,1,0.0029387563183260845
Nessa,1,0.0029387563183260845
tratamento,1,0.0029387563183260845
médico,1,0.0029387563183260845
sobrinho,1,0.0029387563183260845
Mahdi,1,0.0029387563183260845
Sanussi,1,0.0029387563183260845
rei,1,0.0029387563183260845
revoltou,1,0.0029387563183260845
quartéis,1,0.0029387563183260845
líbios,1,0.0029387563183260845
rádio,1,0.0029387563183260845
Antes,1,0.0029387563183260845
1º,1,0.0029387563183260845
tinha,1,0.0029387563183260845
formalmente,1,0.0029387563183260845
deposto,1,0.0029387563183260845
prisão,1,0.0029387563183260845
domiciliar,1,0.0029387563183260845
aboliram,1,0.0029387563183260845
monarquia,1,0.0029387563183260845
proclamaram,1,0.0029387563183260845
Árabe,1,0.0029387563183260845
Referiam,1,0.0029387563183260845
referem,1,0.0029387563183260845
Irmão,1,0.0029387563183260845
Líder,1,0.0029387563183260845
Revolução,1,0.0029387563183260845
declarações,1,0.0029387563183260845
governamentais,1,0.0029387563183260845
imprensa,1,0.0029387563183260845
sopra,1,0.0029387563183260845
siroco,1,0.0029387563183260845
carregado,1,0.0029387563183260845
ghibli,1,0.0029387563183260845
tempestades,1,0.0029387563183260845
areia,1,0.0029387563183260845
região1cor=#9f9677,1,0.0029387563183260845
Shahhat,1,0.0029387563183260845
Tobruk,1,0.0029387563183260845
Gadamés,1,0.0029387563183260845
Sabha,1,0.0029387563183260845
Ghat,1,0.0029387563183260845
altas,1,0.0029387563183260845
registadas,1,0.0029387563183260845
Gharyan,1,0.0029387563183260845
anotação,1,0.0029387563183260845
Vespúcio,1,0.0029387563183260845
1503,1,0.0029387563183260845
escreveu,1,0.0029387563183260845
aproximares,1,0.0029387563183260845
Daí,1,0.0029387563183260845
surgiu,1,0.0029387563183260845
largura,1,0.0029387563183260845
cinco,1,0.0029387563183260845
Bahia,1,0.0029387563183260845
Bodegueta,1,0.0029387563183260845
altamente,1,0.0029387563183260845
ambiente,1,0.0029387563183260845
flora,1,0.0029387563183260845
Respeite,1,0.0029387563183260845
policiais,1,0.0029387563183260845
moeda=1,1,0.0029387563183260845
kwanza,1,0.0029387563183260845
AOA,1,0.0029387563183260845
área=1.246.700,1,0.0029387563183260845
população=25.789.024,1,0.0029387563183260845
cen,1,0.0029387563183260845
2014,1,0.0029387563183260845
Crenças,1,0.0029387563183260845
47,1,0.0029387563183260845
38,1,0.0029387563183260845
Faz,1,0.0029387563183260845
Namíbia,1,0.0029387563183260845
Zâmbia,1,0.0029387563183260845
Congo|República,1,0.0029387563183260845
Democrática,1,0.0029387563183260845
Regions,1,0.0029387563183260845
serras,1,0.0029387563183260845
apreciação,1,0.0029387563183260845
condução,1,0.0029387563183260845
preferidos,1,0.0029387563183260845
pagamento,1,0.0029387563183260845
convidativos,1,0.0029387563183260845
lembre,1,0.0029387563183260845
ultrapassar,1,0.0029387563183260845
cota,1,0.0029387563183260845
alfandegário,1,0.0029387563183260845
rigoroso,1,0.0029387563183260845
vistoriados,1,0.0029387563183260845
Bebidas,1,0.0029387563183260845
cigarros,1,0.0029387563183260845
visados,1,0.0029387563183260845
evite,1,0.0029387563183260845
excesso,1,0.0029387563183260845
região1cor=#69999f,1,0.0029387563183260845
Angola)|Norte,1,0.0029387563183260845
Angola)|Centro,1,0.0029387563183260845
Angola)|Sudoeste,1,0.0029387563183260845
Angola)|Leste,1,0.0029387563183260845
Cabinda,1,0.0029387563183260845
província)|Cabinda,1,0.0029387563183260845
taxistas,1,0.0029387563183260845
habito,1,0.0029387563183260845
dê,1,0.0029387563183260845
aproveitam,1,0.0029387563183260845
alteram,1,0.0029387563183260845
Temos,1,0.0029387563183260845
euro,1,0.0029387563183260845
EUR,1,0.0029387563183260845
área=468,1,0.0029387563183260845
população=71.201,1,0.0029387563183260845
catalão|Catalão,1,0.0029387563183260845
francês|Francês,1,0.0029387563183260845
Católica,1,0.0029387563183260845
Romana,1,0.0029387563183260845
Pirineus,1,0.0029387563183260845
conservadas,1,0.0029387563183260845
sinalizadas,1,0.0029387563183260845
Pirenéus,1,0.0029387563183260845
caracterizadas,1,0.0029387563183260845
privados,1,0.0029387563183260845
cronometrado,1,0.0029387563183260845
falada,1,0.0029387563183260845
idiomas,1,0.0029387563183260845
Umbundo,1,0.0029387563183260845
Kikongo,1,0.0029387563183260845
Kimbundu,1,0.0029387563183260845
Côkwe,1,0.0029387563183260845
Nganguela,1,0.0029387563183260845
Ukwanyama,1,0.0029387563183260845
Leba,1,0.0029387563183260845
Namibe,1,0.0029387563183260845
Tundavala,1,0.0029387563183260845
Huíla,1,0.0029387563183260845
Lua,1,0.0029387563183260845
pedras,1,0.0029387563183260845
negras,1,0.0029387563183260845
Pungo,1,0.0029387563183260845
Andongo,1,0.0029387563183260845
caichoeiras,1,0.0029387563183260845
Kalandula,1,0.0029387563183260845
Lucala,1,0.0029387563183260845
Fevereiro,1,0.0029387563183260845
influenciada,1,0.0029387563183260845
moçambicana,1,0.0029387563183260845
culinária,1,0.0029387563183260845
comumente,1,0.0029387563183260845
utilizados,1,0.0029387563183260845
cereais,1,0.0029387563183260845
cultivados,1,0.0029387563183260845
sorgo,1,0.0029387563183260845
painço,1,0.0029387563183260845
frade,1,0.0029387563183260845
lentilha,1,0.0029387563183260845
inhame,1,0.0029387563183260845
dinhungo,1,0.0029387563183260845
abóbora,1,0.0029387563183260845
carneira,1,0.0029387563183260845
destaques,1,0.0029387563183260845
melancia,1,0.0029387563183260845
tamarindo,1,0.0029387563183260845
fruto,1,0.0029387563183260845
imbondeiro,1,0.0029387563183260845
azeite,1,0.0029387563183260845
óleo,1,0.0029387563183260845
palma,1,0.0029387563183260845
preparo,1,0.0029387563183260845
receitas,1,0.0029387563183260845
peoplemover.org,1,0.0029387563183260845
completas,1,0.0029387563183260845
custumam,1,0.0029387563183260845
Aeropoto,1,0.0029387563183260845
Ted,1,0.0029387563183260845
Stevens,1,0.0029387563183260845
locadoras,1,0.0029387563183260845
localizações,1,0.0029387563183260845
prepare,1,0.0029387563183260845
astronómico,1,0.0029387563183260845
Yellow,1,0.0029387563183260845
Checker,1,0.0029387563183260845
Aurora,1,0.0029387563183260845
crescer,1,0.0029387563183260845
balcão,1,0.0029387563183260845
Vella,1,0.0029387563183260845
parlamentar,1,0.0029387563183260845
funji,1,0.0029387563183260845
cozida,1,0.0029387563183260845
farinha,1,0.0029387563183260845
acompanhar,1,0.0029387563183260845
receita,1,0.0029387563183260845
acompanhada,1,0.0029387563183260845
angolana,1,0.0029387563183260845
discotecas,1,0.0029387563183260845
distingue,1,0.0029387563183260845
gêneros,1,0.0029387563183260845
significados,1,0.0029387563183260845
contextos,1,0.0029387563183260845
equilibrando,1,0.0029387563183260845
recreativa,1,0.0029387563183260845
condição,1,0.0029387563183260845
curativa,1,0.0029387563183260845
intervenção,1,0.0029387563183260845
social,1,0.0029387563183260845
restringindo,1,0.0029387563183260845
âmbito,1,0.0029387563183260845
manifesta,1,0.0029387563183260845
linguagens,1,0.0029387563183260845
académicas,1,0.0029387563183260845
contemporâneas,1,0.0029387563183260845
quotidiano,1,0.0029387563183260845
produto,1,0.0029387563183260845
contexto,1,0.0029387563183260845
apelativo,1,0.0029387563183260845
interiorização,1,0.0029387563183260845
rítmicas,1,0.0029387563183260845
Iniciando,1,0.0029387563183260845
criança,1,0.0029387563183260845
movimentos,1,0.0029387563183260845
mãe,1,0.0029387563183260845
costas,1,0.0029387563183260845
transportada,1,0.0029387563183260845
fortalecida,1,0.0029387563183260845
participação,1,0.0029387563183260845
sociais,1,0.0029387563183260845
envolvem,1,0.0029387563183260845
determinante,1,0.0029387563183260845
fator,1,0.0029387563183260845
comunitário,1,0.0029387563183260845
acabou,1,0.0029387563183260845
sofrer,1,0.0029387563183260845
misturas,1,0.0029387563183260845
culturas,1,0.0029387563183260845
começam,1,0.0029387563183260845
sequençiais,1,0.0029387563183260845
Cordova,1,0.0029387563183260845
Denali,1,0.0029387563183260845
Isto,1,0.0029387563183260845
coerente,1,0.0029387563183260845
óptimo,1,0.0029387563183260845
milhas,1,0.0029387563183260845
pavimentadas,1,0.0029387563183260845
Tony,1,0.0029387563183260845
Knowles,1,0.0029387563183260845
aparalelo,1,0.0029387563183260845
tours,1,0.0029387563183260845
deteminado,1,0.0029387563183260845
poupar,1,0.0029387563183260845
use,1,0.0029387563183260845
PeopleMover,1,0.0029387563183260845
passe,1,0.0029387563183260845
dis,1,0.0029387563183260845
atrasados,1,0.0029387563183260845
Verde,1,0.0029387563183260845
Semba,1,0.0029387563183260845
Kuduro,1,0.0029387563183260845
Kizomba,1,0.0029387563183260845
Tarraxinha,1,0.0029387563183260845
Pra,1,0.0029387563183260845
ligue,1,0.0029387563183260845
+244939136634,1,0.0029387563183260845
|imagem=,1,0.0029387563183260845
Dependência,1,0.0029387563183260845
Caraíbas,1,0.0029387563183260845
Orientais,1,0.0029387563183260845
XCD,1,0.0029387563183260845
|área=102,1,0.0029387563183260845
|população=13.477,1,0.0029387563183260845
esqueça,1,0.0029387563183260845
deter,1,0.0029387563183260845
Mile,1,0.0029387563183260845
Post,1,0.0029387563183260845
detalhado,1,0.0029387563183260845
apontando,1,0.0029387563183260845
cénicas,1,0.0029387563183260845
leve,1,0.0029387563183260845
Costcos,1,0.0029387563183260845
WalMart,1,0.0029387563183260845
desenvolvida,1,0.0029387563183260845
caminhável,1,0.0029387563183260845
excepção,1,0.0029387563183260845
compacta,1,0.0029387563183260845
grede,1,0.0029387563183260845
Primeira,1,0.0029387563183260845
First,1,0.0029387563183260845
Avenue,1,0.0029387563183260845
sucedendo,1,0.0029387563183260845
nomes,1,0.0029387563183260845
Maioria,1,0.0029387563183260845
|códigotelefônico=+1,1,0.0029387563183260845
Martin,1,0.0029387563183260845
rodeada,1,0.0029387563183260845
contamos,1,0.0029387563183260845
areais,1,0.0029387563183260845
brancas,1,0.0029387563183260845
finas,1,0.0029387563183260845
turquesa,1,0.0029387563183260845
contam,1,0.0029387563183260845
Tomé,1,0.0029387563183260845
Príncipe,1,0.0029387563183260845
caboverdianos,1,0.0029387563183260845
estimado,1,0.0029387563183260845
09,1,0.0029387563183260845
Idioma,1,0.0029387563183260845
movimentação,1,0.0029387563183260845
Wallblake,1,0.0029387563183260845
House,1,0.0029387563183260845
mansão,1,0.0029387563183260845
associada,1,0.0029387563183260845
lendas,1,0.0029387563183260845
assassinatos,1,0.0029387563183260845
exuberância,1,0.0029387563183260845
Dog,1,0.0029387563183260845
cabanas,1,0.0029387563183260845
àqueles,1,0.0029387563183260845
buscam,1,0.0029387563183260845
tranqüilidade,1,0.0029387563183260845
deleite,1,0.0029387563183260845
cristalinas,1,0.0029387563183260845
Fountain,1,0.0029387563183260845
petrogrifos,1,0.0029387563183260845
índios,1,0.0029387563183260845
arawak,1,0.0029387563183260845
lha,1,0.0029387563183260845
Chapéu,1,0.0029387563183260845
tranqüilas,1,0.0029387563183260845
velho,1,0.0029387563183260845
completou,1,0.0029387563183260845
extenso,1,0.0029387563183260845
remodelamento,1,0.0029387563183260845
acomodar,1,0.0029387563183260845
estimaram,1,0.0029387563183260845
providenciam,1,0.0029387563183260845
terminais,1,0.0029387563183260845
incluir,1,0.0029387563183260845
guiadas,1,0.0029387563183260845
regresso,1,0.0029387563183260845
aéreo,1,0.0029387563183260845
atingida,1,0.0029387563183260845
Colúmbia,1,0.0029387563183260845
Britânica,1,0.0029387563183260845
Parks,1,0.0029387563183260845
Glenn,1,0.0029387563183260845
Tok,1,0.0029387563183260845
hipóteses,1,0.0029387563183260845
Seward,1,0.0029387563183260845
Harbour,1,0.0029387563183260845
encontre,1,0.0029387563183260845
gracioso,1,0.0029387563183260845
rá,1,0.0029387563183260845
Pesca,1,0.0029387563183260845
Vela,1,0.0029387563183260845
nado,1,0.0029387563183260845
Páscoa,1,0.0029387563183260845
Trabalho,1,0.0029387563183260845
Aniversário,1,0.0029387563183260845
Rainha,1,0.0029387563183260845
Constituição,1,0.0029387563183260845
08,1,0.0029387563183260845
Agosto,1,0.0029387563183260845
Separação,1,0.0029387563183260845
Boxing,1,0.0029387563183260845
Day,1,0.0029387563183260845
catolicismo,1,0.0029387563183260845
intensidade,1,0.0029387563183260845
74,1,0.0029387563183260845
estiagem,1,0.0029387563183260845
outono,1,0.0029387563183260845
primavera,1,0.0029387563183260845
Frequentemente,1,0.0029387563183260845
ouvirá,1,0.0029387563183260845
anchoragianos,1,0.0029387563183260845
termos,1,0.0029387563183260845
municipalidades,1,0.0029387563183260845
separadas,1,0.0029387563183260845
misturaram,1,0.0029387563183260845
eficiente,1,0.0029387563183260845
Portland,1,0.0029387563183260845
Minneapolis,1,0.0029387563183260845
partidas,1,0.0029387563183260845
vermelhos,1,0.0029387563183260845
peregrinos,1,0.0029387563183260845
abrigar,1,0.0029387563183260845
170,1,0.0029387563183260845
confunde,1,0.0029387563183260845
mistura,1,0.0029387563183260845
Teve,1,0.0029387563183260845
Assumar,1,0.0029387563183260845
Gerais,1,0.0029387563183260845
iria,1,0.0029387563183260845
Preto,1,0.0029387563183260845
providências,1,0.0029387563183260845
trouxessem,1,0.0029387563183260845
quantospeixes,1,0.0029387563183260845
caíssem,1,0.0029387563183260845
promoverem,1,0.0029387563183260845
banquete,1,0.0029387563183260845
servir,1,0.0029387563183260845
comitiva,1,0.0029387563183260845
auxiliares,1,0.0029387563183260845
pescado,1,0.0029387563183260845
salgada,1,0.0029387563183260845
estivessem,1,0.0029387563183260845
descampado,1,0.0029387563183260845
Pretendia,1,0.0029387563183260845
Dom,1,0.0029387563183260845
recursos,1,0.0029387563183260845
vilarejo,1,0.0029387563183260845
pesca,1,0.0029387563183260845
convocados,1,0.0029387563183260845
Colocaram,1,0.0029387563183260845
canoas,1,0.0029387563183260845
jogaram,1,0.0029387563183260845
sucesso,1,0.0029387563183260845
pararam,1,0.0029387563183260845
desanimados,1,0.0029387563183260845
abatidos,1,0.0029387563183260845
Itaguaçú,1,0.0029387563183260845
Numa,1,0.0029387563183260845
jogou,1,0.0029387563183260845
conserva,1,0.0029387563183260845
cosmopolita,1,0.0029387563183260845
300.000,1,0.0029387563183260845
definida,1,0.0029387563183260845
Muldoon,1,0.0029387563183260845
Rabbit,1,0.0029387563183260845
Creek,1,0.0029387563183260845
Cokk,1,0.0029387563183260845
Inlet,1,0.0029387563183260845
Vários,1,0.0029387563183260845
estejam,1,0.0029387563183260845
fisicamente,1,0.0029387563183260845
-2,1,0.0029387563183260845
Máximas,1,0.0029387563183260845
-35,1,0.0029387563183260845
Mínimas,1,0.0029387563183260845
-48,1,0.0029387563183260845
1941.Raramente,1,0.0029387563183260845
aconteceu,1,0.0029387563183260845
1992.A,1,0.0029387563183260845
sentiu,1,0.0029387563183260845
pesado,1,0.0029387563183260845
puxar,1,0.0029387563183260845
malhas,1,0.0029387563183260845
Surpreendeu,1,0.0029387563183260845
puxá,1,0.0029387563183260845
anjos,1,0.0029387563183260845
esculpidos,1,0.0029387563183260845
pés,1,0.0029387563183260845
Espantado,1,0.0029387563183260845
lançou,1,0.0029387563183260845
novamente,1,0.0029387563183260845
ajustava,1,0.0029387563183260845
perfeitamente,1,0.0029387563183260845
reunir,1,0.0029387563183260845
surgiram,1,0.0029387563183260845
abundância,1,0.0029387563183260845
dedicados,1,0.0029387563183260845
quinze,1,0.0029387563183260845
protegida,1,0.0029387563183260845
reuniam,1,0.0029387563183260845
parentes,1,0.0029387563183260845
pico,1,0.0029387563183260845
Táxis,1,0.0029387563183260845
compensam,1,0.0029387563183260845
certo,1,0.0029387563183260845
encarecer,1,0.0029387563183260845
trafegar,1,0.0029387563183260845
Cooperativas,1,0.0029387563183260845
Táxi,1,0.0029387563183260845
razoável,1,0.0029387563183260845
frota,1,0.0029387563183260845
"2,20",1,0.0029387563183260845
TCA,1,0.0029387563183260845
recomendável,1,0.0029387563183260845
ciclovias,1,0.0029387563183260845
verdes,1,0.0029387563183260845
vendedoras,1,0.0029387563183260845
caseiros,1,0.0029387563183260845
pimenta,1,0.0029387563183260845
rezar,1,0.0029387563183260845
adorar,1,0.0029387563183260845
milagres,1,0.0029387563183260845
realizava,1,0.0029387563183260845
Filipe,1,0.0029387563183260845
oratório,1,0.0029387563183260845
ali,1,0.0029387563183260845
1734,1,0.0029387563183260845
Vigário,1,0.0029387563183260845
Morro,1,0.0029387563183260845
visitação,1,0.0029387563183260845
1745,1,0.0029387563183260845
aumentava,1,0.0029387563183260845
exigia,1,0.0029387563183260845
iniciou,1,0.0029387563183260845
1834,1,0.0029387563183260845
1888,1,0.0029387563183260845
aviões,1,0.0029387563183260845
projeto,1,0.0029387563183260845
Infraero,1,0.0029387563183260845
2025,1,0.0029387563183260845
Valois,1,0.0029387563183260845
siga,1,0.0029387563183260845
filosoficamente,1,0.0029387563183260845
revistas,1,0.0029387563183260845
tabacaria,1,0.0029387563183260845
guarda,1,0.0029387563183260845
1908,1,0.0029387563183260845
criado,1,0.0029387563183260845
foros,1,0.0029387563183260845
Vinte,1,0.0029387563183260845
dezembro,1,0.0029387563183260845
1928,1,0.0029387563183260845
formou,1,0.0029387563183260845
emancipando,1,0.0029387563183260845
2.312,1,0.0029387563183260845
elevando,1,0.0029387563183260845
1929,1,0.0029387563183260845
proclamada,1,0.0029387563183260845
Padroeira,1,0.0029387563183260845
Oficial,1,0.0029387563183260845
determinação,1,0.0029387563183260845
Pio,1,0.0029387563183260845
XI,1,0.0029387563183260845
aumento,1,0.0029387563183260845
surgisse,1,0.0029387563183260845
iniciativa,1,0.0029387563183260845
Missionários,1,0.0029387563183260845
Redentoristas,1,0.0029387563183260845
Senhores,1,0.0029387563183260845
Bispos,1,0.0029387563183260845
tutela,1,0.0029387563183260845
Arcebispo,1,0.0029387563183260845
Macedo,1,0.0029387563183260845
Mariano,1,0.0029387563183260845
elaborada,1,0.0029387563183260845
Jesus,1,0.0029387563183260845
arquitetônico,1,0.0029387563183260845
André,1,0.0029387563183260845
consagrada,1,0.0029387563183260845
declarada,1,0.0029387563183260845
CNBB,1,0.0029387563183260845
207,1,0.0029387563183260845
116,1,0.0029387563183260845
Dutra,1,0.0029387563183260845
Taubaté,1,0.0029387563183260845
its,1,0.0029387563183260845
region,1,0.0029387563183260845
claimed,1,0.0029387563183260845
Agro,1,0.0029387563183260845
DAIA,1,0.0029387563183260845
investidores,1,0.0029387563183260845
utilizada,1,0.0029387563183260845
220V,1,0.0029387563183260845
corrente,1,0.0029387563183260845
alternada,1,0.0029387563183260845
Hz,1,0.0029387563183260845
interruptor,1,0.0029387563183260845
ligar,1,0.0029387563183260845
aparellho,1,0.0029387563183260845
bivolt,1,0.0029387563183260845
distribuição,1,0.0029387563183260845
elétrica,1,0.0029387563183260845
CELG,1,0.0029387563183260845
elétrico,1,0.0029387563183260845
partido,1,0.0029387563183260845
Yuan,1,0.0029387563183260845
CNY,1,0.0029387563183260845
HKD,1,0.0029387563183260845
Pataca,1,0.0029387563183260845
MOP,1,0.0029387563183260845
área=9.596.960,1,0.0029387563183260845
"população=1,393",1,0.0029387563183260845
bilhão,1,0.0029387563183260845
est.2018,1,0.0029387563183260845
Mandarim,1,0.0029387563183260845
cantonês,1,0.0029387563183260845
wu,1,0.0029387563183260845
xiang,1,0.0029387563183260845
gan,1,0.0029387563183260845
Daoístas,1,0.0029387563183260845
Taoísta,1,0.0029387563183260845
budistas,1,0.0029387563183260845
ateísta,1,0.0029387563183260845
中国,1,0.0029387563183260845
Pinyin,1,0.0029387563183260845
Zhōngguó,1,0.0029387563183260845
Prof.,1,0.0029387563183260845
Silva,1,0.0029387563183260845
Batista,1,0.0029387563183260845
gerenciar,1,0.0029387563183260845
discussões,1,0.0029387563183260845
emancipada,1,0.0029387563183260845
1907,1,0.0029387563183260845
320,1,0.0029387563183260845
assinado,1,0.0029387563183260845
Rocha,1,0.0029387563183260845
presidente,1,0.0029387563183260845
denominada,1,0.0029387563183260845
padroeira,1,0.0029387563183260845
340,1,0.0029387563183260845
nacionalmente,1,0.0029387563183260845
Força,1,0.0029387563183260845
Brasileira,1,0.0029387563183260845
remonta,1,0.0029387563183260845
singular,1,0.0029387563183260845
econômico,1,0.0029387563183260845
surpreendem,1,0.0029387563183260845
gigantesco,1,0.0029387563183260845
variado,1,0.0029387563183260845
geografia,1,0.0029387563183260845
generalizar,1,0.0029387563183260845
Novo,1,0.0029387563183260845
feriado,1,0.0029387563183260845
viajam,1,0.0029387563183260845
fluxo,1,0.0029387563183260845
pesadamente,1,0.0029387563183260845
sentidos,1,0.0029387563183260845
acomodações,1,0.0029387563183260845
respeita,1,0.0029387563183260845
lunar,1,0.0029387563183260845
coincide,1,0.0029387563183260845
Vietnã,1,0.0029387563183260845
Coreia|Coréia,1,0.0029387563183260845
darão,1,0.0029387563183260845
China)|Nordeste,1,0.0029387563183260845
Liaoning,1,0.0029387563183260845
Jilin,1,0.0029387563183260845
Heilongjiang,1,0.0029387563183260845
dōngběi,1,0.0029387563183260845
industriais,1,0.0029387563183260845
longos,1,0.0029387563183260845
russa,1,0.0029387563183260845
coreana,1,0.0029387563183260845
China)|Norte,1,0.0029387563183260845
Shandong,1,0.0029387563183260845
Shanxi,1,0.0029387563183260845
Mongólia,1,0.0029387563183260845
Interior,1,0.0029387563183260845
Henan,1,0.0029387563183260845
Hebei,1,0.0029387563183260845
Tianjin,1,0.0029387563183260845
Bacia,1,0.0029387563183260845
Amarelo,1,0.0029387563183260845
berço,1,0.0029387563183260845
Noroeste,1,0.0029387563183260845
China)|Noroeste,1,0.0029387563183260845
Capuava,1,0.0029387563183260845
confiáveis,1,0.0029387563183260845
1859,1,0.0029387563183260845
mulher,1,0.0029387563183260845
lombo,1,0.0029387563183260845
cavalos,1,0.0029387563183260845
tropa,1,0.0029387563183260845
carregava,1,0.0029387563183260845
conseguiram,1,0.0029387563183260845
erguer,1,0.0029387563183260845
reconheceu,1,0.0029387563183260845
santa,1,0.0029387563183260845
prometeu,1,0.0029387563183260845
fosse,1,0.0029387563183260845
Passam,1,0.0029387563183260845
Ramos,1,0.0029387563183260845
muda,1,0.0029387563183260845
constrói,1,0.0029387563183260845
Shaanxi,1,0.0029387563183260845
Gansu,1,0.0029387563183260845
Ningxia,1,0.0029387563183260845
Xinjiang,1,0.0029387563183260845
Local,1,0.0029387563183260845
desertos,1,0.0029387563183260845
nômades,1,0.0029387563183260845
China)|Sudoeste,1,0.0029387563183260845
região4itens,1,0.0029387563183260845
Yunnan,1,0.0029387563183260845
Guangxi,1,0.0029387563183260845
Guizhou,1,0.0029387563183260845
montahosa,1,0.0029387563183260845
China)|Sul,1,0.0029387563183260845
região5itens,1,0.0029387563183260845
Anhui,1,0.0029387563183260845
Sichuan,1,0.0029387563183260845
Hubei,1,0.0029387563183260845
Hunan,1,0.0029387563183260845
Jiangxi,1,0.0029387563183260845
agricultura,1,0.0029387563183260845
vales,1,0.0029387563183260845
temperadas,1,0.0029387563183260845
sub,1,0.0029387563183260845
China)|Sudeste,1,0.0029387563183260845
região6cor=#ffd0d0,1,0.0029387563183260845
região6itens,1,0.0029387563183260845
Guangdong,1,0.0029387563183260845
Hainan,1,0.0029387563183260845
Fujian,1,0.0029387563183260845
região6descrição,1,0.0029387563183260845
Meridional,1,0.0029387563183260845
região7nome,1,0.0029387563183260845
China)|Leste,1,0.0029387563183260845
região7itens,1,0.0029387563183260845
Jiangsu,1,0.0029387563183260845
Zhejiang,1,0.0029387563183260845
região7descrição,1,0.0029387563183260845
Exceto,1,0.0029387563183260845
exigidos,1,0.0029387563183260845
obtidos,1,0.0029387563183260845
permitem,1,0.0029387563183260845
retornar,1,0.0029387563183260845
mandarim,1,0.0029387563183260845
direçãod2,1,0.0029387563183260845
maiord2,1,0.0029387563183260845
Goiânia|Aparecida,1,0.0029387563183260845
historiadores,1,0.0029387563183260845
goianos,1,0.0029387563183260845
Auguste,1,0.0029387563183260845
Hillare,1,0.0029387563183260845
1819,1,0.0029387563183260845
citou,1,0.0029387563183260845
Cunha,1,0.0029387563183260845
proprietário,1,0.0029387563183260845
estendia,1,0.0029387563183260845
compreende,1,0.0029387563183260845
1850,1,0.0029387563183260845
povoada,1,0.0029387563183260845
Forma,1,0.0029387563183260845
Córrego,1,0.0029387563183260845
dialetos,1,0.0029387563183260845
falados,1,0.0029387563183260845
Dificilmente,1,0.0029387563183260845
lt;br,1,0.0029387563183260845
sistemas,1,0.0029387563183260845
apresentados,1,0.0029387563183260845
cor,1,0.0029387563183260845
convidado,1,0.0029387563183260845
permanecem,1,0.0029387563183260845
largamente,1,0.0029387563183260845
desconhecidos,1,0.0029387563183260845
Aprender,1,0.0029387563183260845
caracteres,1,0.0029387563183260845
牛,1,0.0029387563183260845
鸡,1,0.0029387563183260845
炒,1,0.0029387563183260845
汤,1,0.0029387563183260845
饭,1,0.0029387563183260845
水,1,0.0029387563183260845
territorial,1,0.0029387563183260845
variada,1,0.0029387563183260845
influências,1,0.0029387563183260845
respectivas,1,0.0029387563183260845
chá,1,0.0029387563183260845
consumida,1,0.0029387563183260845
fálica,1,0.0029387563183260845
supostamente,1,0.0029387563183260845
encorajar,1,0.0029387563183260845
procurar,1,0.0029387563183260845
amor,1,0.0029387563183260845
casamento,1,0.0029387563183260845
sexuais,1,0.0029387563183260845
apelidado,1,0.0029387563183260845
Cupido,1,0.0029387563183260845
Miranda,1,0.0029387563183260845
imagem2,1,0.0029387563183260845
IP9,1,0.0029387563183260845
direçãoe2,1,0.0029387563183260845
maiore2,1,0.0029387563183260845
Braga,1,0.0029387563183260845
menore2,1,0.0029387563183260845
consumo,1,0.0029387563183260845
exóticos,1,0.0029387563183260845
cachorro,1,0.0029387563183260845
permitidos,1,0.0029387563183260845
Principalmente,1,0.0029387563183260845
Universidades,1,0.0029387563183260845
métodos,1,0.0029387563183260845
ensino,1,0.0029387563183260845
atender,1,0.0029387563183260845
北京大学,1,0.0029387563183260845
Tsinghua,1,0.0029387563183260845
University,1,0.0029387563183260845
清华大学,1,0.0029387563183260845
prestigiadas,1,0.0029387563183260845
classificada,1,0.0029387563183260845
global(atrás,1,0.0029387563183260845
implementa,1,0.0029387563183260845
desenvolvidas,1,0.0029387563183260845
prevenir,1,0.0029387563183260845
trombadinhas,1,0.0029387563183260845
batedor,1,0.0029387563183260845
carteira,1,0.0029387563183260845
extramente,1,0.0029387563183260845
respeitada,1,0.0029387563183260845
|localização=,1,0.0029387563183260845
Libra,1,0.0029387563183260845
CYP,1,0.0029387563183260845
|área=9.250,1,0.0029387563183260845
3.355,1,0.0029387563183260845
áera,1,0.0029387563183260845
|população=784.301,1,0.0029387563183260845
grego|Grego,1,0.0029387563183260845
turco|turco,1,0.0029387563183260845
Ortodoxos,1,0.0029387563183260845
78,1,0.0029387563183260845
muculmanos,1,0.0029387563183260845
Κυπρος,1,0.0029387563183260845
Kıbrıs,1,0.0029387563183260845
Particularmente,1,0.0029387563183260845
Zé,1,0.0029387563183260845
disputando,1,0.0029387563183260845
clientela,1,0.0029387563183260845
apresentar,1,0.0029387563183260845
cujos,1,0.0029387563183260845
sangue,1,0.0029387563183260845
combinam,1,0.0029387563183260845
vinho,1,0.0029387563183260845
produzido,1,0.0029387563183260845
papos,1,0.0029387563183260845
anjo,1,0.0029387563183260845
lérias,1,0.0029387563183260845
brisas,1,0.0029387563183260845
mosteiro,1,0.0029387563183260845
típica,1,0.0029387563183260845
Sicília,1,0.0029387563183260845
Sardenha,1,0.0029387563183260845
Europa|europeu,1,0.0029387563183260845
administrativas,1,0.0029387563183260845
carrega,1,0.0029387563183260845
divisão,1,0.0029387563183260845
efetivo,1,0.0029387563183260845
Quirênia,1,0.0029387563183260845
Nicósia,1,0.0029387563183260845
lt;sup&gt;*&lt;/sup&gt,1,0.0029387563183260845
Chipre|República,1,0.0029387563183260845
porção,1,0.0029387563183260845
grega,1,0.0029387563183260845
membro,1,0.0029387563183260845
autoproclama,1,0.0029387563183260845
pedal,1,0.0029387563183260845
óptima,1,0.0029387563183260845
geográfica,1,0.0029387563183260845
Trás,1,0.0029387563183260845
Douro|Trás,1,0.0029387563183260845
pertencer,1,0.0029387563183260845
Litoral,1,0.0029387563183260845
influenciaram,1,0.0029387563183260845
baseada,1,0.0029387563183260845
hipercalóricos,1,0.0029387563183260845
vegetariano,1,0.0029387563183260845
serrano,1,0.0029387563183260845
vitela,1,0.0029387563183260845
arouquesa,1,0.0029387563183260845
maronesa,1,0.0029387563183260845
feijoada,1,0.0029387563183260845
tripas,1,0.0029387563183260845
cozido,1,0.0029387563183260845
separando,1,0.0029387563183260845
étnicos,1,0.0029387563183260845
cipriotas,1,0.0029387563183260845
diminuíram,1,0.0029387563183260845
consideravelmente,1,0.0029387563183260845
reunificação,1,0.0029387563183260845
independente,1,0.0029387563183260845
1960,1,0.0029387563183260845
declara,1,0.0029387563183260845
Temperado,1,0.0029387563183260845
secos,1,0.0029387563183260845
Planície,1,0.0029387563183260845
dispersas,1,0.0029387563183260845
significativas,1,0.0029387563183260845
culminante,1,0.0029387563183260845
Monte,1,0.0029387563183260845
Olimpo,1,0.0029387563183260845
1.951,1,0.0029387563183260845
controlada,1,0.0029387563183260845
exige,1,0.0029387563183260845
acordos,1,0.0029387563183260845
bilaterais,1,0.0029387563183260845
dificultado,1,0.0029387563183260845
status,1,0.0029387563183260845
reconhecimento,1,0.0029387563183260845
"6,40",1,0.0029387563183260845
08h30,1,0.0029387563183260845
"10,80",1,0.0029387563183260845
Consulte,1,0.0029387563183260845
rápida,1,0.0029387563183260845
IP4,1,0.0029387563183260845
min,1,0.0029387563183260845
Andar,1,0.0029387563183260845
alturas,1,0.0029387563183260845
enchem,1,0.0029387563183260845
ocupam,1,0.0029387563183260845
estacionamento,1,0.0029387563183260845
deseje,1,0.0029387563183260845
fazê,1,0.0029387563183260845
Pafos,1,0.0029387563183260845
costs,1,0.0029387563183260845
International,1,0.0029387563183260845
LCA,1,0.0029387563183260845
Paphos,1,0.0029387563183260845
PFO,1,0.0029387563183260845
cost,1,0.0029387563183260845
Grécia,1,0.0029387563183260845
deficiente,1,0.0029387563183260845
dirigem,1,0.0029387563183260845
Dirigir,1,0.0029387563183260845
apto,1,0.0029387563183260845
supressão,1,0.0029387563183260845
Livração,1,0.0029387563183260845
assegurado,1,0.0029387563183260845
tantos,1,0.0029387563183260845
Rodo,1,0.0029387563183260845
+351,1,0.0029387563183260845
710,1,0.0029387563183260845
fax:+351,1,0.0029387563183260845
729,1,0.0029387563183260845
mailto:geral@rodonorte.pt,1,0.0029387563183260845
geral@rodonorte.pt,1,0.0029387563183260845
11h00,1,0.0029387563183260845
Rodonorte,1,0.0029387563183260845
07h00,1,0.0029387563183260845
14h30,1,0.0029387563183260845
16h30,1,0.0029387563183260845
21h20,1,0.0029387563183260845
deficientes,1,0.0029387563183260845
preferível,1,0.0029387563183260845
finais,1,0.0029387563183260845
Travel,1,0.0029387563183260845
Express,1,0.0029387563183260845
funcionam,1,0.0029387563183260845
marcar,1,0.0029387563183260845
pego,1,0.0029387563183260845
limites,1,0.0029387563183260845
Tarifa,1,0.0029387563183260845
feriados,1,0.0029387563183260845
1954,1,0.0029387563183260845
adultos,1,0.0029387563183260845
britânico,1,0.0029387563183260845
fundação,1,0.0029387563183260845
multissecular,1,0.0029387563183260845
concedido,1,0.0029387563183260845
Manuel,1,0.0029387563183260845
datado,1,0.0029387563183260845
1513,1,0.0029387563183260845
Composto,1,0.0029387563183260845
serrana,1,0.0029387563183260845
ribeirinha,1,0.0029387563183260845
espraia,1,0.0029387563183260845
dorso,1,0.0029387563183260845
eixos,1,0.0029387563183260845
morfológicos,1,0.0029387563183260845
determinantes,1,0.0029387563183260845
conferem,1,0.0029387563183260845
paisagísticas,1,0.0029387563183260845
proporciona,1,0.0029387563183260845
acolhimento,1,0.0029387563183260845
tipicamente,1,0.0029387563183260845
serranas,1,0.0029387563183260845
Papas,1,0.0029387563183260845
Bustelo,1,0.0029387563183260845
Lage,1,0.0029387563183260845
Aveloso,1,0.0029387563183260845
Gralheira,1,0.0029387563183260845
Talegre,1,0.0029387563183260845
marco,1,0.0029387563183260845
geodésico,1,0.0029387563183260845
assume,1,0.0029387563183260845
1382,1,0.0029387563183260845
reveste,1,0.0029387563183260845
únicas,1,0.0029387563183260845
cascatas,1,0.0029387563183260845
incendiado,1,0.0029387563183260845
totalidade,1,0.0029387563183260845
liberais,1,0.0029387563183260845
reorganizaram,1,0.0029387563183260845
administrativamente,1,0.0029387563183260845
1855,1,0.0029387563183260845
extinguiram,1,0.0029387563183260845
municípios,1,0.0029387563183260845
Gouveia,1,0.0029387563183260845
Gestaço,1,0.0029387563183260845
Ribatâmega,1,0.0029387563183260845
Celorico,1,0.0029387563183260845
Basto,1,0.0029387563183260845
apogeu,1,0.0029387563183260845
inícios,1,0.0029387563183260845
amarantinos,1,0.0029387563183260845
pintura,1,0.0029387563183260845
adquiriu,1,0.0029387563183260845
estatuto,1,0.0029387563183260845
1985,1,0.0029387563183260845
neste,1,0.0029387563183260845
lagos,1,0.0029387563183260845
espelhos,1,0.0029387563183260845
gelo,1,0.0029387563183260845
Bestança,1,0.0029387563183260845
acompanha,1,0.0029387563183260845
exala,1,0.0029387563183260845
genuinidade,1,0.0029387563183260845
ruralidade,1,0.0029387563183260845
etnografia,1,0.0029387563183260845
inalterados,1,0.0029387563183260845
socalcos,1,0.0029387563183260845
pasto,1,0.0029387563183260845
agrícola,1,0.0029387563183260845
habilmente,1,0.0029387563183260845
molados,1,0.0029387563183260845
moínhos,1,0.0029387563183260845
empedrados,1,0.0029387563183260845
pontes,1,0.0029387563183260845
sobreposta,1,0.0029387563183260845
únicos,1,0.0029387563183260845
repleto,1,0.0029387563183260845
quedas,1,0.0029387563183260845
calçadas,1,0.0029387563183260845
delimitam,1,0.0029387563183260845
troços,1,0.0029387563183260845
vocação,1,0.0029387563183260845
caça,1,0.0029387563183260845
ócio,1,0.0029387563183260845
práctica,1,0.0029387563183260845
náutica,1,0.0029387563183260845
Carrapatelo,1,0.0029387563183260845
respectivos,1,0.0029387563183260845
acostagem,1,0.0029387563183260845
amarração,1,0.0029387563183260845
Antigo,1,0.0029387563183260845
associado,1,0.0029387563183260845
diz,1,0.0029387563183260845
amena,1,0.0029387563183260845
favores,1,0.0029387563183260845
esmeram,1,0.0029387563183260845
....,1,0.0029387563183260845
Saraiva,1,0.0029387563183260845
vivido,1,0.0029387563183260845
sepultado,1,0.0029387563183260845
1763,1,0.0029387563183260845
reconstruída,1,0.0029387563183260845
aspecto,1,0.0029387563183260845
tenta,1,0.0029387563183260845
invadir,1,0.0029387563183260845
passaram,1,0.0029387563183260845
invasões,1,0.0029387563183260845
francesas,1,0.0029387563183260845
heroico,1,0.0029387563183260845
valeu,1,0.0029387563183260845
Conde,1,0.0029387563183260845
honra,1,0.0029387563183260845
agraciada,1,0.0029387563183260845
Torre,1,0.0029387563183260845
Espada,1,0.0029387563183260845
reflete,1,0.0029387563183260845
episódio,1,0.0029387563183260845
criam,1,0.0029387563183260845
reconstrução,1,0.0029387563183260845
tinham,1,0.0029387563183260845
Museu.&lt;br,1,0.0029387563183260845
Flávio,1,0.0029387563183260845
Resende,1,0.0029387563183260845
n.º,1,0.0029387563183260845
34,1,0.0029387563183260845
Situado,1,0.0029387563183260845
envolvente,1,0.0029387563183260845
2000,1,0.0029387563183260845
contribuído,1,0.0029387563183260845
dinâmica,1,0.0029387563183260845
habitação,1,0.0029387563183260845
primária,1,0.0029387563183260845
permitisse,1,0.0029387563183260845
elaborar,1,0.0029387563183260845
museológico,1,0.0029387563183260845
criar,1,0.0029387563183260845
dimensões,1,0.0029387563183260845
existentes.&lt;br,1,0.0029387563183260845
Das,1,0.0029387563183260845
patentes,1,0.0029387563183260845
algum,1,0.0029387563183260845
espólio,1,0.0029387563183260845
pertenceu,1,0.0029387563183260845
intrépido,1,0.0029387563183260845
edições,1,0.0029387563183260845
livros,1,0.0029387563183260845
telegramas,1,0.0029387563183260845
pessoais,1,0.0029387563183260845
profissionais,1,0.0029387563183260845
reproduções,1,0.0029387563183260845
uniformes,1,0.0029387563183260845
acervo,1,0.0029387563183260845
arqueológico,1,0.0029387563183260845
resultante,1,0.0029387563183260845
escavações,1,0.0029387563183260845
investigações,1,0.0029387563183260845
realizadas,1,0.0029387563183260845
respeitantes,1,0.0029387563183260845
vestigios,1,0.0029387563183260845
Império,1,0.0029387563183260845
Romano,1,0.0029387563183260845
gentilmente,1,0.0029387563183260845
cedido,1,0.0029387563183260845
casal,1,0.0029387563183260845
Amélia,1,0.0029387563183260845
Isidro,1,0.0029387563183260845
Teixeira.&lt;br,1,0.0029387563183260845
temporariamente,1,0.0029387563183260845
habitaram,1,0.0029387563183260845
Aboboreira,1,0.0029387563183260845
Pedra,1,0.0029387563183260845
desconheça,1,0.0029387563183260845
fundadores,1,0.0029387563183260845
chegada,1,0.0029387563183260845
1259,1,0.0029387563183260845
nascido,1,0.0029387563183260845
Tagilde,1,0.0029387563183260845
peregrinar,1,0.0029387563183260845
Jerusalém,1,0.0029387563183260845
santo,1,0.0029387563183260845
atribui,1,0.0029387563183260845
alvo,1,0.0029387563183260845
peregrinações,1,0.0029387563183260845
ordena,1,0.0029387563183260845
segundo,1,0.0029387563183260845
Loja,1,0.0029387563183260845
orientada,1,0.0029387563183260845
Lugar,1,0.0029387563183260845
Imóvel,1,0.0029387563183260845
Interesse,1,0.0029387563183260845
Público&lt;br,1,0.0029387563183260845
Natividade,1,0.0029387563183260845
Freguesia,1,0.0029387563183260845
Coutos,1,0.0029387563183260845
região.&lt;br,1,0.0029387563183260845
edificada,1,0.0029387563183260845
existiu,1,0.0029387563183260845
convento,1,0.0029387563183260845
Cónegos,1,0.0029387563183260845
Regtrantes,1,0.0029387563183260845
Agostinho,1,0.0029387563183260845
fundado,1,0.0029387563183260845
presenteia,1,0.0029387563183260845
magníficas,1,0.0029387563183260845
externas,1,0.0029387563183260845
cisterna,1,0.0029387563183260845
sobreviveram,1,0.0029387563183260845
temas,1,0.0029387563183260845
atravessada,1,0.0029387563183260845
bucólico,1,0.0029387563183260845
nasceram,1,0.0029387563183260845
figuras,1,0.0029387563183260845
Cardoso,1,0.0029387563183260845
Luís,1,0.0029387563183260845
Fátima,1,0.0029387563183260845
Compostela,1,0.0029387563183260845
primitivos,1,0.0029387563183260845
1150,1,0.0029387563183260845
Construída,1,0.0029387563183260845
justaposição,1,0.0029387563183260845
rectângulos,1,0.0029387563183260845
horizontal,1,0.0029387563183260845
coberturas,1,0.0029387563183260845
diferenciadas,1,0.0029387563183260845
telhados,1,0.0029387563183260845
Fachada,1,0.0029387563183260845
decoradas,1,0.0029387563183260845
flores,1,0.0029387563183260845
estilizadas,1,0.0029387563183260845
esferas,1,0.0029387563183260845
apoiadas,1,0.0029387563183260845
vazado,1,0.0029387563183260845
portante,1,0.0029387563183260845
sino,1,0.0029387563183260845
extremidade,1,0.0029387563183260845
EN120,1,0.0029387563183260845
Portimão,1,0.0029387563183260845
Bispo,1,0.0029387563183260845
EN268,1,0.0029387563183260845
Interurbana,1,0.0029387563183260845
EVA,1,0.0029387563183260845
Portugal)|Lagoss,1,0.0029387563183260845
espanhola,1,0.0029387563183260845
fértil,1,0.0029387563183260845
separa,1,0.0029387563183260845
recente,1,0.0029387563183260845
construído,1,0.0029387563183260845
embassamento,1,0.0029387563183260845
nivelamento,1,0.0029387563183260845
piso,1,0.0029387563183260845
frestas,1,0.0029387563183260845
rosácea,1,0.0029387563183260845
angular,1,0.0029387563183260845
limita,1,0.0029387563183260845
assente,1,0.0029387563183260845
estando,1,0.0029387563183260845
Mosteiro,1,0.0029387563183260845
Tarouquela,1,0.0029387563183260845
Monumento,1,0.0029387563183260845
Nacional&lt;br,1,0.0029387563183260845
XIII,1,0.0029387563183260845
inserir,1,0.0029387563183260845
modificada,1,0.0029387563183260845
remodelada,1,0.0029387563183260845
nave,1,0.0029387563183260845
abandonado,1,0.0029387563183260845
estabelecido,1,0.0029387563183260845
recortada,1,0.0029387563183260845
circundante,1,0.0029387563183260845
Carta,1,0.0029387563183260845
devastações,1,0.0029387563183260845
tremor,1,0.0029387563183260845
Avelar,1,0.0029387563183260845
adossada,1,0.0029387563183260845
esquerdo,1,0.0029387563183260845
colunelos,1,0.0029387563183260845
capitéis,1,0.0029387563183260845
insculpidos,1,0.0029387563183260845
laterais,1,0.0029387563183260845
cega,1,0.0029387563183260845
campanário,1,0.0029387563183260845
remate,1,0.0029387563183260845
pirâmide,1,0.0029387563183260845
coroada,1,0.0029387563183260845
bola,1,0.0029387563183260845
metálica,1,0.0029387563183260845
decorado,1,0.0029387563183260845
cachorros,1,0.0029387563183260845
portantes,1,0.0029387563183260845
óculo,1,0.0029387563183260845
polilobado,1,0.0029387563183260845
marcado,1,0.0029387563183260845
tímpano,1,0.0029387563183260845
suportada,1,0.0029387563183260845
frontaria,1,0.0029387563183260845
contraforte,1,0.0029387563183260845
rasgada,1,0.0029387563183260845
http://sic.cm,1,0.0029387563183260845
abrantes.pt/turismo/site/index.html,1,0.0029387563183260845
continental,1,0.0029387563183260845
Alentejano,1,0.0029387563183260845
curvatura,1,0.0029387563183260845
propagou,1,0.0029387563183260845
ogival,1,0.0029387563183260845
toros,1,0.0029387563183260845
meias,1,0.0029387563183260845
internas,1,0.0029387563183260845
decorados,1,0.0029387563183260845
motivos,1,0.0029387563183260845
fito,1,0.0029387563183260845
zoomórficos,1,0.0029387563183260845
Cristóvão,1,0.0029387563183260845
Nogueira,1,0.0029387563183260845
fase,1,0.0029387563183260845
classificação&lt;br,1,0.0029387563183260845
tardo,1,0.0029387563183260845
românica,1,0.0029387563183260845
mencionada,1,0.0029387563183260845
memórias,1,0.0029387563183260845
paroquiais,1,0.0029387563183260845
1748,1,0.0029387563183260845
empírico,1,0.0029387563183260845
conhecendo,1,0.0029387563183260845
traça,1,0.0029387563183260845
origens,1,0.0029387563183260845
templo,1,0.0029387563183260845
reformado,1,0.0029387563183260845
períodos,1,0.0029387563183260845
maneirista,1,0.0029387563183260845
barroco,1,0.0029387563183260845
coro,1,0.0029387563183260845
estreita,1,0.0029387563183260845
coruchéu,1,0.0029387563183260845
muros,1,0.0029387563183260845
espessos,1,0.0029387563183260845
aberturas,1,0.0029387563183260845
luz,1,0.0029387563183260845
portais,1,0.0029387563183260845
arcos,1,0.0029387563183260845
apontados,1,0.0029387563183260845
assentes,1,0.0029387563183260845
salientes,1,0.0029387563183260845
ornadas,1,0.0029387563183260845
esfera,1,0.0029387563183260845
cachorradas,1,0.0029387563183260845
antropomórfica,1,0.0029387563183260845
zoomórfica,1,0.0029387563183260845
cabeceira,1,0.0029387563183260845
reedificação,1,0.0029387563183260845
muro,1,0.0029387563183260845
alçado,1,0.0029387563183260845
embutido,1,0.0029387563183260845
geométrica,1,0.0029387563183260845
primitiva,1,0.0029387563183260845
admirar,1,0.0029387563183260845
tectos,1,0.0029387563183260845
caixotões,1,0.0029387563183260845
cenas,1,0.0029387563183260845
hagiográficas,1,0.0029387563183260845
altares,1,0.0029387563183260845
talha,1,0.0029387563183260845
dourada,1,0.0029387563183260845
rococó,1,0.0029387563183260845
universitárias,1,0.0029387563183260845
poetas,1,0.0029387563183260845
Média,1,0.0029387563183260845
animada,1,0.0029387563183260845
existia,1,0.0029387563183260845
Aeminium,1,0.0029387563183260845
medida,1,0.0029387563183260845
diocese,1,0.0029387563183260845
711,1,0.0029387563183260845
esqueceram,1,0.0029387563183260845
Transforma,1,0.0029387563183260845
entreposto,1,0.0029387563183260845
moçárabe,1,0.0029387563183260845
conquistada,1,0.0029387563183260845
Leão,1,0.0029387563183260845
1064,1,0.0029387563183260845
governado,1,0.0029387563183260845
Sesnando,1,0.0029387563183260845
formação,1,0.0029387563183260845
Portucalense,1,0.0029387563183260845
shukran,1,0.0029387563183260845
emshi,1,0.0029387563183260845
conservadora,1,0.0029387563183260845
cubram,1,0.0029387563183260845
ombros,1,0.0029387563183260845
pernas,1,0.0029387563183260845
cabelo,1,0.0029387563183260845
assediadas,1,0.0029387563183260845
sepecialmente,1,0.0029387563183260845
sozinhas,1,0.0029387563183260845
resposta,1,0.0029387563183260845
cobrir,1,0.0029387563183260845
cebeça,1,0.0029387563183260845
fingir,1,0.0029387563183260845
ouviu,1,0.0029387563183260845
cubrir,1,0.0029387563183260845
quanndo,1,0.0029387563183260845
culto,1,0.0029387563183260845
Henrique,1,0.0029387563183260845
Teresa,1,0.0029387563183260845
ia,1,0.0029387563183260845
nascer,1,0.0029387563183260845
Henriques,1,0.0029387563183260845
dividida,1,0.0029387563183260845
nobres,1,0.0029387563183260845
clero,1,0.0029387563183260845
Baixa,1,0.0029387563183260845
ribeirinhos,1,0.0029387563183260845
centrar,1,0.0029387563183260845
muralhas,1,0.0029387563183260845
desaparecer,1,0.0029387563183260845
Pombal,1,0.0029387563183260845
fins,1,0.0029387563183260845
tiveram,1,0.0029387563183260845
impacto,1,0.0029387563183260845
criou,1,0.0029387563183260845
colégios,1,0.0029387563183260845
Junot,1,0.0029387563183260845
Massena,1,0.0029387563183260845
ordens,1,0.0029387563183260845
religiosas,1,0.0029387563183260845
recuperar,1,0.0029387563183260845
esplendor,1,0.0029387563183260845
1856,1,0.0029387563183260845
telégrafo,1,0.0029387563183260845
surge,1,0.0029387563183260845
gás,1,0.0029387563183260845
1864,1,0.0029387563183260845
inaugura,1,0.0029387563183260845
ferro,1,0.0029387563183260845
férrea,1,0.0029387563183260845
1290,1,0.0029387563183260845
universidade,1,0.0029387563183260845
transferida,1,0.0029387563183260845
Actualmente,1,0.0029387563183260845
oito,1,0.0029387563183260845
faculdades,1,0.0029387563183260845
Letras,1,0.0029387563183260845
Direito,1,0.0029387563183260845
Medicina,1,0.0029387563183260845
Tecnologia,1,0.0029387563183260845
Farmácia,1,0.0029387563183260845
Economia,1,0.0029387563183260845
Psicologia,1,0.0029387563183260845
Desporto,1,0.0029387563183260845
Física,1,0.0029387563183260845
33.000,1,0.0029387563183260845
1h00,1,0.0029387563183260845
partindo,1,0.0029387563183260845
1h45,1,0.0029387563183260845
B,1,0.0029387563183260845
alexandrinas,1,0.0029387563183260845
experimente,1,0.0029387563183260845
alexandria,1,0.0029387563183260845
estavam,1,0.0029387563183260845
queixam,1,0.0029387563183260845
recomendados,1,0.0029387563183260845
haja,1,0.0029387563183260845
carteiristas,1,0.0029387563183260845
nnão,1,0.0029387563183260845
mostre,1,0.0029387563183260845
valores,1,0.0029387563183260845
Miúdos,1,0.0029387563183260845
pdem,1,0.0029387563183260845
assediar,1,0.0029387563183260845
deveram,1,0.0029387563183260845
desistir,1,0.0029387563183260845
5min,1,0.0029387563183260845
Magalhães,1,0.0029387563183260845
A1,1,0.0029387563183260845
SMTUC,1,0.0029387563183260845
utilizando,1,0.0029387563183260845
viatura,1,0.0029387563183260845
Passeio,1,0.0029387563183260845
Basófias,1,0.0029387563183260845
Tour,1,0.0029387563183260845
nasceu,1,0.0029387563183260845
instrumento,1,0.0029387563183260845
tocar,1,0.0029387563183260845
fado,1,0.0029387563183260845
acontecerem,1,0.0029387563183260845
festivais,1,0.0029387563183260845
nossos,1,0.0029387563183260845
juntam,1,0.0029387563183260845
vestuário,1,0.0029387563183260845
livrarias,1,0.0029387563183260845
perfumarias,1,0.0029387563183260845
Shopping,1,0.0029387563183260845
Dolce,1,0.0029387563183260845
Vita,1,0.0029387563183260845
emblemático,1,0.0029387563183260845
Peça,1,0.0029387563183260845
Chanfana,1,0.0029387563183260845
Leitão,1,0.0029387563183260845
bairrada,1,0.0029387563183260845
tibornada,1,0.0029387563183260845
polvo,1,0.0029387563183260845
Lampreia,1,0.0029387563183260845
Quanto,1,0.0029387563183260845
prove,1,0.0029387563183260845
Tentúgal,1,0.0029387563183260845
Clara,1,0.0029387563183260845
Queijadas,1,0.0029387563183260845
Pereira,1,0.0029387563183260845
Manjar,1,0.0029387563183260845
Arrufadas,1,0.0029387563183260845
fáceis,1,0.0029387563183260845
localizam,1,0.0029387563183260845
cantinas,1,0.0029387563183260845
Verdes,1,0.0029387563183260845
cantina,1,0.0029387563183260845
universitário,1,0.0029387563183260845
Espalhadas,1,0.0029387563183260845
concorridas,1,0.0029387563183260845
centrada,1,0.0029387563183260845
indústria,1,0.0029387563183260845
novas,1,0.0029387563183260845
fábricas,1,0.0029387563183260845
Borg,1,0.0029387563183260845
Arab,1,0.0029387563183260845
empregam,1,0.0029387563183260845
professores,1,0.0029387563183260845
lucrativa,1,0.0029387563183260845
cumprem,1,0.0029387563183260845
Sábado,1,0.0029387563183260845
9:00h-22:00h,1,0.0029387563183260845
Quinta,1,0.0029387563183260845
9:00h-11:00h,1,0.0029387563183260845
Ramadão,1,0.0029387563183260845
fechar,1,0.0029387563183260845
Domingo,1,0.0029387563183260845
9:00h-0:30PM,1,0.0029387563183260845
revelar,1,0.0029387563183260845
gastronómico,1,0.0029387563183260845
universitária,1,0.0029387563183260845
movimentados,1,0.0029387563183260845
Enchem,1,0.0029387563183260845
espírito,1,0.0029387563183260845
académico,1,0.0029387563183260845
aulas,1,0.0029387563183260845
Insónias,1,0.0029387563183260845
av,1,0.0029387563183260845
Karaoke,1,0.0029387563183260845
quartas,1,0.0029387563183260845
EXCELENTES,1,0.0029387563183260845
Velha,1,0.0029387563183260845
3150,1,0.0029387563183260845
lat=,1,0.0029387563183260845
long=,1,0.0029387563183260845
direções=,1,0.0029387563183260845
tel=+351,1,0.0029387563183260845
944,1,0.0029387563183260845
025,1,0.0029387563183260845
telgratis=,1,0.0029387563183260845
fax=+351,1,0.0029387563183260845
943,1,0.0029387563183260845
097,1,0.0029387563183260845
preço=,1,0.0029387563183260845
checkin=,1,0.0029387563183260845
checkout=,1,0.0029387563183260845
sobre=,1,0.0029387563183260845
faixa,1,0.0029387563183260845
escassos,1,0.0029387563183260845
conceituadas,1,0.0029387563183260845
código,1,0.0029387563183260845
telefónico,1,0.0029387563183260845
239,1,0.0029387563183260845
País,1,0.0029387563183260845
hospitais,1,0.0029387563183260845
centrais,1,0.0029387563183260845
HUC,1,0.0029387563183260845
Covões,1,0.0029387563183260845
2010,1,0.0029387563183260845
Bissaia,1,0.0029387563183260845
Barreto,1,0.0029387563183260845
Maternidade,1,0.0029387563183260845
Daniel,1,0.0029387563183260845
mental,1,0.0029387563183260845
psiquiatria,1,0.0029387563183260845
tenham,1,0.0029387563183260845
passageiro,1,0.0029387563183260845
Fast,1,0.0029387563183260845
Call,1,0.0029387563183260845
reservados,1,0.0029387563183260845
19559,1,0.0029387563183260845
0800,1,0.0029387563183260845
999,1,0.0029387563183260845
9999,1,0.0029387563183260845
vulgares,1,0.0029387563183260845
pretos,1,0.0029387563183260845
masculinas,1,0.0029387563183260845
mistas,1,0.0029387563183260845
completar,1,0.0029387563183260845
certificados,1,0.0029387563183260845
IGCSE,1,0.0029387563183260845
American,1,0.0029387563183260845
estudar,1,0.0029387563183260845
francês|francês,1,0.0029387563183260845
alemão|alemão,1,0.0029387563183260845
Sobral,1,0.0029387563183260845
Cid,1,0.0029387563183260845
extensões,1,0.0029387563183260845
cuidados,1,0.0029387563183260845
básicos,1,0.0029387563183260845
dinamarquês,1,0.0029387563183260845
metrópole,1,0.0029387563183260845
íntima,1,0.0029387563183260845
vigor,1,0.0029387563183260845
portugueses,1,0.0029387563183260845
beneficiam,1,0.0029387563183260845
abrigo,1,0.0029387563183260845
Acordos,1,0.0029387563183260845
Schengen,1,0.0029387563183260845
permitida,1,0.0029387563183260845
TAP,1,0.0029387563183260845
flytap.com,1,0.0029387563183260845
Gare,1,0.0029387563183260845
du,1,0.0029387563183260845
Nord,1,0.0029387563183260845
acena,1,0.0029387563183260845
certifique,1,0.0029387563183260845
ão,1,0.0029387563183260845
adoram,1,0.0029387563183260845
proveitos,1,0.0029387563183260845
alexandrianos,1,0.0029387563183260845
quantia,1,0.0029387563183260845
25LE,1,0.0029387563183260845
acene,1,0.0029387563183260845
concordar,1,0.0029387563183260845
encostar,1,0.0029387563183260845
buscá,1,0.0029387563183260845
cujo,1,0.0029387563183260845
escala,1,0.0029387563183260845
demorando,1,0.0029387563183260845
Hamburgo,1,0.0029387563183260845
Lübeck,1,0.0029387563183260845
Báltico,1,0.0029387563183260845
Atravessa,1,0.0029387563183260845
Puttgarden,1,0.0029387563183260845
sopram,1,0.0029387563183260845
camiões,1,0.0029387563183260845
Rødby,1,0.0029387563183260845
Laaland,1,0.0029387563183260845
Falster,1,0.0029387563183260845
Dinamarca,1,0.0029387563183260845
troço,1,0.0029387563183260845
apanhando,1,0.0029387563183260845
alemã,1,0.0029387563183260845
Korsør,1,0.0029387563183260845
daí,1,0.0029387563183260845
suficiente,1,0.0029387563183260845
prático,1,0.0029387563183260845
atraca,1,0.0029387563183260845
Tivoli,1,0.0029387563183260845
divertimentos,1,0.0029387563183260845
1843,1,0.0029387563183260845
misto,1,0.0029387563183260845
tradição,1,0.0029387563183260845
modernismo,1,0.0029387563183260845
possuir,1,0.0029387563183260845
tecnologia,1,0.0029387563183260845
desprovido,1,0.0029387563183260845
alma,1,0.0029387563183260845
moda,1,0.0029387563183260845
trabalho,1,0.0029387563183260845
esplanada,1,0.0029387563183260845
Centenas,1,0.0029387563183260845
deslocam,1,0.0029387563183260845
ex,1,0.0029387563183260845
libris,1,0.0029387563183260845
Pequena,1,0.0029387563183260845
delicada,1,0.0029387563183260845
encolhe,1,0.0029387563183260845
fenomenal,1,0.0029387563183260845
mestres,1,0.0029387563183260845
Cranach,1,0.0029387563183260845
Tiziano,1,0.0029387563183260845
Bruegel,1,0.0029387563183260845
fundamentalmente,1,0.0029387563183260845
contenha,1,0.0029387563183260845
obras,1,0.0029387563183260845
artistas,1,0.0029387563183260845
dinamarqueses,1,0.0029387563183260845
pintores,1,0.0029387563183260845
Modernismo,1,0.0029387563183260845
Weie,1,0.0029387563183260845
Jorn,1,0.0029387563183260845
escandinavo,1,0.0029387563183260845
Poul,1,0.0029387563183260845
Henningsen,1,0.0029387563183260845
Arne,1,0.0029387563183260845
Jacobsen,1,0.0029387563183260845
representantes,1,0.0029387563183260845
aplicadas,1,0.0029387563183260845
armazéns,1,0.0029387563183260845
género,1,0.0029387563183260845
copo,1,0.0029387563183260845
cama,1,0.0029387563183260845
Ramleh,1,0.0029387563183260845
azuis,1,0.0029387563183260845
creme,1,0.0029387563183260845
Urbanas,1,0.0029387563183260845
Madina,1,0.0029387563183260845
محطة,1,0.0029387563183260845
الرمل,1,0.0029387563183260845
coração,1,0.0029387563183260845
plastras,1,0.0029387563183260845
comprados,1,0.0029387563183260845
Provavelmente,1,0.0029387563183260845
eléctrco,1,0.0029387563183260845
amarelo,1,0.0029387563183260845
Tin,1,0.0029387563183260845
Forte,1,0.0029387563183260845
Qait,1,0.0029387563183260845
Bey,1,0.0029387563183260845
melhoraram,1,0.0029387563183260845
confusos,1,0.0029387563183260845
mostrando,1,0.0029387563183260845
aliar,1,0.0029387563183260845
estético,1,0.0029387563183260845
terceiro,1,0.0029387563183260845
fluvial,1,0.0029387563183260845
escoar,1,0.0029387563183260845
riquezas,1,0.0029387563183260845
ocupando,1,0.0029387563183260845
coloração,1,0.0029387563183260845
solo,1,0.0029387563183260845
rico,1,0.0029387563183260845
corumbaenses,1,0.0029387563183260845
Conserva,1,0.0029387563183260845
casarios,1,0.0029387563183260845
européia,1,0.0029387563183260845
histórias,1,0.0029387563183260845
costumes,1,0.0029387563183260845
tupi,1,0.0029387563183260845
guarani,1,0.0029387563183260845
cascalho,1,0.0029387563183260845
bs,1,0.0029387563183260845
Mawif,1,0.0029387563183260845
Seja,1,0.0029387563183260845
precauções,1,0.0029387563183260845
necessárias,1,0.0029387563183260845
aplicam,1,0.0029387563183260845
Egipto#De_carro|Egipto,1,0.0029387563183260845
Chegar,1,0.0029387563183260845
Carro,1,0.0029387563183260845
lento,1,0.0029387563183260845
datados,1,0.0029387563183260845
1860,1,0.0029387563183260845
divide,1,0.0029387563183260845
dividir,1,0.0029387563183260845
Reais,1,0.0029387563183260845
Quijarro,1,0.0029387563183260845
tende,1,0.0029387563183260845
reais,1,0.0029387563183260845
hora--,1,0.0029387563183260845
pago,1,0.0029387563183260845
guichê,1,0.0029387563183260845
comprando,1,0.0029387563183260845
plástica,1,0.0029387563183260845
cafeteria,1,0.0029387563183260845
"R$1,50",1,0.0029387563183260845
válidas,1,0.0029387563183260845
Pagar,1,0.0029387563183260845
custe,1,0.0029387563183260845
"R$3,00",1,0.0029387563183260845
quarteirões,1,0.0029387563183260845
edifício,1,0.0029387563183260845
aberto,1,0.0029387563183260845
arena,1,0.0029387563183260845
Arrow,1,0.0029387563183260845
Pullman,1,0.0029387563183260845
meia,1,0.0029387563183260845
duração,1,0.0029387563183260845
entra,1,0.0029387563183260845
Almaza,1,0.0029387563183260845
Heliópolis,1,0.0029387563183260845
Midan,1,0.0029387563183260845
Tahrir,1,0.0029387563183260845
chegarem,1,0.0029387563183260845
espere,1,0.0029387563183260845
normais,1,0.0029387563183260845
Gabr,1,0.0029387563183260845
4:00h,1,0.0029387563183260845
19:30h,1,0.0029387563183260845
parem,1,0.0029387563183260845
ocasionalmente,1,0.0029387563183260845
6:00h,1,0.0029387563183260845
22:00h,1,0.0029387563183260845
tente,1,0.0029387563183260845
2h10,1,0.0029387563183260845
Bilhetes,1,0.0029387563183260845
1ª/2ª,1,0.0029387563183260845
46/29,1,0.0029387563183260845
ida,1,0.0029387563183260845
Misr,1,0.0029387563183260845
multiuso,1,0.0029387563183260845
Artur,1,0.0029387563183260845
incomum,1,0.0029387563183260845
operado,1,0.0029387563183260845
Da,1,0.0029387563183260845
Suarez,1,0.0029387563183260845
TAM,1,0.0029387563183260845
transporta,1,0.0029387563183260845
101,1,0.0029387563183260845
hab,1,0.0029387563183260845
completadas,1,0.0029387563183260845
tranquilamente,1,0.0029387563183260845
morro,1,0.0029387563183260845
Cruzeiro,1,0.0029387563183260845
conduz,1,0.0029387563183260845
preferido,1,0.0029387563183260845
formato,1,0.0029387563183260845
plásticas,1,0.0029387563183260845
douradas,1,0.0029387563183260845
Basta,1,0.0029387563183260845
informar,1,0.0029387563183260845
"R$1,00",1,0.0029387563183260845
motoqueiro,1,0.0029387563183260845
atendida,1,0.0029387563183260845
Viação,1,0.0029387563183260845
Canarinho,1,0.0029387563183260845
Luan,1,0.0029387563183260845
Transportes,1,0.0029387563183260845
Lembrando,1,0.0029387563183260845
havendo,1,0.0029387563183260845
franca,1,0.0029387563183260845
importados,1,0.0029387563183260845
daqui,1,0.0029387563183260845
provém,1,0.0029387563183260845
Sarrabulho,1,0.0029387563183260845
Sarravulho,1,0.0029387563183260845
saborosa,1,0.0029387563183260845
noites,1,0.0029387563183260845
chegando,1,0.0029387563183260845
granizo,1,0.0029387563183260845
humidade,1,0.0029387563183260845
Primavera,1,0.0029387563183260845
Março,1,0.0029387563183260845
outone,1,0.0029387563183260845
apinhada,1,0.0029387563183260845
escapar,1,0.0029387563183260845
tórrido,1,0.0029387563183260845
áereos,1,0.0029387563183260845
miúdos,1,0.0029387563183260845
boi,1,0.0029387563183260845
raízes,1,0.0029387563183260845
palmito,1,0.0029387563183260845
piranha,1,0.0029387563183260845
refrigerante,1,0.0029387563183260845
Mate,1,0.0029387563183260845
Chimarrão,1,0.0029387563183260845
rodízios,1,0.0029387563183260845
pizzas,1,0.0029387563183260845
churrasco,1,0.0029387563183260845
Rondon,1,0.0029387563183260845
repleta,1,0.0029387563183260845
chopperias,1,0.0029387563183260845
mirantes,1,0.0029387563183260845
reflexo,1,0.0029387563183260845
67,1,0.0029387563183260845
MS.O,1,0.0029387563183260845
prefixo,1,0.0029387563183260845
"3231,3232,3233,3234",1,0.0029387563183260845
fixo,1,0.0029387563183260845
Embratel,1,0.0029387563183260845
GVT,1,0.0029387563183260845
móvel,1,0.0029387563183260845
TIM,1,0.0029387563183260845
mail,1,0.0029387563183260845
Guide,1,0.0029387563183260845
descrito,1,0.0029387563183260845
escritos,1,0.0029387563183260845
Gamal,1,0.0029387563183260845
Abdel,1,0.0029387563183260845
Nasser,1,0.0029387563183260845
nacionalizou,1,0.0029387563183260845
proibiu,1,0.0029387563183260845
terem,1,0.0029387563183260845
dirigirem,1,0.0029387563183260845
acto,1,0.0029387563183260845
levando,1,0.0029387563183260845
afluam,1,0.0029387563183260845
húmidos,1,0.0029387563183260845
chuvosos,1,0.0029387563183260845
variável,1,0.0029387563183260845
banda,1,0.0029387563183260845
larga,1,0.0029387563183260845
cybercafés,1,0.0029387563183260845
pessoal,1,0.0029387563183260845
conectar,1,0.0029387563183260845
laptops,1,0.0029387563183260845
delegacia,1,0.0029387563183260845
polícia,1,0.0029387563183260845
federal,1,0.0029387563183260845
bolívia,1,0.0029387563183260845
pobre,1,0.0029387563183260845
indices,1,0.0029387563183260845
deveriam,1,0.0029387563183260845
corredor,1,0.0029387563183260845
drogas,1,0.0029387563183260845
Seu,1,0.0029387563183260845
açores|açoriana,1,0.0029387563183260845
Ocidental,1,0.0029387563183260845
descoberta,1,0.0029387563183260845
1452,1,0.0029387563183260845
Teive,1,0.0029387563183260845
1508,1,0.0029387563183260845
primeiros,1,0.0029387563183260845
definitivos,1,0.0029387563183260845
1587,1,0.0029387563183260845
corsários,1,0.0029387563183260845
ingleses,1,0.0029387563183260845
saquearam,1,0.0029387563183260845
queimaram,1,0.0029387563183260845
1632,1,0.0029387563183260845
existiram,1,0.0029387563183260845
tentativas,1,0.0029387563183260845
piratas,1,0.0029387563183260845
argelinos,1,0.0029387563183260845
1674,1,0.0029387563183260845
paróquia,1,0.0029387563183260845
baleeiros,1,0.0029387563183260845
americanos,1,0.0029387563183260845
Silveira,1,0.0029387563183260845
impressionado,1,0.0029387563183260845
escravidão,1,0.0029387563183260845
vivia,1,0.0029387563183260845
junça,1,0.0029387563183260845
poder,1,0.0029387563183260845
propôs,1,0.0029387563183260845
redução,1,0.0029387563183260845
trigo,1,0.0029387563183260845
anulou,1,0.0029387563183260845
1832,1,0.0029387563183260845
IV,1,0.0029387563183260845
elevou,1,0.0029387563183260845
recolheu,1,0.0029387563183260845
1924,1,0.0029387563183260845
Brandão,1,0.0029387563183260845
Desconhecidas,1,0.0029387563183260845
contribuiu,1,0.0029387563183260845
mitificação,1,0.0029387563183260845
vivências,1,0.0029387563183260845
comunitária,1,0.0029387563183260845
permanece,1,0.0029387563183260845
acentua,1,0.0029387563183260845
interregno,1,0.0029387563183260845
1925,1,0.0029387563183260845
continuou,1,0.0029387563183260845
variando,1,0.0029387563183260845
14ºC,1,0.0029387563183260845
20ºC.,1,0.0029387563183260845
tida,1,0.0029387563183260845
isolado,1,0.0029387563183260845
Milagres,1,0.0029387563183260845
Caminhar,1,0.0029387563183260845
Sendo,1,0.0029387563183260845
Caldeirão,1,0.0029387563183260845
Outros,1,0.0029387563183260845
destinos|Outros,1,0.0029387563183260845
sotaque,1,0.0029387563183260845
açoriano,1,0.0029387563183260845
possa,1,0.0029387563183260845
inclui,1,0.0029387563183260845
encerram,1,0.0029387563183260845
abertos,1,0.0029387563183260845
bombeiros,1,0.0029387563183260845
residencial,1,0.0029387563183260845
Alternativamente,1,0.0029387563183260845
escola,1,0.0029387563183260845
básica,1,0.0029387563183260845
simpática,1,0.0029387563183260845
hospitaleira,1,0.0029387563183260845
nulo,1,0.0029387563183260845
Correios,1,0.0029387563183260845
Ribeirão,1,0.0029387563183260845
tel.:292596110,1,0.0029387563183260845
internet,1,0.0029387563183260845
grátis,1,0.0029387563183260845
Grupos,1,0.0029387563183260845
Central|Central,1,0.0029387563183260845
Oriental|Oriental,1,0.0029387563183260845
Orabi,1,0.0029387563183260845
ataque,1,0.0029387563183260845
Bombardeamento,1,0.0029387563183260845
demorou,1,0.0029387563183260845
destruiu,1,0.0029387563183260845
recuperou,1,0.0029387563183260845
bombardeamento,1,0.0029387563183260845
decadente,1,0.0029387563183260845
Constantine,1,0.0029387563183260845
P.,1,0.0029387563183260845
Cavafy,1,0.0029387563183260845
inspiraram,1,0.0029387563183260845
Laurence,1,0.0029387563183260845
Durrell,1,0.0029387563183260845
Quartet,1,0.0029387563183260845
E.,1,0.0029387563183260845
M.,1,0.0029387563183260845
Forster,1,0.0029387563183260845
série,1,0.0029387563183260845
trabalhos,1,0.0029387563183260845
History,1,0.0029387563183260845
colon,1,0.0029387563183260845
CRC,1,0.0029387563183260845
área=51.100,1,0.0029387563183260845
romano,1,0.0029387563183260845
76.3,1,0.0029387563183260845
eletricidade=120V,1,0.0029387563183260845
conflitos,1,0.0029387563183260845
Espanhola,1,0.0029387563183260845
caraterizava,1,0.0029387563183260845
Era,1,0.0029387563183260845
Colonial,1,0.0029387563183260845
democrático,1,0.0029387563183260845
estabilidade,1,0.0029387563183260845
neutralidade,1,0.0029387563183260845
essencial,1,0.0029387563183260845
abolição,1,0.0029387563183260845
forças,1,0.0029387563183260845
armadas,1,0.0029387563183260845
harmoniosa,1,0.0029387563183260845
milénio,1,0.0029387563183260845
deixou,1,0.0029387563183260845
construindo,1,0.0029387563183260845
sobreviveu,1,0.0029387563183260845
estivesse,1,0.0029387563183260845
posição,1,0.0029387563183260845
estratégica,1,0.0029387563183260845
exércitos,1,0.0029387563183260845
Napoleão,1,0.0029387563183260845
apoderou,1,0.0029387563183260845
Cerco,1,0.0029387563183260845
1801,1,0.0029387563183260845
Mohammed,1,0.0029387563183260845
Ali,1,0.0029387563183260845
reconstruíram,1,0.0029387563183260845
Rebelião,1,0.0029387563183260845
Sitio,1,0.0029387563183260845
Montinhos,1,0.0029387563183260845
Spa,1,0.0029387563183260845
8200,1,0.0029387563183260845
178,1,0.0029387563183260845
Poucas,1,0.0029387563183260845
conquistador,1,0.0029387563183260845
Akbar,1,0.0029387563183260845
334,1,0.0029387563183260845
maravilhas,1,0.0029387563183260845
biblioteca,1,0.0029387563183260845
helénico,1,0.0029387563183260845
comparada,1,0.0029387563183260845
Showing,1,0.0029387563183260845
Rica)|Vale,1,0.0029387563183260845
Rica)|San,1,0.0029387563183260845
Guanacaste,1,0.0029387563183260845
Limón,1,0.0029387563183260845
Zona,1,0.0029387563183260845
Rica)|Zona,1,0.0029387563183260845
ativo,1,0.0029387563183260845
Arenal,1,0.0029387563183260845
Rica)|Sul,1,0.0029387563183260845
Turistas,1,0.0029387563183260845
Copa,1,0.0029387563183260845
Taca,1,0.0029387563183260845
escalas,1,0.0029387563183260845
Juan,1,0.0029387563183260845
Santamaría,1,0.0029387563183260845
SJO,1,0.0029387563183260845
embarque,1,0.0029387563183260845
Bocas,1,0.0029387563183260845
Toro,1,0.0029387563183260845
Carlos,1,0.0029387563183260845
Panomericana,1,0.0029387563183260845
Guatemala,1,0.0029387563183260845
Salvador,1,0.0029387563183260845
Honduras,1,0.0029387563183260845
Deixe,1,0.0029387563183260845
encantar,1,0.0029387563183260845
simpatia,1,0.0029387563183260845
felicidade,1,0.0029387563183260845
acolhê,1,0.0029387563183260845
ternurenta,1,0.0029387563183260845
Objectos,1,0.0029387563183260845
Aconselho,1,0.0029387563183260845
mariscos,1,0.0029387563183260845
Aproveite,1,0.0029387563183260845
Lodges,1,0.0029387563183260845
Sinta,1,0.0029387563183260845
selva,1,0.0029387563183260845
despertador,1,0.0029387563183260845
Bastante,1,0.0029387563183260845
Evitar,1,0.0029387563183260845
estacionados,1,0.0029387563183260845
disfrutar,1,0.0029387563183260845
apartamentos,1,0.0029387563183260845
Descobrimentos,1,0.0029387563183260845
cercando,1,0.0029387563183260845
oferencendo,1,0.0029387563183260845
panorâmicas,1,0.0029387563183260845
maravilhosa,1,0.0029387563183260845
apart,1,0.0029387563183260845
Paraíso,1,0.0029387563183260845
address,1,0.0029387563183260845
Resort,1,0.0029387563183260845
malas,1,0.0029387563183260845
higiene,1,0.0029387563183260845
WC,1,0.0029387563183260845
dera,1,0.0029387563183260845
funcionarem,1,0.0029387563183260845
velocidades,1,0.0029387563183260845
pegos,1,0.0029387563183260845
cortada,1,0.0029387563183260845
270,1,0.0029387563183260845
Regis,1,0.0029387563183260845
Bittencourt,1,0.0029387563183260845
precisará,1,0.0029387563183260845
Rodoanel,1,0.0029387563183260845
eventualmente,1,0.0029387563183260845
congestionada,1,0.0029387563183260845
rush,1,0.0029387563183260845
evitar,1,0.0029387563183260845
pegá,1,0.0029387563183260845
mencionado,1,0.0029387563183260845
lotadas,1,0.0029387563183260845
congestionamento,1,0.0029387563183260845
constantemente,1,0.0029387563183260845
percorrido,1,0.0029387563183260845
causar,1,0.0029387563183260845
alarmante,1,0.0029387563183260845
longes,1,0.0029387563183260845
interurbanas,1,0.0029387563183260845
afastando,1,0.0029387563183260845
interurbano,1,0.0029387563183260845
cheio,1,0.0029387563183260845
condomínios,1,0.0029387563183260845
voltadas,1,0.0029387563183260845
renda,1,0.0029387563183260845
secundárias,1,0.0029387563183260845
Reserva,1,0.0029387563183260845
Mata,1,0.0029387563183260845
Atlântica,1,0.0029387563183260845
Jacinto,1,0.0029387563183260845
lat=-23.60176,1,0.0029387563183260845
long=-46.85782,1,0.0029387563183260845
tel=55,1,0.0029387563183260845
4551,1,0.0029387563183260845
Crato,1,0.0029387563183260845
TERRA,1,0.0029387563183260845
Mercadinho,1,0.0029387563183260845
Anualmente,1,0.0029387563183260845
500,1,0.0029387563183260845
propriedades,1,0.0029387563183260845
Vilamoura,1,0.0029387563183260845
Inatel,1,0.0029387563183260845
Oura,1,0.0029387563183260845
Eulalia,1,0.0029387563183260845
Água,1,0.0029387563183260845
Falésia,1,0.0029387563183260845
Armação,1,0.0029387563183260845
Pêra,1,0.0029387563183260845
falésias,1,0.0029387563183260845
baías,1,0.0029387563183260845
rochosas,1,0.0029387563183260845
Rafael,1,0.0029387563183260845
CEs,1,0.0029387563183260845
055,1,0.0029387563183260845
213,1,0.0029387563183260845
292,1,0.0029387563183260845
293,1,0.0029387563183260845
BR-122,1,0.0029387563183260845
POR,1,0.0029387563183260845
VIA,1,0.0029387563183260845
AÉREA,1,0.0029387563183260845
Cariri,1,0.0029387563183260845
vizinho,1,0.0029387563183260845
OCEANAIR,1,0.0029387563183260845
PASSAREDO,1,0.0029387563183260845
AZUL,1,0.0029387563183260845
GOL,1,0.0029387563183260845
provenientes,1,0.0029387563183260845
Fortaleza,1,0.0029387563183260845
DF,1,0.0029387563183260845
topografia,1,0.0029387563183260845
altos,1,0.0029387563183260845
xadrez,1,0.0029387563183260845
deficitário,1,0.0029387563183260845
precário,1,0.0029387563183260845
juazeiro,1,0.0029387563183260845
Conhecido,1,0.0029387563183260845
cariri,1,0.0029387563183260845
crato,1,0.0029387563183260845
TRANSFREIRE,1,0.0029387563183260845
cobrindo,1,0.0029387563183260845
mototáxis,1,0.0029387563183260845
atuam,1,0.0029387563183260845
PERNAMBUCANA,1,0.0029387563183260845
BA,1,0.0029387563183260845
ITAMPEMIRIM,1,0.0029387563183260845
EXPRESSO,1,0.0029387563183260845
GUANABARA,1,0.0029387563183260845
maiorias,1,0.0029387563183260845
PB,1,0.0029387563183260845
GONTIJO,1,0.0029387563183260845
MG,1,0.0029387563183260845
RN,1,0.0029387563183260845
MA,1,0.0029387563183260845
PROGRESSO,1,0.0029387563183260845
PI,1,0.0029387563183260845
AL,1,0.0029387563183260845
PRINCESA,1,0.0029387563183260845
padronizados,1,0.0029387563183260845
utilidades,1,0.0029387563183260845
1ª,1,0.0029387563183260845
Levante,1,0.0029387563183260845
2.ª,1,0.0029387563183260845
4.ª,1,0.0029387563183260845
Feiras,1,0.0029387563183260845
Velharias,1,0.0029387563183260845
acontecimento,1,0.0029387563183260845
verdadeiras,1,0.0029387563183260845
relíquias,1,0.0029387563183260845
2.º,1,0.0029387563183260845
3.º,1,0.0029387563183260845
Mercado,1,0.0029387563183260845
S.,1,0.0029387563183260845
4.º,1,0.0029387563183260845
d’Água,1,0.0029387563183260845
domingo,1,0.0029387563183260845
luminosa,1,0.0029387563183260845
capô,1,0.0029387563183260845
Combine,1,0.0029387563183260845
pechinche,1,0.0029387563183260845
"8,00",1,0.0029387563183260845
"14,80",1,0.0029387563183260845
construções,1,0.0029387563183260845
visitadas,1,0.0029387563183260845
prédio,1,0.0029387563183260845
Seminário,1,0.0029387563183260845
araripe,1,0.0029387563183260845
Visite,1,0.0029387563183260845
serranos,1,0.0029387563183260845
Granjeiro,1,0.0029387563183260845
AABEC,1,0.0029387563183260845
Itaytera,1,0.0029387563183260845
Serrano,1,0.0029387563183260845
Balneário,1,0.0029387563183260845
Nascente,1,0.0029387563183260845
cadeias,1,0.0029387563183260845
bazares,1,0.0029387563183260845
Lojas,1,0.0029387563183260845
procuradas,1,0.0029387563183260845
exitem,1,0.0029387563183260845
oferencem,1,0.0029387563183260845
procurado,1,0.0029387563183260845
Restaurante,1,0.0029387563183260845
Tupinambá,1,0.0029387563183260845
24h,1,0.0029387563183260845
seg,1,0.0029387563183260845
sex,1,0.0029387563183260845
detalhe,1,0.0029387563183260845
criação,1,0.0029387563183260845
fechou,1,0.0029387563183260845
Passárgada,1,0.0029387563183260845
Encosta,1,0.0029387563183260845
ótimos,1,0.0029387563183260845
cardápios,1,0.0029387563183260845
Araripe,1,0.0029387563183260845
Picanha,1,0.0029387563183260845
Baião,1,0.0029387563183260845
49.326,1,0.0029387563183260845
288,1,0.0029387563183260845
120,1,0.0029387563183260845
1.189,1,0.0029387563183260845
fama,1,0.0029387563183260845
quartzo,1,0.0029387563183260845
Inicia,1,0.0029387563183260845
1592,1,0.0029387563183260845
vagas,1,0.0029387563183260845
municipais,1,0.0029387563183260845
bens,1,0.0029387563183260845
vegetais,1,0.0029387563183260845
legumes,1,0.0029387563183260845
hábitos,1,0.0029387563183260845
marcam,1,0.0029387563183260845
caracterizam,1,0.0029387563183260845
colorido,1,0.0029387563183260845
expostos,1,0.0029387563183260845
tendas,1,0.0029387563183260845
regatear,1,0.0029387563183260845
feirantes,1,0.0029387563183260845
têxteis,1,0.0029387563183260845
notícias,1,0.0029387563183260845
acredita,1,0.0029387563183260845
auge,1,0.0029387563183260845
pertencia,1,0.0029387563183260845
encontraram,1,0.0029387563183260845
tamanhos,1,0.0029387563183260845
minério,1,0.0029387563183260845
naquela,1,0.0029387563183260845
intuito,1,0.0029387563183260845
dando,1,0.0029387563183260845
cristal,1,0.0029387563183260845
1879,1,0.0029387563183260845
Lepesqueur,1,0.0029387563183260845
Laboissière,1,0.0029387563183260845
Bom,1,0.0029387563183260845
comercializavam,1,0.0029387563183260845
enviaram,1,0.0029387563183260845
amostras,1,0.0029387563183260845
vendidas,1,0.0029387563183260845
pureza,1,0.0029387563183260845
transformados,1,0.0029387563183260845
amplas,1,0.0029387563183260845
almoço,1,0.0029387563183260845
Liberdade,1,0.0029387563183260845
predominam,1,0.0029387563183260845
artigos,1,0.0029387563183260845
ourivesarias,1,0.0029387563183260845
relojoarias,1,0.0029387563183260845
Montechoro,1,0.0029387563183260845
privilegiado,1,0.0029387563183260845
loja,1,0.0029387563183260845
boutiques,1,0.0029387563183260845
sapatarias,1,0.0029387563183260845
referidas,1,0.0029387563183260845
comercias,1,0.0029387563183260845
permitirão,1,0.0029387563183260845
descontracção,1,0.0029387563183260845
FEIRAS,1,0.0029387563183260845
freguesia,1,0.0029387563183260845
instrumentos,1,0.0029387563183260845
ótica,1,0.0029387563183260845
belíssimas,1,0.0029387563183260845
enfeitar,1,0.0029387563183260845
burguesia,1,0.0029387563183260845
promessa,1,0.0029387563183260845
lucros,1,0.0029387563183260845
instalado,1,0.0029387563183260845
vindas,1,0.0029387563183260845
1918,1,0.0029387563183260845
Estadual,1,0.0029387563183260845
577,1,0.0029387563183260845
conservado,1,0.0029387563183260845
intermunicipal,1,0.0029387563183260845
interestadual,1,0.0029387563183260845
entroncamento,1,0.0029387563183260845
BR-040,1,0.0029387563183260845
Horizonte,1,0.0029387563183260845
Catalão,1,0.0029387563183260845
Mineiro,1,0.0029387563183260845
cortado,1,0.0029387563183260845
BR-251,1,0.0029387563183260845
Unaí,1,0.0029387563183260845
GO-436,1,0.0029387563183260845
Deste,1,0.0029387563183260845
animadas,1,0.0029387563183260845
azáfama,1,0.0029387563183260845
procuram,1,0.0029387563183260845
souvenirs,1,0.0029387563183260845
muita,1,0.0029387563183260845
Engº,1,0.0029387563183260845
Duarte,1,0.0029387563183260845
contíguas,1,0.0029387563183260845
Cândido,1,0.0029387563183260845
Reis,1,0.0029387563183260845
Cais,1,0.0029387563183260845
Herculano,1,0.0029387563183260845
Pescadores,1,0.0029387563183260845
suprido,1,0.0029387563183260845
lapidação,1,0.0029387563183260845
localizadas,1,0.0029387563183260845
Paiva,1,0.0029387563183260845
Adamian,1,0.0029387563183260845
Peso,1,0.0029387563183260845
CUP,1,0.0029387563183260845
área=110.860,1,0.0029387563183260845
população=11.224.321,1,0.0029387563183260845
2002,1,0.0029387563183260845
religião=85,1,0.0029387563183260845
electricidade=110/220V,1,0.0029387563183260845
caribenho,1,0.0029387563183260845
insular,1,0.0029387563183260845
territórios,1,0.0029387563183260845
Bahamas,1,0.0029387563183260845
Haiti,1,0.0029387563183260845
Caymans,1,0.0029387563183260845
Jamaica,1,0.0029387563183260845
Navassa,1,0.0029387563183260845
Taxistas,1,0.0029387563183260845
Famosos,1,0.0029387563183260845
CocoTaxi,1,0.0029387563183260845
levam,1,0.0029387563183260845
Capital,1,0.0029387563183260845
Mercedes,1,0.0029387563183260845
rodando,1,0.0029387563183260845
painel,1,0.0029387563183260845
Peugeot,1,0.0029387563183260845
206,1,0.0029387563183260845
Motor,1,0.0029387563183260845
Nissan,1,0.0029387563183260845
adaptações,1,0.0029387563183260845
acerte,1,0.0029387563183260845
deseja,1,0.0029387563183260845
Dinheiro,1,0.0029387563183260845
pagando,1,0.0029387563183260845
taxista,1,0.0029387563183260845
24x,1,0.0029387563183260845
circula,1,0.0029387563183260845
livremente,1,0.0029387563183260845
popularmente,1,0.0029387563183260845
Chavit,1,0.0029387563183260845
estabelecimentos,1,0.0029387563183260845
neoclássico,1,0.0029387563183260845
Trata,1,0.0029387563183260845
animadores,1,0.0029387563183260845
actuações,1,0.0029387563183260845
atendo,1,0.0029387563183260845
animação,1,0.0029387563183260845
organizados,1,0.0029387563183260845
Autarquia,1,0.0029387563183260845
contribuem,1,0.0029387563183260845
Pintor,1,0.0029387563183260845
arte,1,0.0029387563183260845
interno,1,0.0029387563183260845
pesos,1,0.0029387563183260845
CADECA,1,0.0029387563183260845
Processos,1,0.0029387563183260845
Mudança,1,0.0029387563183260845
débito,1,0.0029387563183260845
aplicado,1,0.0029387563183260845
cobrado,1,0.0029387563183260845
troca,1,0.0029387563183260845
pagamentos,1,0.0029387563183260845
equivalente,1,0.0029387563183260845
Cubana,1,0.0029387563183260845
verduras,1,0.0029387563183260845
sucos,1,0.0029387563183260845
Igualmente,1,0.0029387563183260845
contribuição,1,0.0029387563183260845
diária,1,0.0029387563183260845
feijão,1,0.0029387563183260845
servirá,1,0.0029387563183260845
acompanhamento,1,0.0029387563183260845
Peixes,1,0.0029387563183260845
moluscos,1,0.0029387563183260845
sabor,1,0.0029387563183260845
textura,1,0.0029387563183260845
Cubanos,1,0.0029387563183260845
completados,1,0.0029387563183260845
doses,1,0.0029387563183260845
imaginação,1,0.0029387563183260845
molhos,1,0.0029387563183260845
Praticamente,1,0.0029387563183260845
ruim,1,0.0029387563183260845
porco,1,0.0029387563183260845
chamadas,1,0.0029387563183260845
paladares,1,0.0029387563183260845
pizza,1,0.0029387563183260845
freqüentado,1,0.0029387563183260845
hesite,1,0.0029387563183260845
almoços,1,0.0029387563183260845
jantares,1,0.0029387563183260845
hospedado,1,0.0029387563183260845
fã,1,0.0029387563183260845
escritor,1,0.0029387563183260845
Bodeguita,1,0.0029387563183260845
Medio,1,0.0029387563183260845
daiquiri,1,0.0029387563183260845
Floridita,1,0.0029387563183260845
Añejo,1,0.0029387563183260845
Prefira,1,0.0029387563183260845
sossegada,1,0.0029387563183260845
Quer,1,0.0029387563183260845
original,1,0.0029387563183260845
sofisticadas,1,0.0029387563183260845
equipadas,1,0.0029387563183260845
dominada,1,0.0029387563183260845
desafia,1,0.0029387563183260845
princípio,1,0.0029387563183260845
arquitectura,1,0.0029387563183260845
linear,1,0.0029387563183260845
encimados,1,0.0029387563183260845
poente,1,0.0029387563183260845
Matriz,1,0.0029387563183260845
exibe,1,0.0029387563183260845
arquitectónicas,1,0.0029387563183260845
clássico,1,0.0029387563183260845
bebedores,1,0.0029387563183260845
apreciada,1,0.0029387563183260845
gosto,1,0.0029387563183260845
Ron,1,0.0029387563183260845
Pinar,1,0.0029387563183260845
Guayabita,1,0.0029387563183260845
Arecha,1,0.0029387563183260845
gosta,1,0.0029387563183260845
rum,1,0.0029387563183260845
coquetéis,1,0.0029387563183260845
gostaria,1,0.0029387563183260845
compartilhar,1,0.0029387563183260845
particular,1,0.0029387563183260845
resultados,1,0.0029387563183260845
mistos,1,0.0029387563183260845
teatro,1,0.0029387563183260845
cinema,1,0.0029387563183260845
boate,1,0.0029387563183260845
Tropicana,1,0.0029387563183260845
Musica,1,0.0029387563183260845
Miramar,1,0.0029387563183260845
Habana,1,0.0029387563183260845
Complexo,1,0.0029387563183260845
Cultural,1,0.0029387563183260845
Gardenias,1,0.0029387563183260845
Cabaret,1,0.0029387563183260845
Tsunami,1,0.0029387563183260845
inundou,1,0.0029387563183260845
destruindo,1,0.0029387563183260845
significantes,1,0.0029387563183260845
viu,1,0.0029387563183260845
fortunas,1,0.0029387563183260845
renascerem,1,0.0029387563183260845
marcou,1,0.0029387563183260845
perfeição,1,0.0029387563183260845
veem,1,0.0029387563183260845
moradores,1,0.0029387563183260845
Parisien,1,0.0029387563183260845
Capri,1,0.0029387563183260845
Red,1,0.0029387563183260845
Room,1,0.0029387563183260845
One,1,0.0029387563183260845
Eye,1,0.0029387563183260845
Jack,1,0.0029387563183260845
amantes,1,0.0029387563183260845
jazz,1,0.0029387563183260845
Teatros,1,0.0029387563183260845
Lorca,1,0.0029387563183260845
Mella,1,0.0029387563183260845
Karl,1,0.0029387563183260845
Marx,1,0.0029387563183260845
Código,1,0.0029387563183260845
+,1,0.0029387563183260845
58,1,0.0029387563183260845
Paulo|capital,1,0.0029387563183260845
mundial,1,0.0029387563183260845
polo,1,0.0029387563183260845
suporte,1,0.0029387563183260845
apresentando,1,0.0029387563183260845
conciliar,1,0.0029387563183260845
perfil,1,0.0029387563183260845
ecoturistas,1,0.0029387563183260845
praticantes,1,0.0029387563183260845
montanha,1,0.0029387563183260845
caminhantes,1,0.0029387563183260845
cachoeiras,1,0.0029387563183260845
reconhecidas,1,0.0029387563183260845
regionalmente,1,0.0029387563183260845
Historicamente,1,0.0029387563183260845
Baixada,1,0.0029387563183260845
Localizada,1,0.0029387563183260845
sopé,1,0.0029387563183260845
jesuítas,1,0.0029387563183260845
comerciantes,1,0.0029387563183260845
reino,1,0.0029387563183260845
tomavam,1,0.0029387563183260845
fôlego,1,0.0029387563183260845
Caminho,1,0.0029387563183260845
Padre,1,0.0029387563183260845
Lorena,1,0.0029387563183260845
denominação,1,0.0029387563183260845
1833,1,0.0029387563183260845
elevado,1,0.0029387563183260845
1841,1,0.0029387563183260845
anexado,1,0.0029387563183260845
Município,1,0.0029387563183260845
emancipação,1,0.0029387563183260845
político,1,0.0029387563183260845
edificações,1,0.0029387563183260845
Refinaria,1,0.0029387563183260845
Presidente,1,0.0029387563183260845
Bernardes,1,0.0029387563183260845
Companhia,1,0.0029387563183260845
Siderúrgica,1,0.0029387563183260845
COSIPA,1,0.0029387563183260845
Papel,1,0.0029387563183260845
Usina,1,0.0029387563183260845
Light,1,0.0029387563183260845
polos,1,0.0029387563183260845
petroquímicos,1,0.0029387563183260845
enfrentou,1,0.0029387563183260845
ameaça,1,0.0029387563183260845
ONU,1,0.0029387563183260845
poluída,1,0.0029387563183260845
indústrias,1,0.0029387563183260845
controlar,1,0.0029387563183260845
98,1,0.0029387563183260845
poluentes,1,0.0029387563183260845
Recuperação,1,0.0029387563183260845
Ambiental,1,0.0029387563183260845
comemorar,1,0.0029387563183260845
mouro,1,0.0029387563183260845
invencível,1,0.0029387563183260845
rochas,1,0.0029387563183260845
Arqueológico,1,0.0029387563183260845
recapturada,1,0.0029387563183260845
Ordem,1,0.0029387563183260845
Cavaleiros,1,0.0029387563183260845
Posteriormente,1,0.0029387563183260845
insignificante,1,0.0029387563183260845
terramoto,1,0.0029387563183260845
devastou,1,0.0029387563183260845
afectada,1,0.0029387563183260845
subsequente,1,0.0029387563183260845
transformada,1,0.0029387563183260845
Baltum,1,0.0029387563183260845
retorna,1,0.0029387563183260845
Mouros,1,0.0029387563183260845
chamando,1,0.0029387563183260845
Buhera,1,0.0029387563183260845
VIII,1,0.0029387563183260845
transformar,1,0.0029387563183260845
Carvalho,1,0.0029387563183260845
Guarujá,1,0.0029387563183260845
Metropolitano.&lt;br&gt,1,0.0029387563183260845
Congonhas,1,0.0029387563183260845
dista,1,0.0029387563183260845
ferrovias,1,0.0029387563183260845
destinam,1,0.0029387563183260845
exclusivamente,1,0.0029387563183260845
cargas,1,0.0029387563183260845
reativar,1,0.0029387563183260845
denominado,1,0.0029387563183260845
Trem,1,0.0029387563183260845
Imigrante,1,0.0029387563183260845
ligaria,1,0.0029387563183260845
Valongo,1,0.0029387563183260845
caminhões,1,0.0029387563183260845
bi,1,0.0029387563183260845
exclusiva,1,0.0029387563183260845
pedágios,1,0.0029387563183260845
"22,00",1,0.0029387563183260845
motos,1,0.0029387563183260845
Deve,1,0.0029387563183260845
notar,1,0.0029387563183260845
especiais,1,0.0029387563183260845
fechadas,1,0.0029387563183260845
revertido,1,0.0029387563183260845
Ecovias,1,0.0029387563183260845
cidade)|São,1,0.0029387563183260845
Jabaquara,1,0.0029387563183260845
45,1,0.0029387563183260845
baseado,1,0.0029387563183260845
radial,1,0.0029387563183260845
percorrendo,1,0.0029387563183260845
obrigatoriamente,1,0.0029387563183260845
tais,1,0.0029387563183260845
potencial,1,0.0029387563183260845
ganhou,1,0.0029387563183260845
ações,1,0.0029387563183260845
implementadas,1,0.0029387563183260845
manguezal,1,0.0029387563183260845
divulgado,1,0.0029387563183260845
explorado,1,0.0029387563183260845
envolta,1,0.0029387563183260845
cinturão,1,0.0029387563183260845
Parques,1,0.0029387563183260845
Pará,1,0.0029387563183260845
projeção,1,0.0029387563183260845
Ver,1,0.0029387563183260845
Akutaq,1,0.0029387563183260845
Gelado,1,0.0029387563183260845
Esquimó,1,0.0029387563183260845
Stinkheads,1,0.0029387563183260845
cabeças,1,0.0029387563183260845
salmão,1,0.0029387563183260845
fermentadas,1,0.0029387563183260845
Cabeça,1,0.0029387563183260845
Salmão,1,0.0029387563183260845
Convenientemente,1,0.0029387563183260845
ideais,1,0.0029387563183260845
ecoturísticas,1,0.0029387563183260845
bird,1,0.0029387563183260845
meandros,1,0.0029387563183260845
encanta,1,0.0029387563183260845
aficionados,1,0.0029387563183260845
guará,1,0.0029387563183260845
Endocimus,1,0.0029387563183260845
ruber,1,0.0029387563183260845
ave,1,0.0029387563183260845
habitat,1,0.0029387563183260845
franco,1,0.0029387563183260845
Nove,1,0.0029387563183260845
eletrodomésticos,1,0.0029387563183260845
concentrar,1,0.0029387563183260845
resultado,1,0.0029387563183260845
componentes,1,0.0029387563183260845
atividade,1,0.0029387563183260845
econômica,1,0.0029387563183260845
nordestina,1,0.0029387563183260845
dada,1,0.0029387563183260845
migração,1,0.0029387563183260845
Azul,1,0.0029387563183260845
moqueca,1,0.0029387563183260845
Banana,1,0.0029387563183260845
típicas,1,0.0029387563183260845
bottom,1,0.0029387563183260845
C9AFFF,1,0.0029387563183260845
ddddff,1,0.0029387563183260845
padding,1,0.0029387563183260845
2px,1,0.0029387563183260845
adoptada,1,0.0029387563183260845
desenhada,1,0.0029387563183260845
Benny,1,0.0029387563183260845
Benson,1,0.0029387563183260845
estudante,1,0.0029387563183260845
amarelas,1,0.0029387563183260845
representam,1,0.0029387563183260845
Ursa,1,0.0029387563183260845
urso,1,0.0029387563183260845
afirma,1,0.0029387563183260845
caranguejada,1,0.0029387563183260845
DDD,1,0.0029387563183260845
Modelo,1,0.0029387563183260845
Policlínica,1,0.0029387563183260845
Mulher,1,0.0029387563183260845
Pronto,1,0.0029387563183260845
Socorro,1,0.0029387563183260845
Guiomar,1,0.0029387563183260845
F.,1,0.0029387563183260845
Roebellen,1,0.0029387563183260845
remodeladas,1,0.0029387563183260845
atendimento,1,0.0029387563183260845
Seus,1,0.0029387563183260845
jornais,1,0.0029387563183260845
www.povodecubatao.com.br,1,0.0029387563183260845
Jornal,1,0.0029387563183260845
Acontece,1,0.0029387563183260845
www.acontecedigital.com.br,1,0.0029387563183260845
Peruíbe,1,0.0029387563183260845
Ubatuba,1,0.0029387563183260845
Itanhaém,1,0.0029387563183260845
"8.430,4",1,0.0029387563183260845
30.711,1,0.0029387563183260845
densidade,1,0.0029387563183260845
populacional,1,0.0029387563183260845
"4,4",1,0.0029387563183260845
baixíssima,1,0.0029387563183260845
inferior,1,0.0029387563183260845
atingir,1,0.0029387563183260845
1975,1,0.0029387563183260845
1895,1,0.0029387563183260845
-8,1,0.0029387563183260845
menor,1,0.0029387563183260845
carregadas,1,0.0029387563183260845
1973,1,0.0029387563183260845
-30,1,0.0029387563183260845
rasteira,1,0.0029387563183260845
resistem,1,0.0029387563183260845
tundra,1,0.0029387563183260845
suportam,1,0.0029387563183260845
elevadas,1,0.0029387563183260845
achavam,1,0.0029387563183260845
gelada,1,0.0029387563183260845
perceberem,1,0.0029387563183260845
tornaria,1,0.0029387563183260845
combústivel,1,0.0029387563183260845
1959,1,0.0029387563183260845
float,1,0.0029387563183260845
right,1,0.0029387563183260845
margin,1,0.0029387563183260845
9866FF,1,0.0029387563183260845
f3f3ff,1,0.0029387563183260845
text,1,0.0029387563183260845
comercializar,1,0.0029387563183260845
canadenses,1,0.0029387563183260845
montanhosas,1,0.0029387563183260845
dificulta,1,0.0029387563183260845
comercialização,1,0.0029387563183260845
Acredita,1,0.0029387563183260845
formaram,1,0.0029387563183260845
encontro,1,0.0029387563183260845
formarem,1,0.0029387563183260845
causam,1,0.0029387563183260845
terremotos,1,0.0029387563183260845
agitado,1,0.0029387563183260845
alaga,1,0.0029387563183260845
Wrangell,1,0.0029387563183260845
Gustavus,1,0.0029387563183260845
usadas,1,0.0029387563183260845
Wings,1,0.0029387563183260845
centenas,1,0.0029387563183260845
trazem,1,0.0029387563183260845
paragens,1,0.0029387563183260845
Wrangel,1,0.0029387563183260845
Skagway,1,0.0029387563183260845
Angoon,1,0.0029387563183260845
Hoonah,1,0.0029387563183260845
Springs,1,0.0029387563183260845
Kenai,1,0.0029387563183260845
Aleutas,1,0.0029387563183260845
Nome,1,0.0029387563183260845
1867,1,0.0029387563183260845
comprado,1,0.0029387563183260845
7.2,1,0.0029387563183260845
acre,1,0.0029387563183260845
Separado,1,0.0029387563183260845
Passage,1,0.0029387563183260845
Pelican,1,0.0029387563183260845
Kake,1,0.0029387563183260845
recebem,1,0.0029387563183260845
ocasional,1,0.0029387563183260845
Glaciar,1,0.0029387563183260845
Mendenhall,1,0.0029387563183260845
Marine,1,0.0029387563183260845
alugadores,1,0.0029387563183260845
fundo,1,0.0029387563183260845
atraem,1,0.0029387563183260845
Design,1,0.0029387563183260845
Hertitage,1,0.0029387563183260845
Coffee,1,0.0029387563183260845
magníficos,1,0.0029387563183260845
pinos,1,0.0029387563183260845
Brewery,1,0.0029387563183260845
atraindo,1,0.0029387563183260845
Franklin,1,0.0029387563183260845
saír,1,0.0029387563183260845
Хаба́ровск,1,0.0029387563183260845
rrabárovsk,1,0.0029387563183260845
Oriental,1,0.0029387563183260845
Rússia)|Extremo,1,0.0029387563183260845
Russo,1,0.0029387563183260845
China|chinesa,1,0.0029387563183260845
poderia,1,0.0029387563183260845
maçantes,1,0.0029387563183260845
verdade,1,0.0029387563183260845
ensolarado,1,0.0029387563183260845
efeito,1,0.0029387563183260845
profundo,1,0.0029387563183260845
atraentes,1,0.0029387563183260845
vivo,1,0.0029387563183260845
garotas,1,0.0029387563183260845
passeando,1,0.0029387563183260845
arquitetura,1,0.0029387563183260845
clássica,1,0.0029387563183260845
aguarda,1,0.0029387563183260845
deuses,1,0.0029387563183260845
colaborarem,1,0.0029387563183260845
colaborem,1,0.0029387563183260845
triste,1,0.0029387563183260845
aproximando,1,0.0029387563183260845
600,1,0.0029387563183260845
Federal,1,0.0029387563183260845
Fontaine,1,0.0029387563183260845
Veranda,1,0.0029387563183260845
Le,1,0.0029387563183260845
Dome,1,0.0029387563183260845
Frequentar,1,0.0029387563183260845
verdadeiro,1,0.0029387563183260845
acomodação,1,0.0029387563183260845
Nouveau,1,0.0029387563183260845
Tablorjt,1,0.0029387563183260845
duplo,1,0.0029387563183260845
180,1,0.0029387563183260845
realmente,1,0.0029387563183260845
básico,1,0.0029387563183260845
porcaria,1,0.0029387563183260845
banheiro,1,0.0029387563183260845
Chegue,1,0.0029387563183260845
preencher,1,0.0029387563183260845
rapidamente,1,0.0029387563183260845
atmosfera,1,0.0029387563183260845
distinta,1,0.0029387563183260845
rara,1,0.0029387563183260845
provinciais,1,0.0029387563183260845
apoiado,1,0.0029387563183260845
asiática,1,0.0029387563183260845
somam,1,0.0029387563183260845
gastando,1,0.0029387563183260845
urbanas,1,0.0029387563183260845
valorizar,1,0.0029387563183260845
poupados,1,0.0029387563183260845
destrutivos,1,0.0029387563183260845
perspectiva,1,0.0029387563183260845
inequívocas,1,0.0029387563183260845
planejamento,1,0.0029387563183260845
siberianas,1,0.0029387563183260845
monções,1,0.0029387563183260845
úmido,1,0.0029387563183260845
abrange,1,0.0029387563183260845
leque,1,0.0029387563183260845
mensais,1,0.0029387563183260845
-20,1,0.0029387563183260845
mortífero,1,0.0029387563183260845
686,1,0.0029387563183260845
mm,1,0.0029387563183260845
infelizmente,1,0.0029387563183260845
cai,1,0.0029387563183260845
ele(Se,1,0.0029387563183260845
justo,1,0.0029387563183260845
sorriso,1,0.0029387563183260845
educado,1,0.0029387563183260845
Obs,1,0.0029387563183260845
conversar,1,0.0029387563183260845
Hassan,1,0.0029387563183260845
54,1,0.0029387563183260845
Tungusic,1,0.0029387563183260845
XV,1,0.0029387563183260845
expandir,1,0.0029387563183260845
ascendente,1,0.0029387563183260845
Manchu,1,0.0029387563183260845
empenhada,1,0.0029387563183260845
proteger,1,0.0029387563183260845
escaramuças,1,0.0029387563183260845
coreanos,1,0.0029387563183260845
seguiu,1,0.0029387563183260845
envolvendo,1,0.0029387563183260845
Yerofey,1,0.0029387563183260845
Khabarov,1,0.0029387563183260845
adotou,1,0.0029387563183260845
Nerchinsk,1,0.0029387563183260845
1689,1,0.0029387563183260845
trouxe,1,0.0029387563183260845
conflito,1,0.0029387563183260845
incontestável,1,0.0029387563183260845
império,1,0.0029387563183260845
mapeamento,1,0.0029387563183260845
1709,1,0.0029387563183260845
futuro,1,0.0029387563183260845
Yupi,1,0.0029387563183260845
Dazi,1,0.0029387563183260845
tártaros,1,0.0029387563183260845
1858,1,0.0029387563183260845
cedida,1,0.0029387563183260845
Aigun,1,0.0029387563183260845
fundaram,1,0.0029387563183260845
Khabarovka,1,0.0029387563183260845
Хабаровка,1,0.0029387563183260845
Sociedade,1,0.0029387563183260845
Geográfica,1,0.0029387563183260845
Russa,1,0.0029387563183260845
fundou,1,0.0029387563183260845
floresceu,1,0.0029387563183260845
Regional,1,0.0029387563183260845
História,1,0.0029387563183260845
Natural,1,0.0029387563183260845
assentamento,1,0.0029387563183260845
Nanai,1,0.0029387563183260845
Sikhachi,1,0.0029387563183260845
Alyan,1,0.0029387563183260845
podme,1,0.0029387563183260845
encontrados,1,0.0029387563183260845
desenhos,1,0.0029387563183260845
rupestres,1,0.0029387563183260845
1897,1,0.0029387563183260845
ferrovia,1,0.0029387563183260845
completa,1,0.0029387563183260845
1913,1,0.0029387563183260845
permitindo,1,0.0029387563183260845
balsas,1,0.0029387563183260845
japoneses,1,0.0029387563183260845
Novy,1,0.0029387563183260845
ICAO,1,0.0029387563183260845
UHHH,1,0.0029387563183260845
KHV,1,0.0029387563183260845
reabastecimento,1,0.0029387563183260845
polares,1,0.0029387563183260845
Dalavia,1,0.0029387563183260845
falida,1,0.0029387563183260845
Far,1,0.0029387563183260845
Eastern,1,0.0029387563183260845
Aviation,1,0.0029387563183260845
Seul,1,0.0029387563183260845
Petersburgo,1,0.0029387563183260845
Iujno,1,0.0029387563183260845
Sakhalinsk,1,0.0029387563183260845
Petropavlovsk,1,0.0029387563183260845
Kamchatski,1,0.0029387563183260845
Magadan,1,0.0029387563183260845
Chita,1,0.0029387563183260845
Irkutsk,1,0.0029387563183260845
Yakutsk,1,0.0029387563183260845
Novosibirsk,1,0.0029387563183260845
Krasnoiarsk,1,0.0029387563183260845
Yekaterinburg,1,0.0029387563183260845
olhada,1,0.0029387563183260845
carregando,1,0.0029387563183260845
bandejas,1,0.0029387563183260845
variante,1,0.0029387563183260845
africana,1,0.0029387563183260845
rosquinha,1,0.0029387563183260845
Cuidado,1,0.0029387563183260845
ambulantes,1,0.0029387563183260845
abordam,1,0.0029387563183260845
iniciam,1,0.0029387563183260845
empurrar,1,0.0029387563183260845
pastel,1,0.0029387563183260845
pedindo,1,0.0029387563183260845
Que,1,0.0029387563183260845
naturalmente,1,0.0029387563183260845
esperado,1,0.0029387563183260845
Krasnodar,1,0.0029387563183260845
listada,1,0.0029387563183260845
Habarovsk,1,0.0029387563183260845
800,1,0.0029387563183260845
8500,1,0.0029387563183260845
386,1,0.0029387563183260845
035,1,0.0029387563183260845
Blagoveshchensk,1,0.0029387563183260845
325,1,0.0029387563183260845
Tynda,1,0.0029387563183260845
667э,1,0.0029387563183260845
Komsomolsk,1,0.0029387563183260845
943э,1,0.0029387563183260845
Baikal,1,0.0029387563183260845
Sakhalin,1,0.0029387563183260845
adiante,1,0.0029387563183260845
Wakkanai,1,0.0029387563183260845
Harbin,1,0.0029387563183260845
curso,1,0.0029387563183260845
Pyongyang,1,0.0029387563183260845
montante,1,0.0029387563183260845
interrompido,1,0.0029387563183260845
estiverem,1,0.0029387563183260845
1.000,1,0.0029387563183260845
jusante,1,0.0029387563183260845
8PM,1,0.0029387563183260845
enviar,1,0.0029387563183260845
limitado,1,0.0029387563183260845
temporada,1,0.0029387563183260845
iniciante,1,0.0029387563183260845
curtir,1,0.0029387563183260845
adequadas,1,0.0029387563183260845
AGA,1,0.0029387563183260845
diretos,1,0.0029387563183260845
voando,1,0.0029387563183260845
200,1,0.0029387563183260845
caminhada,1,0.0029387563183260845
confunda,1,0.0029387563183260845
bonde,1,0.0029387563183260845
curva,1,0.0029387563183260845
Volochaevskaya,1,0.0029387563183260845
quarteirão,1,0.0029387563183260845
continuar,1,0.0029387563183260845
estende,1,0.0029387563183260845
sonolentos,1,0.0029387563183260845
Krasnoreleiskaya,1,0.0029387563183260845
trólebus,1,0.0029387563183260845
elétricos,1,0.0029387563183260845
seções,1,0.0029387563183260845
úteis,1,0.0029387563183260845
Karla,1,0.0029387563183260845
Marksa,1,0.0029387563183260845
Amursky,1,0.0029387563183260845
Seryshev,1,0.0029387563183260845
quadra,1,0.0029387563183260845
Contornando,1,0.0029387563183260845
feitas,1,0.0029387563183260845
acolhedores,1,0.0029387563183260845
hospitaleiros,1,0.0029387563183260845
Oceano,1,0.0029387563183260845
proximidades,1,0.0029387563183260845
Atlas,1,0.0029387563183260845
isoladas,1,0.0029387563183260845
pro,1,0.0029387563183260845
executa,1,0.0029387563183260845
Importantes,1,0.0029387563183260845
T,1,0.0029387563183260845
Shevchenko,1,0.0029387563183260845
Theotokos,1,0.0029387563183260845
cúpula,1,0.0029387563183260845
azul,1,0.0029387563183260845
oriente,1,0.0029387563183260845
alojam,1,0.0029387563183260845
centenários,1,0.0029387563183260845
impressionantes,1,0.0029387563183260845
revolução,1,0.0029387563183260845
lavar,1,0.0029387563183260845
pivos,1,0.0029387563183260845
Drama,1,0.0029387563183260845
fale,1,0.0029387563183260845
Comida,1,0.0029387563183260845
italiana,1,0.0029387563183260845
Preços,1,0.0029387563183260845
cadeia,1,0.0029387563183260845
Bird,1,0.0029387563183260845
Refeições,1,0.0029387563183260845
Inturist,1,0.0029387563183260845
Kiritimati,1,0.0029387563183260845
AKK,1,0.0029387563183260845
Lagoon,1,0.0029387563183260845
distintivos,1,0.0029387563183260845
predominância,1,0.0029387563183260845
rural,1,0.0029387563183260845
membros,1,0.0029387563183260845
personalizada,1,0.0029387563183260845
habitações,1,0.0029387563183260845
australiano,1,0.0029387563183260845
AUD,1,0.0029387563183260845
população=105.432,1,0.0029387563183260845
Católicos,1,0.0029387563183260845
52,1,0.0029387563183260845
+12,1,0.0029387563183260845
Micronésia,1,0.0029387563183260845
Equador,1,0.0029387563183260845
1995,1,0.0029387563183260845
meridiano,1,0.0029387563183260845
atóis,1,0.0029387563183260845
esparramam,1,0.0029387563183260845
"3,5",1,0.0029387563183260845
piores,1,0.0029387563183260845
batalhas,1,0.0029387563183260845
batalha,1,0.0029387563183260845
Tirando,1,0.0029387563183260845
isolada,1,0.0029387563183260845
Banaba,1,0.0029387563183260845
pop.~300,1,0.0029387563183260845
Edificada,1,0.0029387563183260845
adaptada,1,0.0029387563183260845
dispõe,1,0.0029387563183260845
suites,1,0.0029387563183260845
Ar,1,0.0029387563183260845
Condicionado,1,0.0029387563183260845
Rural,1,0.0029387563183260845
disponibiliza,1,0.0029387563183260845
Estão,1,0.0029387563183260845
organizadas,1,0.0029387563183260845
UTC+12,1,0.0029387563183260845
UTC+13,1,0.0029387563183260845
desabitadas,1,0.0029387563183260845
Abariringa,1,0.0029387563183260845
pop.~40,1,0.0029387563183260845
submersos,1,0.0029387563183260845
Winslow,1,0.0029387563183260845
Carondelet,1,0.0029387563183260845
Baker,1,0.0029387563183260845
Howland,1,0.0029387563183260845
Oito,1,0.0029387563183260845
onze,1,0.0029387563183260845
UTC+14,1,0.0029387563183260845
iniciar,1,0.0029387563183260845
Northern,1,0.0029387563183260845
Palmyra,1,0.0029387563183260845
Kingman,1,0.0029387563183260845
Centrais,1,0.0029387563183260845
Jarvis,1,0.0029387563183260845
dependência,1,0.0029387563183260845
Filippo,1,0.0029387563183260845
submerso,1,0.0029387563183260845
Southern,1,0.0029387563183260845
desabitado,1,0.0029387563183260845
vistar,1,0.0029387563183260845
obrigatório,1,0.0029387563183260845
Noa,1,0.0029387563183260845
Canada,1,0.0029387563183260845
vivem,1,0.0029387563183260845
descendentes,1,0.0029387563183260845
sovada,1,0.0029387563183260845
bolos,1,0.0029387563183260845
lêvedos,1,0.0029387563183260845
Noite,1,0.0029387563183260845
precederam,1,0.0029387563183260845
Sob,1,0.0029387563183260845
ficaram,1,0.0029387563183260845
concedeu,1,0.0029387563183260845
autonomia,1,0.0029387563183260845
páis,1,0.0029387563183260845
1971,1,0.0029387563183260845
1979,1,0.0029387563183260845
pronunciado,1,0.0029387563183260845
bãss,1,0.0029387563183260845
Gilberts,1,0.0029387563183260845
i,1,0.0029387563183260845
pronuncia,1,0.0029387563183260845
ouvido,1,0.0029387563183260845
hino,1,0.0029387563183260845
Our,1,0.0029387563183260845
Airline,1,0.0029387563183260845
Fiji,1,0.0029387563183260845
Cruise,1,0.0029387563183260845
Lines,1,0.0029387563183260845
Tabuaeran|Ilha,1,0.0029387563183260845
Fanning,1,0.0029387563183260845
havaianos,1,0.0029387563183260845
Havaí,1,0.0029387563183260845
Portos,1,0.0029387563183260845
Portas,1,0.0029387563183260845
vulcânicas,1,0.0029387563183260845
íngreme,1,0.0029387563183260845
colinas,1,0.0029387563183260845
física,1,0.0029387563183260845
nativa,1,0.0029387563183260845
contudo,1,0.0029387563183260845
remotos,1,0.0029387563183260845
literalmente,1,0.0029387563183260845
Tartaruga,1,0.0029387563183260845
Tailândia|Golfo,1,0.0029387563183260845
anterirmente,1,0.0029387563183260845
detenção,1,0.0029387563183260845
prisioneiros,1,0.0029387563183260845
políticos,1,0.0029387563183260845
ótimo,1,0.0029387563183260845
querem,1,0.0029387563183260845
caos,1,0.0029387563183260845
Full,1,0.0029387563183260845
Moon,1,0.0029387563183260845
Party,1,0.0029387563183260845
Pha,1,0.0029387563183260845
Ngan,1,0.0029387563183260845
voltada,1,0.0029387563183260845
mochileiros,1,0.0029387563183260845
ampla,1,0.0029387563183260845
aumentando,1,0.0029387563183260845
noturna,1,0.0029387563183260845
Chumphon,1,0.0029387563183260845
numerosos,1,0.0029387563183260845
Sairee,1,0.0029387563183260845
Haad,1,0.0029387563183260845
Chalok,1,0.0029387563183260845
menores,1,0.0029387563183260845
ramificando,1,0.0029387563183260845
conduzem,1,0.0029387563183260845
porem,1,0.0029387563183260845
intransitáveis,1,0.0029387563183260845
​​após,1,0.0029387563183260845
chuva,1,0.0029387563183260845
desafiar,1,0.0029387563183260845
hábil,1,0.0029387563183260845
aventura,1,0.0029387563183260845
ciente,1,0.0029387563183260845
enganadoras,1,0.0029387563183260845
alterações,1,0.0029387563183260845
cobertas,1,0.0029387563183260845
concreto,1,0.0029387563183260845
Cursos,1,0.0029387563183260845
apneia,1,0.0029387563183260845
AIDA,1,0.0029387563183260845
SSI,1,0.0029387563183260845
Apnea,1,0.0029387563183260845
Academy,1,0.0029387563183260845
divertido,1,0.0029387563183260845
tartarugas,1,0.0029387563183260845
skeeper,1,0.0029387563183260845
aconselha,1,0.0029387563183260845
pretendam,1,0.0029387563183260845
iate,1,0.0029387563183260845
Horta,1,0.0029387563183260845
movimentadas,1,0.0029387563183260845
Marina,1,0.0029387563183260845
Angra,1,0.0029387563183260845
Vitória,1,0.0029387563183260845
equipados,1,0.0029387563183260845
Povoação,1,0.0029387563183260845
Lajes,1,0.0029387563183260845
Velas,1,0.0029387563183260845
arraias,1,0.0029387563183260845
barracudas,1,0.0029387563183260845
tubarões,1,0.0029387563183260845
chance,1,0.0029387563183260845
baleia,1,0.0029387563183260845
mergulhar,1,0.0029387563183260845
m.,1,0.0029387563183260845
reduzida,1,0.0029387563183260845
seleção,1,0.0029387563183260845
tailandesa,1,0.0029387563183260845
disponível,1,0.0029387563183260845
assado,1,0.0029387563183260845
favoritos,1,0.0029387563183260845
culinárias,1,0.0029387563183260845
2011,1,0.0029387563183260845
variavam,1,0.0029387563183260845
posta,1,0.0029387563183260845
Королёв,1,0.0029387563183260845
transliterada,1,0.0029387563183260845
Korolyov,1,0.0029387563183260845
Espaço,1,0.0029387563183260845
Sideral,1,0.0029387563183260845
nervoso,1,0.0029387563183260845
programa,1,0.0029387563183260845
Chekhov,1,0.0029387563183260845
Akhmatova,1,0.0029387563183260845
AtlanticoLine,1,0.0029387563183260845
assegura,1,0.0029387563183260845
Transmaçor,1,0.0029387563183260845
mínimo,1,0.0029387563183260845
operadores,1,0.0029387563183260845
veleiros,1,0.0029387563183260845
Pasternak,1,0.0029387563183260845
Tsvetaeva,1,0.0029387563183260845
residenciais,1,0.0029387563183260845
desejados,1,0.0029387563183260845
Kaliningrado,1,0.0029387563183260845
Калининград,1,0.0029387563183260845
1938,1,0.0029387563183260845
armas,1,0.0029387563183260845
antitanque,1,0.0029387563183260845
defesa,1,0.0029387563183260845
antiaérea,1,0.0029387563183260845
rescaldo,1,0.0029387563183260845
artilharia,1,0.0029387563183260845
reformulada,1,0.0029387563183260845
lançadores,1,0.0029387563183260845
naves,1,0.0029387563183260845
espaciais,1,0.0029387563183260845
orientação,1,0.0029387563183260845
cientista,1,0.0029387563183260845
previu,1,0.0029387563183260845
consolidou,1,0.0029387563183260845
orientou,1,0.0029387563183260845
exploração,1,0.0029387563183260845
referido,1,0.0029387563183260845
nessa,1,0.0029387563183260845
Supremo,1,0.0029387563183260845
Chefe,1,0.0029387563183260845
Designer,1,0.0029387563183260845
revelada,1,0.0029387563183260845
morte,1,0.0029387563183260845
RKK,1,0.0029387563183260845
Energia,1,0.0029387563183260845
Missão,1,0.0029387563183260845
Soviética,1,0.0029387563183260845
códigos,1,0.0029387563183260845
NII-88,1,0.0029387563183260845
989,1,0.0029387563183260845
1996,1,0.0029387563183260845
rebatizada,1,0.0029387563183260845
morrera,1,0.0029387563183260845
1966,1,0.0029387563183260845
1997,1,0.0029387563183260845
sediou,1,0.0029387563183260845
Jogos,1,0.0029387563183260845
Olímpicos,1,0.0029387563183260845
Internacionais,1,0.0029387563183260845
Espaciais,1,0.0029387563183260845
promover,1,0.0029387563183260845
investigação,1,0.0029387563183260845
direita,1,0.0029387563183260845
Mitischi,1,0.0029387563183260845
Podlipki,1,0.0029387563183260845
Dachnie,1,0.0029387563183260845
Tome,1,0.0029387563183260845
electrichkas,1,0.0029387563183260845
Schiolkovo,1,0.0029387563183260845
Detskaya,1,0.0029387563183260845
diferenciar,1,0.0029387563183260845
Фрязино,1,0.0029387563183260845
Fryazevo,1,0.0029387563183260845
Фрязево,1,0.0029387563183260845
anúncios,1,0.0029387563183260845
Yaroslavskii,1,0.0029387563183260845
pronunciam,1,0.0029387563183260845
claramente,1,0.0029387563183260845
especificamente,1,0.0029387563183260845
atentamente,1,0.0029387563183260845
392,1,0.0029387563183260845
565,1,0.0029387563183260845
metrô,1,0.0029387563183260845
VDNKh,1,0.0029387563183260845
congestionamentos,1,0.0029387563183260845
esses,1,0.0029387563183260845
tornem,1,0.0029387563183260845
grave,1,0.0029387563183260845
abertura,1,0.0029387563183260845
intercâmbios,1,0.0029387563183260845
Mytishchi,1,0.0029387563183260845
Dois,1,0.0029387563183260845
Renas,1,0.0029387563183260845
Torfyanka,1,0.0029387563183260845
Lake,1,0.0029387563183260845
ciclistas,1,0.0029387563183260845
№,1,0.0029387563183260845
"7,que",1,0.0029387563183260845
pare,1,0.0029387563183260845
Turfa,1,0.0029387563183260845
Торфопредприятие,1,0.0029387563183260845
deslocação,1,0.0029387563183260845
automóvel,1,0.0029387563183260845
rent,1,0.0029387563183260845
car,1,0.0029387563183260845
vantagem,1,0.0029387563183260845
aluguer,1,0.0029387563183260845
quilómetro,1,0.0029387563183260845
quilometragem,1,0.0029387563183260845
ilimitada,1,0.0029387563183260845
Rai,1,0.0029387563183260845
Leh,1,0.0029387563183260845
Dada,1,0.0029387563183260845
diretas,1,0.0029387563183260845
KBV,1,0.0029387563183260845
incluídos,1,0.0029387563183260845
ligam,1,0.0029387563183260845
deixá,1,0.0029387563183260845
Tribunal,1,0.0029387563183260845
sinalização,1,0.0029387563183260845
bilíngüe,1,0.0029387563183260845
motocicleta,1,0.0029387563183260845
songthaew,1,0.0029387563183260845
minivan,1,0.0029387563183260845
Fi,1,0.0029387563183260845
gratuito,1,0.0029387563183260845
Banguecoque,1,0.0029387563183260845
+66,1,0.0029387563183260845
4351199,1,0.0029387563183260845
charmoso,1,0.0029387563183260845
calçadão,1,0.0029387563183260845
cais,1,0.0029387563183260845
organiza,1,0.0029387563183260845
Soi,1,0.0029387563183260845
autêntica,1,0.0029387563183260845
caseira,1,0.0029387563183260845
aponte,1,0.0029387563183260845
diplomáticas,1,0.0029387563183260845
consulares,1,0.0029387563183260845
endereçar,1,0.0029387563183260845
pedido,1,0.0029387563183260845
transatlanticas,1,0.0029387563183260845
referidos,1,0.0029387563183260845
aprecie,1,0.0029387563183260845
Vogue,1,0.0029387563183260845
Thong,1,0.0029387563183260845
17:00,1,0.0029387563183260845
22:00,1,0.0029387563183260845
itens,1,0.0029387563183260845
gerais,1,0.0029387563183260845
3900,1,0.0029387563183260845
cânion,1,0.0029387563183260845
formado,1,0.0029387563183260845
altiplano,1,0.0029387563183260845
visão,1,0.0029387563183260845
deslumbrante,1,0.0029387563183260845
1548,1,0.0029387563183260845
Mendonza,1,0.0029387563183260845
enviado,1,0.0029387563183260845
ferrenha,1,0.0029387563183260845
Pizarro,1,0.0029387563183260845
Almagro,1,0.0029387563183260845
Ibañez,1,0.0029387563183260845
inicialmente,1,0.0029387563183260845
cristã,1,0.0029387563183260845
convenceu,1,0.0029387563183260845
estabelecer,1,0.0029387563183260845
religioso,1,0.0029387563183260845
apresentou,1,0.0029387563183260845
razões,1,0.0029387563183260845
dentre,1,0.0029387563183260845
existência,1,0.0029387563183260845
encontrava,1,0.0029387563183260845
facilidade,1,0.0029387563183260845
convecido,1,0.0029387563183260845
refundou,1,0.0029387563183260845
Nuestra,1,0.0029387563183260845
Señora,1,0.0029387563183260845
Peru,1,0.0029387563183260845
Titicaca,1,0.0029387563183260845
Cemitério,1,0.0029387563183260845
Geral,1,0.0029387563183260845
Acre,1,0.0029387563183260845
Brasil)|Acre,1,0.0029387563183260845
carrocerias,1,0.0029387563183260845
pinturas,1,0.0029387563183260845
micro,1,0.0029387563183260845
Boliviano,1,0.0029387563183260845
buses,1,0.0029387563183260845
cobrador,1,0.0029387563183260845
gritando,1,0.0029387563183260845
itinerário,1,0.0029387563183260845
lembra,1,0.0029387563183260845
clandestino,1,0.0029387563183260845
subir,1,0.0029387563183260845
bastando,1,0.0029387563183260845
sinal,1,0.0029387563183260845
bajar,1,0.0029387563183260845
racional,1,0.0029387563183260845
caótico,1,0.0029387563183260845
combinado,1,0.0029387563183260845
previamente,1,0.0029387563183260845
recepcionistas,1,0.0029387563183260845
tarifas,1,0.0029387563183260845
praticadas,1,0.0029387563183260845
indicar,1,0.0029387563183260845
confiança,1,0.0029387563183260845
corridas,1,0.0029387563183260845
Downhill,1,0.0029387563183260845
bike,1,0.0029387563183260845
63,1,0.0029387563183260845
-2ºC,1,0.0029387563183260845
floresta,1,0.0029387563183260845
27ºC,1,0.0029387563183260845
Nenhum,1,0.0029387563183260845
policial,1,0.0029387563183260845
autoridade,1,0.0029387563183260845
acontecer,1,0.0029387563183260845
socorro,1,0.0029387563183260845
assalto,1,0.0029387563183260845
Taxa,1,0.0029387563183260845
aeroportuária,1,0.0029387563183260845
ínternacional,1,0.0029387563183260845
escavadas,1,0.0029387563183260845
declaradas,1,0.0029387563183260845
Humanidade,1,0.0029387563183260845
assegure,1,0.0029387563183260845
confirma,1,0.0029387563183260845
apareça,1,0.0029387563183260845
adiados,1,0.0029387563183260845
proximidade,1,0.0029387563183260845
Corrente,1,0.0029387563183260845
75,1,0.0029387563183260845
Tempestades,1,0.0029387563183260845
relativa,1,0.0029387563183260845
furacões,1,0.0029387563183260845
válido,1,0.0029387563183260845
Europeia,1,0.0029387563183260845
Liechtenstein,1,0.0029387563183260845
Suíça,1,0.0029387563183260845
mantenha,1,0.0029387563183260845
cancelados,1,0.0029387563183260845
questões,1,0.0029387563183260845
técnicas,1,0.0029387563183260845
birrs,1,0.0029387563183260845
Dessie,1,0.0029387563183260845
Outro,1,0.0029387563183260845
madrugada,1,0.0029387563183260845
6h00,1,0.0029387563183260845
mudando,1,0.0029387563183260845
Gashena,1,0.0029387563183260845
nalgum,1,0.0029387563183260845
poeirenta,1,0.0029387563183260845
melhorada,1,0.0029387563183260845
NÃO,1,0.0029387563183260845
estranhamente,1,0.0029387563183260845
meter,1,0.0029387563183260845
conversam,1,0.0029387563183260845
Ir,1,0.0029387563183260845
destreza,1,0.0029387563183260845
degraus,1,0.0029387563183260845
tortos,1,0.0029387563183260845
contratar,1,0.0029387563183260845
Veja|Veja,1,0.0029387563183260845
agradar,1,0.0029387563183260845
carruagens,1,0.0029387563183260845
Conduzir,1,0.0029387563183260845
pesadelo,1,0.0029387563183260845
nisso,1,0.0029387563183260845
motorizados,1,0.0029387563183260845
bomba,1,0.0029387563183260845
gasolina,1,0.0029387563183260845
licenciado,1,0.0029387563183260845
birr,1,0.0029387563183260845
treinados,1,0.0029387563183260845
sacerdotes,1,0.0029387563183260845
irão,1,0.0029387563183260845
abordá,1,0.0029387563183260845
evitados,1,0.0029387563183260845
monolíticas,1,0.0029387563183260845
reinado,1,0.0029387563183260845
Património,1,0.0029387563183260845
certos,1,0.0029387563183260845
mitos,1,0.0029387563183260845
Templários,1,0.0029387563183260845
etíope,1,0.0029387563183260845
controvérsia,1,0.0029387563183260845
académicos,1,0.0029387563183260845
acreditam,1,0.0029387563183260845
9h00,1,0.0029387563183260845
17h00,1,0.0029387563183260845
1432,1,0.0029387563183260845
Velho,1,0.0029387563183260845
1431,1,0.0029387563183260845
procedeu,1,0.0029387563183260845
descobrimento,1,0.0029387563183260845
Foram,1,0.0029387563183260845
declarados,1,0.0029387563183260845
1976,1,0.0029387563183260845
24,1,0.0029387563183260845
marítimas,1,0.0029387563183260845
centígrados,1,0.0029387563183260845
desrespeitoso,1,0.0029387563183260845
agrupadas,1,0.0029387563183260845
espalhadas,1,0.0029387563183260845
objetos,1,0.0029387563183260845
escritas,1,0.0029387563183260845
Geez,1,0.0029387563183260845
linguagem,1,0.0029387563183260845
venda,1,0.0029387563183260845
preocupar,1,0.0029387563183260845
requerem,1,0.0029387563183260845
exportar,1,0.0029387563183260845
simpáticas,1,0.0029387563183260845
prestáveis,1,0.0029387563183260845
regateados,1,0.0029387563183260845
selecção,1,0.0029387563183260845
postais,1,0.0029387563183260845
estarem,1,0.0029387563183260845
esgotados,1,0.0029387563183260845
Festival,1,0.0029387563183260845
Timket,1,0.0029387563183260845
Faça|Faça,1,0.0029387563183260845
quartos,1,0.0029387563183260845
aumentam,1,0.0029387563183260845
arrisca,1,0.0029387563183260845
tiverem,1,0.0029387563183260845
fizesse,1,0.0029387563183260845
Quénia,1,0.0029387563183260845
Costeiro,1,0.0029387563183260845
telemóvel,1,0.0029387563183260845
portátil,1,0.0029387563183260845
deixe-,1,0.0029387563183260845
absorver,1,0.0029387563183260845
interrompida,1,0.0029387563183260845
zurrar,1,0.0029387563183260845
ouvida,1,0.0029387563183260845
mesquitas,1,0.0029387563183260845
Kenyatta,1,0.0029387563183260845
Safarilink,1,0.0029387563183260845
Kenya,1,0.0029387563183260845
Wilson,1,0.0029387563183260845
Mombasa,1,0.0029387563183260845
Safari,1,0.0029387563183260845
Nota|Fale|A,1,0.0029387563183260845
assimilará,1,0.0029387563183260845
aprender,1,0.0029387563183260845
Swahili,1,0.0029387563183260845
rudimentar,1,0.0029387563183260845
apanhar,1,0.0029387563183260845
somalis,1,0.0029387563183260845
assaltados,1,0.0029387563183260845
2005,1,0.0029387563183260845
assegurada,1,0.0029387563183260845
perigosas,1,0.0029387563183260845
guardas,1,0.0029387563183260845
armados,1,0.0029387563183260845
quiserem,1,0.0029387563183260845
Infelizmente,1,0.0029387563183260845
pise,1,0.0029387563183260845
acidentalmente,1,0.0029387563183260845
pisar,1,0.0029387563183260845
pouca,1,0.0029387563183260845
trouxer,1,0.0029387563183260845
minúsculas,1,0.0029387563183260845
isqueiros,1,0.0029387563183260845
eficazes,1,0.0029387563183260845
lanternas,1,0.0029387563183260845
LED,1,0.0029387563183260845
Navegar,1,0.0029387563183260845
romântico,1,0.0029387563183260845
excursão,1,0.0029387563183260845
combinando,1,0.0029387563183260845
relacionado,1,0.0029387563183260845
velas,1,0.0029387563183260845
latinas,1,0.0029387563183260845
Manda,1,0.0029387563183260845
Ruínas,1,0.0029387563183260845
Takwa,1,0.0029387563183260845
Ruins,1,0.0029387563183260845
Matondoni,1,0.0029387563183260845
biosfera,1,0.0029387563183260845
baleias,1,0.0029387563183260845
visitados,1,0.0029387563183260845
Sete,1,0.0029387563183260845
Cidades,1,0.0029387563183260845
Capelinhos,1,0.0029387563183260845
ilhéus,1,0.0029387563183260845
337,1,0.0029387563183260845
237,1,0.0029387563183260845
1991,1,0.0029387563183260845
vulcões,1,0.0029387563183260845
activos,1,0.0029387563183260845
manifestações,1,0.0029387563183260845
sísmicas,1,0.0029387563183260845
humana,1,0.0029387563183260845
especializadas,1,0.0029387563183260845
capitão,1,0.0029387563183260845
conhece,1,0.0029387563183260845
Nature+Culture,1,0.0029387563183260845
especializa,1,0.0029387563183260845
dono,1,0.0029387563183260845
Suleiman,1,0.0029387563183260845
jogador,1,0.0029387563183260845
futebol,1,0.0029387563183260845
licença,1,0.0029387563183260845
pedida,1,0.0029387563183260845
associação,1,0.0029387563183260845
organizada,1,0.0029387563183260845
cooperativamente,1,0.0029387563183260845
Sailkenya,1,0.0029387563183260845
dhows,1,0.0029387563183260845
organizaram,1,0.0029387563183260845
profissional,1,0.0029387563183260845
Promise,1,0.0029387563183260845
Ahadi,1,0.0029387563183260845
impressionante,1,0.0029387563183260845
escritório,1,0.0029387563183260845
Alemão,1,0.0029387563183260845
t,1,0.0029387563183260845
shirts,1,0.0029387563183260845
brilhante,1,0.0029387563183260845
crachá,1,0.0029387563183260845
Peponi,1,0.0029387563183260845
Shela,1,0.0029387563183260845
Recentemente,1,0.0029387563183260845
adoptaram,1,0.0029387563183260845
moçambicano,1,0.0029387563183260845
confortável,1,0.0029387563183260845
Faça,1,0.0029387563183260845
Investigue,1,0.0029387563183260845
Seafront,1,0.0029387563183260845
Cafe,1,0.0029387563183260845
par,1,0.0029387563183260845
parecer,1,0.0029387563183260845
idoso,1,0.0029387563183260845
robusto,1,0.0029387563183260845
introduzirá,1,0.0029387563183260845
Hippy,1,0.0029387563183260845
oferecerá,1,0.0029387563183260845
medo,1,0.0029387563183260845
talheres,1,0.0029387563183260845
perfeito,1,0.0029387563183260845
Tusker,1,0.0029387563183260845
Palace,1,0.0029387563183260845
silencioso,1,0.0029387563183260845
ler,1,0.0029387563183260845
livro,1,0.0029387563183260845
Social,1,0.0029387563183260845
escondido,1,0.0029387563183260845
eléctrica,1,0.0029387563183260845
portanto,1,0.0029387563183260845
assistente,1,0.0029387563183260845
mesa,1,0.0029387563183260845
preparar,1,0.0029387563183260845
económicos,1,0.0029387563183260845
hóspedes,1,0.0029387563183260845
enormes,1,0.0029387563183260845
ilustrações,1,0.0029387563183260845
referentes,1,0.0029387563183260845
romances,1,0.0029387563183260845
enigmas,1,0.0029387563183260845
circos,1,0.0029387563183260845
baladas,1,0.0029387563183260845
esquecer,1,0.0029387563183260845
1905,1,0.0029387563183260845
1931,1,0.0029387563183260845
legalizados,1,0.0029387563183260845
daquela,1,0.0029387563183260845
surgindo,1,0.0029387563183260845
Rancho,1,0.0029387563183260845
1941,1,0.0029387563183260845
Bugsy,1,0.0029387563183260845
Siegel,1,0.0029387563183260845
Flamingo,1,0.0029387563183260845
entando,1,0.0029387563183260845
progresso,1,0.0029387563183260845
envolviomento,1,0.0029387563183260845
organizado,1,0.0029387563183260845
Main,1,0.0029387563183260845
nela,1,0.0029387563183260845
Fremont,1,0.0029387563183260845
Stratosphere,1,0.0029387563183260845
Onibus,1,0.0029387563183260845
urbanos,1,0.0029387563183260845
interligam,1,0.0029387563183260845
convenções,1,0.0029387563183260845
concetram,1,0.0029387563183260845
Parkway,1,0.0029387563183260845
Dallas,1,0.0029387563183260845
Detroit,1,0.0029387563183260845
Houston,1,0.0029387563183260845
Atlanta,1,0.0029387563183260845
Charlotte,1,0.0029387563183260845
direto,1,0.0029387563183260845
coragem,1,0.0029387563183260845
baratíssima,1,0.0029387563183260845
consegue,1,0.0029387563183260845
confortáveis,1,0.0029387563183260845
Angeles,1,0.0029387563183260845
420,1,0.0029387563183260845
Mojave,1,0.0029387563183260845
66,1,0.0029387563183260845
holidays,1,0.0029387563183260845
sleep,1,0.0029387563183260845
should,1,0.0029387563183260845
aware,1,0.0029387563183260845
only,1,0.0029387563183260845
done,1,0.0029387563183260845
Since,1,0.0029387563183260845
small,1,0.0029387563183260845
if,1,0.0029387563183260845
prone,1,0.0029387563183260845
sickness,1,0.0029387563183260845
avoid,1,0.0029387563183260845
an,1,0.0029387563183260845
overnight,1,0.0029387563183260845
stay,1,0.0029387563183260845
return,1,0.0029387563183260845
continent,1,0.0029387563183260845
afternoon.--&gt,1,0.0029387563183260845
Portugal|portuguesa,1,0.0029387563183260845
conhecidos,1,0.0029387563183260845
observação,1,0.0029387563183260845
posicionada,1,0.0029387563183260845
Isso,1,0.0029387563183260845
locomoção,1,0.0029387563183260845
respeitados,1,0.0029387563183260845
passarelas,1,0.0029387563183260845
suspensas,1,0.0029387563183260845
escadas,1,0.0029387563183260845
rolantes,1,0.0029387563183260845
lados,1,0.0029387563183260845
facilitam,1,0.0029387563183260845
vidro,1,0.0029387563183260845
vitrines,1,0.0029387563183260845
funcional,1,0.0029387563183260845
pensar,1,0.0029387563183260845
possibilidade,1,0.0029387563183260845
real,1,0.0029387563183260845
achará,1,0.0029387563183260845
gostopor,1,0.0029387563183260845
capaz,1,0.0029387563183260845
ocupado,1,0.0029387563183260845
segundos,1,0.0029387563183260845
bater,1,0.0029387563183260845
frequentar,1,0.0029387563183260845
assistir,1,0.0029387563183260845
dezenas,1,0.0029387563183260845
deslumbrantes,1,0.0029387563183260845
Canyon,1,0.0029387563183260845
circulando,1,0.0029387563183260845
surpreendentes,1,0.0029387563183260845
hoteleiros,1,0.0029387563183260845
luzes,1,0.0029387563183260845
concentram,1,0.0029387563183260845
gigantescos,1,0.0029387563183260845
presos,1,0.0029387563183260845
Downtown,1,0.0029387563183260845
cheios,1,0.0029387563183260845
exclusivas,1,0.0029387563183260845
Orlando,1,0.0029387563183260845
destinada,1,0.0029387563183260845
extravagância,1,0.0029387563183260845
índice,1,0.0029387563183260845
quadrado,1,0.0029387563183260845
Louis,1,0.0029387563183260845
Vuitton,1,0.0029387563183260845
Gucci,1,0.0029387563183260845
Ermenegildo,1,0.0029387563183260845
Zegna,1,0.0029387563183260845
Versace,1,0.0029387563183260845
Cartier,1,0.0029387563183260845
Fendi,1,0.0029387563183260845
North,1,0.0029387563183260845
Premium,1,0.0029387563183260845
Outlets,1,0.0029387563183260845
140,1,0.0029387563183260845
vantagens,1,0.0029387563183260845
perderá,1,0.0029387563183260845
1.400,1,0.0029387563183260845
250,1,0.0029387563183260845
variadas,1,0.0029387563183260845
mexicano,1,0.0029387563183260845
japonês,1,0.0029387563183260845
italiano,1,0.0029387563183260845
tailandês,1,0.0029387563183260845
vietnamita,1,0.0029387563183260845
variações,1,0.0029387563183260845
hambúrguer,1,0.0029387563183260845
famosas,1,0.0029387563183260845
redes,1,0.0029387563183260845
Cheesecake,1,0.0029387563183260845
Factory,1,0.0029387563183260845
exclusivos,1,0.0029387563183260845
Joël,1,0.0029387563183260845
Robuchon,1,0.0029387563183260845
lista,1,0.0029387563183260845
deliciosa,1,0.0029387563183260845
refeições,1,0.0029387563183260845
variar,1,0.0029387563183260845
9.90,1,0.0029387563183260845
padrão,1,0.0029387563183260845
alcoólicas,1,0.0029387563183260845
gorjetas,1,0.0029387563183260845
menu,1,0.0029387563183260845
degustação,1,0.0029387563183260845
Guy,1,0.0029387563183260845
Savoy,1,0.0029387563183260845
390,1,0.0029387563183260845
euros,1,0.0029387563183260845
290,1,0.0029387563183260845
reservar,1,0.0029387563183260845
assusta,1,0.0029387563183260845
tops,1,0.0029387563183260845
certamente,1,0.0029387563183260845
agradam,1,0.0029387563183260845
circenses,1,0.0029387563183260845
burlesco,1,0.0029387563183260845
comédia,1,0.0029387563183260845
cavalheiros,1,0.0029387563183260845
Cycle,1,0.0029387563183260845
Pub,1,0.0029387563183260845
festas,1,0.0029387563183260845
piscina,1,0.0029387563183260845
Bus,1,0.0029387563183260845
Parties,1,0.0029387563183260845
celebrities,1,0.0029387563183260845
chefssão,1,0.0029387563183260845
fartura,1,0.0029387563183260845
passo,1,0.0029387563183260845
intenção,1,0.0029387563183260845
colado,1,0.0029387563183260845
bring,1,0.0029387563183260845
own,1,0.0029387563183260845
agree,1,0.0029387563183260845
with,1,0.0029387563183260845
captain,1,0.0029387563183260845
is,1,0.0029387563183260845
served,1,0.0029387563183260845
tour,1,0.0029387563183260845
operators,1,0.0029387563183260845
authorized,1,0.0029387563183260845
sail,1,0.0029387563183260845
island.--&gt,1,0.0029387563183260845
mineral,1,0.0029387563183260845
water,1,0.0029387563183260845
soft,1,0.0029387563183260845
drinks,1,0.0029387563183260845
Avoid,1,0.0029387563183260845
at,1,0.0029387563183260845
dangerous,1,0.0029387563183260845
people,1,0.0029387563183260845
normally,1,0.0029387563183260845
underestimate,1,0.0029387563183260845
dangers,1,0.0029387563183260845
want,1,0.0029387563183260845
spoil,1,0.0029387563183260845
afastado,1,0.0029387563183260845
agitação,1,0.0029387563183260845
tranquila,1,0.0029387563183260845
aconchegantes,1,0.0029387563183260845
conseguir,1,0.0029387563183260845
incríveis,1,0.0029387563183260845
quinta,1,0.0029387563183260845
saber,1,0.0029387563183260845
portas,1,0.0029387563183260845
hospedar,1,0.0029387563183260845
luxuoso,1,0.0029387563183260845
fortuna,1,0.0029387563183260845
vantajosa,1,0.0029387563183260845
exemplos,1,0.0029387563183260845
luxousos,1,0.0029387563183260845
Bellagio,1,0.0029387563183260845
Aria,1,0.0029387563183260845
Grand,1,0.0029387563183260845
Monarquia,1,0.0029387563183260845
LSL,1,0.0029387563183260845
Africano,1,0.0029387563183260845
ZAR,1,0.0029387563183260845
/&gt;água,1,0.0029387563183260845
/&gt;terra,1,0.0029387563183260845
população=2.022.331,1,0.0029387563183260845
Sesotho,1,0.0029387563183260845
Zulu,1,0.0029387563183260845
Xhosa,1,0.0029387563183260845
Cristãos,1,0.0029387563183260845
crenças,1,0.0029387563183260845
fusohorário=,1,0.0029387563183260845
Austral,1,0.0029387563183260845
encravado,1,0.0029387563183260845
ímpar,1,0.0029387563183260845
natureza,1,0.0029387563183260845
intocada,1,0.0029387563183260845
inexplorado,1,0.0029387563183260845
Departamento,1,0.0029387563183260845
informa,1,0.0029387563183260845
cabo,1,0.0029387563183260845
verdianos,1,0.0029387563183260845
moçambicanos,1,0.0029387563183260845
Portugueses,1,0.0029387563183260845
representações,1,0.0029387563183260845
Joanesburgo,1,0.0029387563183260845
Durban,1,0.0029387563183260845
emitir,1,0.0029387563183260845
agendar,1,0.0029387563183260845
validade,1,0.0029387563183260845
páginas,1,0.0029387563183260845
branco,1,0.0029387563183260845
emissão,1,0.0029387563183260845
paga,1,0.0029387563183260845
certificado,1,0.0029387563183260845
vacinação,1,0.0029387563183260845
Febre,1,0.0029387563183260845
Amarela,1,0.0029387563183260845
relativos,1,0.0029387563183260845
asfaltadas,1,0.0029387563183260845
terrestre,1,0.0029387563183260845
pesquise,1,0.0029387563183260845
atento,1,0.0029387563183260845
funcionamento,1,0.0029387563183260845
rodoviárias,1,0.0029387563183260845
acessada,1,0.0029387563183260845
4x4,1,0.0029387563183260845
verificar,1,0.0029387563183260845
mala,1,0.0029387563183260845
auto,1,0.0029387563183260845
despachar,1,0.0029387563183260845
africano,1,0.0029387563183260845
utilizado,1,0.0029387563183260845
paridade,1,0.0029387563183260845
1x1,1,0.0029387563183260845
costumam,1,0.0029387563183260845
saiba,1,0.0029387563183260845
acompanhado,1,0.0029387563183260845
desertas,1,0.0029387563183260845
autônoma,1,0.0029387563183260845
3.750,1,0.0029387563183260845
encosta,1,0.0029387563183260845
Himalaia,1,0.0029387563183260845
idade,1,0.0029387563183260845
tibetana,1,0.0029387563183260845
evidente,1,0.0029387563183260845
tibetanos,1,0.0029387563183260845
tradicionalmente,1,0.0029387563183260845
girando,1,0.0029387563183260845
Rodas,1,0.0029387563183260845
etnicamente,1,0.0029387563183260845
chinêsa,1,0.0029387563183260845
agitada,1,0.0029387563183260845
moderna,1,0.0029387563183260845
chinesas,1,0.0029387563183260845
infra,1,0.0029387563183260845
estrutura,1,0.0029387563183260845
nacionalidade,1,0.0029387563183260845
excluindo,1,0.0029387563183260845
desembarcar,1,0.0029387563183260845
pais,1,0.0029387563183260845
acompanhados,1,0.0029387563183260845
Gonggar,1,0.0029387563183260845
LXA,1,0.0029387563183260845
61,1,0.0029387563183260845
Cantão,1,0.0029387563183260845
boat.--&gt,1,0.0029387563183260845
mating,1,0.0029387563183260845
season,1,0.0029387563183260845
July,1,0.0029387563183260845
November,1,0.0029387563183260845
miss,1,0.0029387563183260845
excursion,1,0.0029387563183260845
would,1,0.0029387563183260845
probably,1,0.0029387563183260845
across,1,0.0029387563183260845
them,1,0.0029387563183260845
way,1,0.0029387563183260845
but,1,0.0029387563183260845
interesting,1,0.0029387563183260845
watch,1,0.0029387563183260845
tour.--&gt,1,0.0029387563183260845
lt;!--There,1,0.0029387563183260845
Mac,1,0.0029387563183260845
Donalds,1,0.0029387563183260845
there,1,0.0029387563183260845
Kunming,1,0.0029387563183260845
Qamdo,1,0.0029387563183260845
Xian,1,0.0029387563183260845
Zhongdian,1,0.0029387563183260845
Shangrila,1,0.0029387563183260845
Katmandu,1,0.0029387563183260845
Nepal,1,0.0029387563183260845
obrigados,1,0.0029387563183260845
recebidos,1,0.0029387563183260845
autorizados,1,0.0029387563183260845
Qingzang,1,0.0029387563183260845
Golmud,1,0.0029387563183260845
continuam,1,0.0029387563183260845
Shanghai,1,0.0029387563183260845
Guangzhou,1,0.0029387563183260845
fixar,1,0.0029387563183260845
utiliza,1,0.0029387563183260845
Ditadura,1,0.0029387563183260845
Jamahiriya,1,0.0029387563183260845
Dinar,1,0.0029387563183260845
líbio,1,0.0029387563183260845
LYD,1,0.0029387563183260845
|área=1.759.540,1,0.0029387563183260845
|população=5.900.754,1,0.0029387563183260845
estim,1,0.0029387563183260845
árabe|Árabe,1,0.0029387563183260845
italiano|italiano,1,0.0029387563183260845
Muçulmanos,1,0.0029387563183260845
sunitas,1,0.0029387563183260845
97,1,0.0029387563183260845
|eletricidade=127V/50Hz,1,0.0029387563183260845
Até,1,0.0029387563183260845
lentamente,1,0.0029387563183260845
espectaculares,1,0.0029387563183260845
desérticas,1,0.0029387563183260845
castelos,1,0.0029387563183260845
provas,1,0.0029387563183260845
arqueológicas,1,0.0029387563183260845
planície,1,0.0029387563183260845
costeira,1,0.0029387563183260845
neolítico,1,0.0029387563183260845
berberes,1,0.0029387563183260845
Mais,1,0.0029387563183260845
fenícios,1,0.0029387563183260845
cartagineses,1,0.0029387563183260845
vândalos,1,0.0029387563183260845
turcos,1,0.0029387563183260845
governar,1,0.0029387563183260845
1912,1,0.0029387563183260845
colónias,1,0.0029387563183260845
lt;!--Only,1,0.0029387563183260845
get,1,0.0029387563183260845
anywhere,1,0.0029387563183260845
island,1,0.0029387563183260845
which,1,0.0029387563183260845
than,1,0.0029387563183260845
30min,1,0.0029387563183260845
So,1,0.0029387563183260845
prepared,1,0.0029387563183260845
spend,1,0.0029387563183260845
lot,1,0.0029387563183260845
time,1,0.0029387563183260845
governada,1,0.0029387563183260845
morreu,1,0.0029387563183260845
instalaram,1,0.0029387563183260845
quinto,1,0.0029387563183260845
adoptou,1,0.0029387563183260845
áfrica,1,0.0029387563183260845
Emir,1,0.0029387563183260845
liderou,1,0.0029387563183260845
resistência,1,0.0029387563183260845
guerras,1,0.0029387563183260845
mundiais,1,0.0029387563183260845
1951,1,0.0029387563183260845
estiveram,1,0.0029387563183260845
administração,1,0.0029387563183260845
controlavam,1,0.0029387563183260845
1944,1,0.0029387563183260845
voltou,1,0.0029387563183260845
exílio,1,0.0029387563183260845
recusou,1,0.0029387563183260845
viver,1,0.0029387563183260845
aspectos,1,0.0029387563183260845
estrangeiro,1,0.0029387563183260845
removidos,1,0.0029387563183260845
tratado,1,0.0029387563183260845
baiana,1,0.0029387563183260845
instituído,1,0.0029387563183260845
marinho,1,0.0029387563183260845
Bárbara,1,0.0029387563183260845
Redonda,1,0.0029387563183260845
Sueste,1,0.0029387563183260845
Guarita,1,0.0029387563183260845
Siriba,1,0.0029387563183260845
permitido,1,0.0029387563183260845
autorizada,1,0.0029387563183260845
http://sic.cm-abrantes.pt/turismo/site/index.html,1,0.0029387563183260845
Misratah,1,0.0029387563183260845
Surt,1,0.0029387563183260845
passaportes,1,0.0029387563183260845
Dependerá,1,0.0029387563183260845
fará,1,0.0029387563183260845
decida,1,0.0029387563183260845
Regatton,1,0.0029387563183260845
Síria,1,0.0029387563183260845
Tunísia,1,0.0029387563183260845
indique,1,0.0029387563183260845
consulado,1,0.0029387563183260845
Libyan,1,0.0029387563183260845
Heathrow,1,0.0029387563183260845
Charles,1,0.0029387563183260845
Gaulle,1,0.0029387563183260845
Frankfurt,1,0.0029387563183260845
semanais,1,0.0029387563183260845
Milão,1,0.0029387563183260845
Manchester,1,0.0029387563183260845
Viena,1,0.0029387563183260845
Afriqiyah,1,0.0029387563183260845
Bruxelas,1,0.0029387563183260845
africanas,1,0.0029387563183260845
Istambul,1,0.0029387563183260845
Alepo,1,0.0029387563183260845
futuramente,1,0.0029387563183260845
raros,1,0.0029387563183260845
atos,1,0.0029387563183260845
hostis,1,0.0029387563183260845
olhá,1,0.0029387563183260845
Magna,1,0.0029387563183260845
refere,1,0.0029387563183260845
assaltos,1,0.0029387563183260845
furtos,1,0.0029387563183260845
roubos,1,0.0029387563183260845
sequestros,1,0.0029387563183260845
amigável,1,0.0029387563183260845
problema,1,0.0029387563183260845
Leptis,1,0.0029387563183260845
convém,1,0.0029387563183260845
Sabratha,1,0.0029387563183260845
recomenda,1,0.0029387563183260845
van,1,0.0029387563183260845
?,1,0.0029387563183260845
lho,1,0.0029387563183260845
verifique,1,0.0029387563183260845
nenhumas,1,0.0029387563183260845
Ordino,1,0.0029387563183260845
perguntares,1,0.0029387563183260845
desconto,1,0.0029387563183260845
pretendes,1,0.0029387563183260845
iniciado,1,0.0029387563183260845
desaforo,1,0.0029387563183260845
fechamento,1,0.0029387563183260845
negócio,1,0.0029387563183260845
bossa,1,0.0029387563183260845
bermudas,1,0.0029387563183260845
calças,1,0.0029387563183260845
trará,1,0.0029387563183260845
Arinsal,1,0.0029387563183260845
Bosque,1,0.0029387563183260845
Rejugi,1,0.0029387563183260845
Fondue,1,0.0029387563183260845
