line,Unnamed: 0,filename,sentence,idx,CIDADE,CIDADE_DOS_ESTADOS_UNIDOS,CIDADE_GRANDE,ENTIDADE_TERRITORIAL_ARTIFICIAL,FREGUESIA_DE_PORTUGAL,HUMANO,MUNICÍPIO_DE_PORTUGAL,PAÍS,REVISTA,SEDE_DE_CONDADO,SUM
1,0,Abrantes.txt,"Monumentos: Abrantes é uma cidade minimamente rica em monumentos, mas que não possuiu tanta variedade como outras. De entre os principais destacam-se o Castelo, com a Torre de Menagem, a Igreja de Santa Maria (um museu, actualmente) e os seus calmos jardins, o Outeiro de São Pedro, as igrejas de São João e de São Vicente, o Convento de São Domingos, parte dele pertencente à Biblioteca Municipal António Botto, as Capelas de São Lourenço e de Santa Ana, entre muitos outros.",0,0,0,0,1,1,0,0,0,0,0,2
7,6,Abrantes.txt,"A carna também não falta e, entre os vários pratos tradicionais, destacam-se o cabrito, os maranhos e o entrecosto com migas carvoeiras.",145,0,0,0,0,0,0,0,0,0,0,0
4,3,Abrantes.txt,"Lazer: Aproveitando o rio Tejo e o pinhal de São Lourenço, a cidade possui vários espaços bastante agradáveis, em contacto com a Natureza e ideias para os dias quentes do Verão Ribatejano. Entre eles há que destacar o Aquapolis (espaço de lazer, próximo do centro da cidade e junto ao Tejo, que permite várias actividades desportivas e momentos agradáveis no seu café com uma vista esplêndida), a Praia Fluvial da Aldeia do Mato, a Albufeira do Castelo de Bode e o Parque Urbano de Abrantes - São Lourenço.",48,0,0,0,1,0,0,0,0,0,0,1
3,2,Abrantes.txt,"Museus: Abrantes não é propriamente cheia de museus, mas sempre tem alguns interessantes, como o Museu D. Lopo de Almeida (o tal na Igreja de Santa Maria do Castelo), os museus ao ar livre das Esculturas de Ferro (jardim do Alto de Santo António) e da Forja (Vila do Tramagal) e a Galeria Municipal de Arte (Praça Raimundo Soares). O Museu Ibérico de Arqueologia e Arte de Abrantes, ainda não acabado, será de certeza uma atracção, mas, por enquanto, algumas das futuras peças são mostradas na Igreja de Santa Maria em várias antevisões, cada uma com um &quot;tema&quot; e peças diferentes da outra.",29,0,0,0,0,1,0,0,0,0,0,1
8,7,Abrantes.txt,"Mas a verdadeira delícia de Abrantes e aquela de que tanto se ouve falar é a doçaria, criada maioritariamente nos conventos da zona. Há que referir a Palha de Abrantes, as tijeladas, as broas de mel fervidas e a lampreia de ovos, que fazem a delícia a qualquer um.",159,0,0,0,0,0,0,0,0,0,0,0
5,4,Abrantes.txt,"A cidade possuiu ainda muitos miradouros, jardins, espaços agradáveis e culturais, bares, discotecas, zonas desportivas e um anfiteatro (Anfiteatro de São Pedro) que pode descobrir no site do turismo da cidade - site: [http://sic.cm-abrantes.pt/turismo/site/index.html] - útil e simples para toda a gente. O Posto de Turismo encontra-se no largo Primeiro de Maio e pode ser muito útil para quem quer explorar o concelho de Abrantes, que tem muito mais para ver que a cidade em si.",93,0,0,0,1,0,0,0,0,0,0,1
2,1,Abrantes.txt,"Praças: Não que sejam a principal atracção da cidade, mas são óptimos locais para relaxar, comer qualquer coisa ou, simplesmente, passar por lá. Destacam-se a Praça da República, que até tem um parque infantil para os mais novos, a Praça Raimundo Soares, a Praça Barão da Batalha, entre outras.",3,0,0,0,1,0,0,0,0,0,0,1
6,5,Abrantes.txt,"As especialidades da cidade, tão próxima do rio, passam por vários pratos de peixe, com especial destaque para o achigã grelhado, o arroz de lampreia e a açorda de sável.",110,0,0,0,1,0,0,0,0,0,0,1
10,12,Abrolhos.txt,"Já em Caravelas, há várias opções de passeio para o arquipélago",208,0,0,0,0,0,0,0,0,0,0,0
5,9,Abrolhos.txt,"O nome Abrolhos veio de uma anotação da carta de navegação de Américo Vespúcio. quando, em 1503, passou por essa região, escreveu: Quando te aproximares da terra, abre os olhos. Daí surgiu o nome Abrolhos para designar uma área cheia de recifes de corais (que chegam a ter 15 km de extensão por 5 km de largura), com cinco ilhotas de origem vulcânica, à cerca de 70 km da costa baiana.",99,0,0,0,0,0,0,0,0,0,0,0
15,15,Abrolhos.txt,"If you go to Abrolhos on the mating season (July to November) you cannot miss a Whale Watch excursion. You would probably come across them on your way to Abrolhos, but it may be more interesting to go for the whale watch tour.--&gt;",353,0,0,0,0,0,0,0,0,0,0,0
3,8,Abrolhos.txt,"Abrolhos é uma arquipélago na costa da Bahia, um estado do Nordeste (Brasil)|Nordeste do Brasil.",33,0,0,0,0,0,0,1,0,0,0,1
7,10,Abrolhos.txt,"Em 1983 foi instituído como o primeiro parque marinho do país. São cinco ilhas: Santa Bárbara, Redonda, Sueste, Siriba e Guarita, sendo a Siriba a única na qual é permitido o desembarque de turistas.",147,0,0,0,0,0,0,0,0,0,0,0
19,17,Abrolhos.txt,"&lt;!--* Plenty of mineral water and soft drinks. Avoid alcohol as you will be at sea and alcohol can be dangerous, as people normally underestimate the dangers of the sea. You do not want to spoil your holidays...--&gt;",431,0,0,0,0,0,0,0,0,0,0,0
12,13,Abrolhos.txt,"&lt;!--Only swimming or by boat. You cannot get anywhere on foot unless youre on the island, which you will not be for more than 30min. So be prepared to spend a lot of time in the sea or on the boat.--&gt;",262,0,0,0,0,0,0,0,0,0,0,0
17,16,Abrolhos.txt,&lt;!--There are no Mac Donalds there... You cannot bring youre own food unless you agree with the boats captain. The food is served on board by the tour operators authorized to sail to the island.--&gt;,406,0,0,0,0,0,0,0,0,0,0,0
9,11,Abrolhos.txt,A cidade mais próxima é a cidade de Caravelas. A partir de lá entre em contato com alguma operadora de turismo autorizada pelo IBAMA. opreço por pessoa é por volta de R$ 300.,206,0,0,0,1,0,0,0,0,0,0,1
21,18,Abrolhos.txt,"&lt;!--* If you plan to sleep in Abrolhos you should be aware it can only be done on board of a boat. Since they are small boats, they will rock and if youre prone to sea-sickness you should take some pills or avoid an overnight stay and return to the continent in the afternoon.--&gt;",484,0,0,0,0,0,0,0,0,0,0,0
24,30,Acores.txt,"Na maior parte das ilhas, particularmente nas maiores - São Miguel, Terceira ou Pico - o meio de deslocação mais aconselhável é o automóvel. Há empresas de rent-a-car em praticamente todas as ilhas. Quem pretenda ficar vários dias numa das ilhas mais pequenas poderá ter vantagem em optar pelo regime de aluguer ao quilómetro em vez de quilometragem ilimitada.",535,0,0,0,0,0,0,0,0,1,0,1
28,32,Acores.txt,"As ligações entre as ilhas são asseguradas por avião, durante todo o ano.",607,0,0,0,0,0,0,0,0,0,0,0
26,31,Acores.txt,Todas as ilhas dispõem de um moderno serviço de autocarros.,566,0,0,0,0,0,0,0,0,0,0,0
22,29,Acores.txt,"Existem aeroportos em todas as ilhas. Assim, para além dos aeroportos internacionais referidos, existem estruturas aeroportuárias nas ilhas do Pico, Graciosa, São Jorge, Flores e Corvo.",506,0,0,0,0,0,0,0,0,0,0,0
30,33,Acores.txt,"Mas a forma mais agradável de viajar entre as ilhas, particularmente no Verão, é de barco. A empresa  AtlanticoLine  assegura ligações de ferry-boat entre as várias ilhas de Abril a Outubro.",642,0,0,0,0,0,0,0,0,0,0,0
39,38,Acores.txt,Cada uma das nove ilhas é um mundo.,767,0,0,0,0,0,0,0,0,0,0,0
32,34,Acores.txt,"Entre as ilhas do Faial, Pico e São Jorge existem ligações diárias de barco, durante todo o ano, asseguradas pela Transmaçor  - nos dias de semana, no mínimo, há três ligações por dia (de manhã cedo, a meio do dia e no final da tarde).",672,0,0,0,0,0,0,0,0,0,0,0
34,35,Acores.txt,"É ainda possível, junto de operadores locais, alugar veleiros ou lanchas com e sem skeeper, mas para isso aconselha-se antecedência na reserva.",693,0,0,0,0,0,0,0,0,0,0,0
5,20,Acores.txt,"O arquipélago é composto por 9 ilhas habitadas e alguns ilhéus, com uma área total de 2 337 km&lt;sup&gt;2&lt;/sup&gt; e 237 000 habitantes (1991).",76,0,0,0,0,0,0,0,0,0,0,0
16,26,Acores.txt,Os cidadãos de países com os quais Portugal não mantenha relações diplomáticas ou consulares devem endereçar o seu pedido de visto directamente às autoridades portuguesas.,375,0,0,0,0,0,0,0,1,0,0,1
12,24,Acores.txt,"O arquipélago possui um clima temperado, com temperaturas médias de 13°C no Inverno e 24°C no Verão. As águas marítimas tem uma temperatura média entre 17 e 23 graus centígrados, devido à proximidade da Corrente do Golfo. A humidade média é de cerca de 75%. Tempestades tropicais passam pelas ilhas com relativa frequência, e por vezes até furacões.",279,0,0,0,0,0,0,0,0,0,0,0
14,25,Acores.txt,"Para entrar no arquipélago é necessário um passaporte e um visto válido em alguns casos, exceto para os cidadãos da União Europeia, Liechtenstein e Suíça, para os quais é apenas necessário bilhete de identidade.",324,0,0,0,0,0,0,0,1,0,0,1
3,19,Acores.txt,"Os Açores são um arquipélago e região autónoma Portugal|portuguesa no Oceano Atlântico. São conhecidos pela sua beleza natural, património e pela observação de baleias. Alguns dos seus destinos mais visitados são Angra do Heroísmo, a Lagoa das Sete Cidades e o Vulcão dos Capelinhos.",41,0,0,0,0,1,0,0,0,0,0,1
53,45,Acores.txt,Nas Flores é obrigatório visitar:,910,0,0,0,0,0,0,0,0,0,0,0
35,36,Acores.txt,"Para aqueles que pretendam viajar para os Açores de iate, há excelentes marinas e portos de recreio em praticamente todas as ilhas. As principais marinas são a Marina da Horta  (Faial), que se conta entre as mais movimentadas marinas do mundo, a Marina de Angra do Heroísmo  e a Marina da Praia da Vitória (Terceira), a Marina de Ponta Delgada  (São Miguel), existindo ainda marinas e bem equipados portos de recreio em Vila do Porto (Santa Maria), em Vila Franca e em Povoação (São Miguel), nas Lajes  (Pico), em Santa Cruz (Graciosa) e nas Velas (São Jorge). As principais marinas são geridas pela empresa Portos dos Açores. Em Ponta Delgada (São Miguel) situa-se o mais moderno porto de cruzeiros dos Açores, o complexo das Portas do Mar .",719,0,0,0,0,1,0,1,0,0,0,2
76,57,Acores.txt,Os açorianos são acolhedores e hospitaleiros.,1041,0,0,0,0,0,0,0,0,0,0,0
74,56,Acores.txt,Os Açores são uma terra calma e segura.,1033,0,0,0,0,0,0,0,0,0,0,0
72,55,Acores.txt,"Uma excelente rede de casas de Turismo Rural de alta qualidade disponibiliza alojamento nas ilhas dos Açores. Estão organizadas na associação Casas Açorianas (constituindo uma alternativa de alojamento em edifícios distintivos, tradicionais e típicos, de grande qualidade, disponíveis em praticamente todas as ilhas, embora com predominância nas ilhas de São Miguel, Terceira, Faial e Pico. Estas casas de turismo rural podem ser uma opção mais económica particularmente para famílias com mais de 3 membros ou a melhor solução para quem pretenda uma estada mais personalizada ou calma. A maioria das casas tem uma capacidade mínima para 4 pessoas, sendo normal encontrar-se habitações com capacidade para 6 e mais pessoas. As reservas podem ser feitas através da associação Casas Açorianas.",1025,0,0,0,0,1,0,0,0,0,0,1
6,21,Acores.txt,"O arquipélago tem origem vulcânica, com alguns vulcões ainda activos e manifestações sísmicas.",106,0,0,0,0,0,0,0,0,0,0,0
70,54,Acores.txt,Poderá fazer a sua reserva através do site:,1017,0,0,0,0,0,0,0,0,0,0,0
10,23,Acores.txt,Foram declarados região autónoma na Constituição Portuguesa de 1976.,220,0,0,0,0,0,0,0,0,0,0,0
18,27,Acores.txt,Muitos cruzeiros param no arquipélago em viagens transatlanticas.,417,0,0,0,0,0,0,0,0,0,0,0
69,53,Acores.txt,"A Casa do Contador localizada no centro histórico de Ponta Delgada encontra-se lado a lado com as principais atrações turísticas da cidade. Edificada no séc.XVII a Casa do Contador foi adaptada e dispõe de modernas suites com Ar Condicionado, Wi-Fi gratuito de alta velocidade e serviço de limpeza diário.",1011,0,0,0,1,0,0,0,0,0,0,1
63,50,Acores.txt,"Muita gente fala inglês graças ao contacto com os Estados Unidos e Canada, onde vivem muitos descendentes de açorianos.",979,0,0,0,0,0,0,0,1,1,0,2
61,49,Acores.txt,"Em todas as ilhas a língua usada é português, o que facilita a comunicação.",970,0,0,0,0,0,0,0,0,0,0,0
8,22,Acores.txt,"Os Açores tem quase seis séculos de presença humana. A povoação nas ilhas começou por volta de 1432. Gonçalo Velho chegou à ilha de Santa Maria em 1431, e nos anos seguintes procedeu-se ao descobrimento do resto das ilhas do arquipélago.",158,0,0,0,0,0,0,0,0,0,0,0
20,28,Acores.txt,"Todas as ilhas dispõem de estruturas aeroportuárias, sendo quatro os aeroportos internacionais no arquipélago:",467,0,0,0,0,0,0,0,0,0,0,0
37,37,Acores.txt,"Sendo estas ilhas vulcânicas, em muitas partes do arquipélago o terreno é íngreme e montanhoso. Muitas das estradas ficam em colinas íngremes. A bicicleta poderá ser uma opção para a circulação nas cidades e localidades. Para percorrer as ilhas a bicicleta só será opção para quem esteja em muito boa forma física. Há empresas que alugam bicicletas em praticamente todas as ilhas.",735,0,0,0,0,0,0,0,0,0,0,0
65,51,Acores.txt,"Não perder, em São Miguel, a massa sovada e os bolos lêvedos.",993,0,0,0,0,0,0,0,0,0,0,0
78,58,Acores.txt,Os Açores estão bastante isolados no meio do Oceano Atlântico. Os destinos mais acessíveis são:,1049,0,0,0,0,0,0,0,0,0,0,0
16,66,Agadir.txt,"Se você está procurando um lanche rápido, de uma olhada nos vendedores de pasteis que vagueiam na praia carregando grandes bandejas de plástico, vendendo pão frito doce (uma espécie de variante africana da rosquinha).",366,0,0,0,0,0,0,0,0,0,0,0
22,69,Agadir.txt,"Se você está procurando um local apenas para conversar e beber alguma coisa durante a noite, você pode ir para os grandes e agradáveis cafés que estão na avenida Hassan II, como o La Fontaine, La Veranda, Le Dome, etc. Frequentar estes locais um verdadeiro ritual para muitos cidadãos de Agadir.",501,1,0,0,0,0,1,0,0,0,0,2
9,62,Agadir.txt,"Do aeroporto o táxi cobra 200 Dh durante o dia e 300 Dh durante a noite (se você chegar durante a noite, a mudança é as 8PM). Há uma empresa que pode enviar um táxi para o seu hotel a qualquer hora do dia ou noite e custa o mesmo que tomar o táxi na rua. Os motoristas normalmente falam árabe e um pouco de francês e inglês.",204,0,0,0,0,0,0,0,0,0,0,0
5,60,Agadir.txt,"A cidade de Agadir é principalmente um popular resort turístico entre os viajantes europeus. Tem uma praia com todas as instalações adequadas para o turismo de praia. A cidade é especialmente atraente, é limpo e os seus habitantes são muito simpáticos.",90,1,0,0,1,0,0,0,0,0,0,2
20,68,Agadir.txt,"Agadir está preparada para o turistas europeus, e por isso você pode encontrar clubes noturnos nas zonas turísticas, onde você pode encontrar mais turistas ao lado dos habituais locais à procura de turistas. O álcool é encontrado em todos os lugares turísticos.",458,1,0,0,0,0,0,0,0,1,0,2
24,70,Agadir.txt,"A principal área de acomodação a preço baixo está em Nouveau Tablorjt. Um simples quarto duplo irá custar-lhe por volta de 150-180 Dh, embora você pode encontrar um hotel realmente básico com uma porcaria de banheiro por até 80 Dh. Chegue cedo pois os hotéis tendem a preencher rapidamente na alta estação.",534,0,0,0,0,0,0,0,0,0,0,0
18,67,Agadir.txt,"Cuidado, no entanto, que estes simpáticos vendedores ambulantes que frequentemente abordam você na praia, eles iniciam uma agradável conversa, e, em seguida, empurrar uma pastel em sua mão, você pedindo um ou não. Que, naturalmente, você é esperado então pagar por ele(Se aceitar come-lo 5 ou 10 Dh é um preço justo). Se você não quiser comprar, simplesmente recusar a oferta com um sorriso educado. Obs: Eles são deliciosos.",425,0,0,0,0,0,0,0,0,0,0,0
14,65,Agadir.txt,Existem três principais áreas para comer em Agadir:,323,1,0,0,0,0,0,0,0,0,0,1
7,61,Agadir.txt,"Agadir tem um aeroporto internacional (IATA: AGA) com voos diretos das principais cidades da Europa. Se você estiver voando dos EUA, América do Sul, Ásia ou de outro lugar, você terá provavelmente que mudar de avião em Casablanca.",129,1,0,0,0,0,0,0,0,0,0,1
3,59,Agadir.txt,"Agadir é uma cidade de Marrocos. É de interesse principalmente por causa de sua localização, nas suas proximidades encontramos o monte Atlas, o deserto do Saara, muitos parques naturais e praias isoladas, que são facilmente acessíveis a partir dela.",39,1,0,0,0,0,0,0,0,0,0,1
11,63,Agadir.txt,"Agadir é principalmente um resort e, como tal, tem um número limitado de atrações.",235,1,0,0,0,0,0,0,0,0,0,1
12,64,Agadir.txt,"Há um monte de escolas e lojas de surf. Melhor temporada de surf é de novembro a março, - mas se você é apenas iniciante - você pode curtir todos os dias todo o ano.",277,0,0,0,0,0,0,0,0,0,0,0
23,87,Alasca.txt,"| região3descrição=Aqui ficam Península do Alasca, Ilhas Aleutas e outras ilhas",528,0,0,0,0,0,0,0,0,0,0,0
43,103,Alasca.txt,"A Bandeira do Estado do Alasca, adoptada em 1927, foi desenhada por Benny Benson, um estudante de 13 anos. É composta por 8 estrelas amarelas que representam a Ursa Maior e a Estrela Polar. A Ursa Maior tem a forma de um urso, animal indígena do Alasca. A Estrela Polar afirma o Alasca como o estado mais a norte dos Estados Unidos da América.",814,0,0,0,0,0,1,0,0,0,0,1
47,105,Alasca.txt,A língua usada no estado é o inglês (Ver Guia de conversação inglês).,850,0,0,0,0,0,0,0,0,0,0,0
28,91,Alasca.txt,"| região4descrição=Aqui fica Fairbanks, a segunda maior cidade do estado.",605,0,0,0,1,0,0,0,0,0,1,2
41,101,Alasca.txt,| align=center style=padding: 2px; | File:Flag of Alaska.svg|108px,783,0,0,0,0,0,0,0,0,0,0,0
36,97,Alasca.txt,"Em 1867, o Alasca foi comprado aos russos por US$7.2 milhões (cerca de 2 cêntimos por acre). As pessoas achavam este estado uma terra gelada, sem perceberem que se tornaria uma das maiores fontes de combústivel e ouro dos Estados Unidos da América. Foi preciso esperar até 1959 para o Alasca se tornar um estado da união.",728,0,0,0,0,0,0,0,0,0,0,0
15,80,Alasca.txt,| região2nome=Alasca Centro-Sul,337,0,0,0,0,0,0,0,0,0,0,0
45,104,Alasca.txt,Turismo - Oferecendo roteiros com guia falando português.,831,0,0,0,0,0,0,0,0,0,0,0
3,71,Alasca.txt,"Alasca (inglês: Alaska) é o maior estado dos Estados Unidos. Separado do resto do país pelo Canadá, o Alasca fica no Círculo Polar Árctico.",34,0,0,0,0,0,0,0,0,0,0,0
39,99,Alasca.txt,! style=text-align: center; border-bottom: 1px solid #C9AFFF; background-color: #ddddff | Bandeira do estado de Alaska,761,0,0,0,0,0,0,0,0,0,0,0
49,106,Alasca.txt,"Entre as comidas tradicionais do Alasca encontra-se o Akutaq, mais conhecida por Gelado Esquimó, as Stinkheads (cabeças de salmão fermentadas) e Sopa de Cabeça de Salmão.",874,0,0,0,0,0,0,0,0,0,0,0
13,79,Alasca.txt,"| região1descrição=Aqui ficam Juneau, capital e terceira maior cidade da província; Panhandle  Inland Passage",292,0,1,0,0,0,0,0,0,0,0,1
33,95,Alasca.txt,"| região5descrição=Aqui ficam Barrow, Nome, Kotzebue",687,0,1,0,0,0,0,0,0,0,0,1
38,98,Alasca.txt,{| style=float: right; margin: 0 0 1em 1em; border: 1px solid #9866FF; background-color: #f3f3ff width=200,756,0,0,0,0,0,0,0,0,0,0,0
18,83,Alasca.txt,"| região2descrição=Aqui ficam Anchorage, a maior cidade do estado, e a Península de Kenai.",422,0,1,0,1,0,0,0,0,0,0,2
21,116,Albufeira.txt,"Deste largo partem diversas ruas diariamente animadas pela azáfama dos residentes e visitantes que aí procuram a boa gastronomia, o lazer, os souvenirs e a muita diversão dos inúmeros bares existentes.",485,0,0,0,0,0,0,0,0,0,0,0
54,134,Albufeira.txt,| endereço =Sitio dos Montinhos da Luz - Praia da Luz|,915,0,0,0,0,0,0,0,0,0,0,0
36,124,Albufeira.txt,"O mercado dos Caliços, em Albufeira, realiza-se na 1ª e 3ª terça-feira de cada mês, o mercado da Guia, realiza-se na 3ª sexta-feira do mês, o mercado de Paderne realiza-se no 1º sábado de cada mês e o mercado de Levante, nas Ferreiras, realiza-se na 2.ª e 4.ª terça-feira de cada mês.",731,0,0,0,0,1,0,1,0,0,0,2
59,137,Albufeira.txt,| endereço = Rua Samora Barros 20. 8200-178 |,956,0,0,0,0,0,0,0,0,0,0,0
15,113,Albufeira.txt,"Quer procure uma original e característica peça de artesanato, ou uma boutique das mais sofisticadas, Albufeira tem um pouco de tudo para lhe oferecer, tanto em lojas modernas e bem equipadas, como nos típicos mercados de rua e feiras francas.",354,0,0,0,0,0,0,1,0,0,0,1
52,133,Albufeira.txt,| nome = Resort Porto D. Maria | alt =  | site = email =,899,0,0,0,0,0,0,0,0,0,0,0
11,111,Albufeira.txt,Em Albufeira há muitas praias bonitas em seus 30km de costa.,238,0,0,0,0,0,0,1,0,0,0,1
7,109,Albufeira.txt,"Em meados do século 13, Albufeira foi recapturada pela Ordem dos Cavaleiros de Santiago sob o comando de Afonso III. Posteriormente, foi durante muitos séculos uma aldeia de pescadores insignificante. O grande terramoto de Lisboa em 1755 devastou grande parte do país tendo sido Albufeira particularmente afectada. O subsequente Tsunami inundou a parte baixa da vila destruindo quaisquer monumentos significantes.",152,0,0,0,0,0,0,1,0,0,0,1
3,107,Albufeira.txt,"Albufeira é uma cidade e um concelho em distrito de Faro (Algarve) no sul de Portugal. Convenientemente bem localizada a cerca de 30 minutos de carro do Aeroporto de Faro, Albufeira é um dos destinos mais populares e internacionalmente famosos de férias do Algarve, uma das regiões mais a sul e mais solarengas de Portugal. Os resorts e hotéis que vão desde Olhos de Água até à Galé estão espalhados ao longo da bela costa rochosa da região. Esta antiga aldeia de pescadores, foi transformada num ponto turístico de excelência.",6,0,0,0,1,0,0,1,1,0,0,3
9,110,Albufeira.txt,"Albufeira viu as suas fortunas renascerem no último quarto do século XX. A sua descoberta como principal destino turístico do Algarve marcou uma enorme expansão da aldeia de pescadores, passando de Aldeia a Vila e finalmente a Cidade. Hoje, os hotéis e resorts estendem-se sem problemas na perfeição ao longo da bela costa de Albufeira. Nos meses de Verão Albufeira chega a receber até 300 mil turistas que se veem juntar aos cerca e 22 mil moradores habituais.",207,0,0,0,0,0,0,1,0,0,0,1
17,114,Albufeira.txt,"A baixa da cidade é dominada pelo moderno Largo Engº Duarte Pacheco, que desafia os edifícios do princípio do século passado, de arquitectura simples e linear, encimados a poente pela Igreja Matriz, que exibe as suas formas arquitectónicas de estilo neoclássico.",385,0,0,0,1,0,0,0,0,0,0,1
57,136,Albufeira.txt,| nome = Boa Vista Hotel e Spa | alt =  | site = | email =,936,0,0,0,0,0,0,0,0,0,0,0
19,115,Albufeira.txt,"Trata-se de um espaço amplo, que de Verão se torna num palco para diversos animadores de rua que aí fazem as suas actuações sob o olhar atendo dos inúmeros turistas.   Local de visita obrigatória, neste Largo a animação é constante. As diversas esplanadas e os eventos de cariz cultural organizados pela Autarquia em muito contribuem para tal. É também aqui que se localiza a Galeria de Arte Pintor Samora Barros, local onde é possível apreciar diversas exposições de arte.",438,0,0,0,0,0,0,0,0,1,0,1
48,130,Albufeira.txt,| nome = Hotel Aldeia | alt =  | site = email =,867,0,0,0,0,0,0,0,0,0,0,0
29,120,Albufeira.txt,"Além das referidas áreas, encontrará um pouco por todo o concelho várias lojas e centros comercias que lhe permitirão passar alguns momentos de descontracção e encontrar produtos das principais marcas.",618,0,0,0,0,0,0,0,0,0,0,0
35,123,Albufeira.txt,"Os mercados de rua que marcam presença em Albufeira, Guia, Paderne e Ferreiras, constituem também uma importante atração turística. Estes mercados caracterizam-se por um colorido de produtos expostos em bancas e tendas, sendo, na maior parte das vezes, possível regatear o preço com os feirantes. Aqui poderá encontrar diversos tipos de produtos, nomeadamente, os têxteis, o calçado e as utilidades.",718,0,0,0,0,1,0,1,0,0,0,2
13,112,Albufeira.txt,Prefira uma praia mais pequena e sossegada ou com mais característica (também ideal para crianças):,281,0,0,0,0,0,0,0,0,0,0,0
38,125,Albufeira.txt,"As Feiras das Velharias são outro acontecimento que reúne diversos vendedores de rua e onde se encontram produtos muito interessantes e por vezes verdadeiras relíquias. A feira das velharias de Albufeira, junto ao Mercado Municipal dos Caliços, realiza-se no 2.º e 3.º sábado de cada mês. A outra feira das velharias de Albufeira, junto ao Mercado Municipal de Areias de S. João, realiza-se no 4.º sábado de cada mês. A feira das velharias dos Olhos d’Água realiza-se no 1.º domingo de cada mês.",746,0,0,0,0,0,0,0,0,1,0,1
33,122,Albufeira.txt,"Em cada freguesia do concelho, pode encontrar os tradicionais mercados municipais, onde se vendem todos os bens de primeira necessidade, desde frutas, vegetais e legumes, peixe e carne, mas também produtos da doçaria regional e artesanato. Os mercados locais são zonas de visita obrigatória para quem quer conhecer um pouco melhor os hábitos e tradições locais.",675,0,0,0,0,0,0,0,0,1,0,1
40,126,Albufeira.txt,"O Mercadinho de Artesanato, junto ao Mercado Municipal dos Caliços, realiza-se no 1.º sábado de cada mês.",777,0,0,0,0,0,0,0,0,0,0,0
50,131,Albufeira.txt,| address = Av. Dr. Francisco Sá Carneiro - Areias de São João,887,0,0,0,0,0,0,0,0,0,0,0
5,108,Albufeira.txt,"As origens de Albufeira datam do período pré-histórico. Mais tarde, foi fundada pelos romanos, quem a chamaram de Baltum. No entanto o nome de Albufeira retorna  ao tempo dos Mouros chamando-se na altura Al-Buhera,  no século VIII a cidade era um dos portos comerciais mais importantes da época. Quase não existem vestígios desse período, existindo apenas uma placa para comemorar o antigo castelo mouro na parte mais alta da cidade. O Ocidente era invencível devido à sua localização pois estava localizada sobre as rochas à beira-mar. Hoje nesse local existe um interessante Museu Arqueológico sobre a cidade.",67,0,0,0,1,0,0,1,0,0,0,2
27,119,Albufeira.txt,"A Av. Sá Carneiro, na zona do Montechoro, nas Areias de São João, é outro local privilegiado para ir às compras. Aqui encontra desde a loja com produtos regionais até às boutiques e sapatarias.",589,0,0,0,0,0,0,0,0,0,0,0
44,128,Albufeira.txt,Tanto os mercados de rua como as feiras francas são locais de visita obrigatória.,816,0,0,0,0,0,0,0,0,0,0,0
25,118,Albufeira.txt,"Na Baixa de Albufeira destaca-se ainda a Rua 5 de Outubro e a Av. da Liberdade, onde predominam as lojas com artigos sofisticados, ourivesarias e relojoarias.",562,0,0,0,0,0,0,1,0,1,0,2
46,129,Albufeira.txt,"Os turistas têm a escolha de mais que 500 propriedades diferentes em Albufeira e arredores. Muitos destes hotéis e resorts estendem-se ao longo da costa entre Vilamoura e Albufeira nas praias do Inatel, Praia da Oura, Santa Eulalia, Olhos de Água e Falésia. A Oeste de Albufeira, entre a marina de Albufeira e o centro turístico de Armação de Pêra situam-se muitos mais hotéis e resorts no topo das falésias, com vista sobre as pequenas baías rochosas e as belas praias de São Rafael, Castelo e Galé. Se preferir ficar mais perto da pitoresca cidade velha de Albufeira para disfrutar da atmosfera vibrante das ruas estreitas ou experimentar a vida nocturna na famosa “Strip”, vai encontrar muitos hotéis e apartamentos ao longo da circular da Av. Dos Descobrimentos, cercando o centro da cidade, oferencendo belas vistas panorâmicas para a maravilhosa baía de Albufeira. Um dos mais populares apart-hotéis aqui é o Paraíso de Albufeira.",845,0,0,0,1,1,0,1,0,0,0,3
23,117,Albufeira.txt,"Tanto no Largo Engº Duarte Pacheco, como nas ruas contíguas - a Rua Cândido dos Reis, a Rua São Gonçalo de Lagos e a Av. 25 de Abril - como no Cais Herculano e na Praça dos Pescadores, encontrará diversas lojas onde poderá realizar as suas compras. O ideal é juntar o útil ao agradável e parar numa das solarengas e amplas esplanadas que aí encontrará, para uma bebida, almoço ou jantar.",523,1,0,0,0,0,0,0,0,1,0,2
42,127,Albufeira.txt,"Anualmente realizam-se no concelho três feiras. A 25 de julho, tem lugar em Paderne, a Feira Franca de Santiago, a 7, 8 e 9 de outubro acontece a Feira da Guia e a 29 de novembro a Feira Franca de Albufeira. Estas são as feiras mais importantes e de maior dimensão que se realizam no concelho.",800,0,0,0,0,0,0,1,0,0,0,1
13,144,Alexandria.txt,"Actualmente Alexandria é o principal porto do Egipto, com uma população de 5 milhões de pessoas, embora os turistas ainda afluam à cidade no Verão, por causa das suas praias.",300,0,0,0,1,0,0,0,0,0,0,1
11,143,Alexandria.txt,"No entanto, na década de 1950, Gamal Abdel Nasser nacionalizou vastas partes da economia do país e proibiu estrangeiros de terem ou dirigirem uma empresa. Este acto abalou Alexandria, levando a que milhares de estrangeiros a sair do país, incluindo quase toda a Alexandria, outrora uma forte comunidade grega.",239,1,0,0,0,0,1,0,0,0,0,2
15,145,Alexandria.txt,"Alexandria tem um clima mediterrânico, com verões quentes e húmidos e invernos chuvosos. De dia no Verão pode ser muito húmido, com temperaturas que chegam aos 31°C, mas as noites são geralmente mais frescas. No Inverno pode ficar frio, chegando as temperaturas a descer até 12°C, com chuvas frequentes e por vezes granizo. A humidade é alta durante todo o ano. A melhor altura para visitar Alexandria seria durante a Primavera (Março-Junho) e o outone (Setembro-Novembro), visto que está apinhada de turistas egípcios durante o Verão, que vem para escapar do calor tórrido do Cairo.",334,1,0,0,0,0,0,0,0,0,0,1
31,153,Alexandria.txt,"Há um número de pontos de entrada/saída de autocarros em Alexandria. Geralmente param na Estação de Mawif (excepto a El Gouna, que usa a Estação de Sidi Gaber), que fica um pouco longe da cidade, e uma viagem de taxi até ao centro da cidade deve custar cerca de 10-15 LE.",649,1,0,0,1,0,0,0,0,0,0,2
19,147,Alexandria.txt,"A maior parte dos visitantes, no entanto, chegam à cidade via Cairo, a capital do país, que tem melhores serviços áereos. A Super-Jet e a Western Delta operam autocarros directos desde o aeroporto até ao terminal de autocarros de Sidi-Gabr a cada 30-60 minutos entre as 4:00h e as 19:30h (25-31 LE).",445,0,0,0,1,0,0,0,0,0,0,1
91,183,Alexandria.txt,"Alexandria tem um problema com o crime, embora raramente haja violência. Tenha cuidado com carteiristas e nnão mostre os seus valores. Miúdos de rua e condutores de taxi pdem assediar turistas. Eles deveram desistir depois de um La ou dois. Também pode dizer la shukran! (não obrigado) ou emshi (vá-se embora).",1083,0,0,0,0,0,0,0,0,0,0,0
89,182,Alexandria.txt,"50 anos atrás as ruas de alexandria estavam cheias de bares, mas actualmente, os turistas que vão a Alexandria queixam-se de como é difícil encontrar um bar decente na cidade. Estes são os mais recomendados.",1077,1,0,0,1,0,0,0,0,0,0,2
87,181,Alexandria.txt,A maior parte dos restaurantes de luxo na cidade são em hoteis.,1074,0,0,0,1,0,0,0,0,0,0,1
85,180,Alexandria.txt,"Se você quiser comer barato em Alexandria, experimente os locais onde os habitantes comem.",1067,1,0,0,0,0,0,0,0,1,0,2
83,179,Alexandria.txt,Alexandria é famosa por ter os melhores restaurantes de peixe e marisco do país. Outras especialidades alexandrinas incluem:,1065,1,0,0,0,0,0,0,0,0,0,1
81,178,Alexandria.txt,"Muitas lojas cumprem as horas de compras. Inverno: Terça, Quarta, Sexta e Sábado 9:00h-22:00h, Segunda e Quinta 9:00h-11:00h. Durante o Ramadão, as horas variam, com lojas a fechar frequentemente aos domingos. Verão: Terça, Quarta, Sexta, Domingo 9:00h-0:30PM.",1060,0,0,0,0,0,0,0,0,0,0,0
79,177,Alexandria.txt,"Para além disso, há algumas escolas internacionais que empregam professores expatriados. Geralmente elas pagam muito menos que a muito mais lucrativa área do Cairo.",1054,0,0,0,0,0,0,0,0,0,0,0
77,176,Alexandria.txt,"Alexandria tem uma pequena secção industrial, centrada na indústria do gás natural. Alguns expatriados trabalham nesta secção. Esta secção está a aumentar agora que novas fábricas estão a ser construídas em Borg el Arab.",1043,1,0,0,0,0,0,0,0,0,0,1
75,175,Alexandria.txt,"Alexandria tem um grande número de escolas de línguas. Existem escolas femeninas, masculinas e mistas. Para além disso podem-se completar certificados internacionais - como o IGCSE ou o American SAT I e SAT II - em muitas destas escolas. Para além disso, pode-se estudar em Guia de conversação inglês|inglês, Guia de conversação francês|francês e Guia de conversação alemão|alemão.",1036,1,0,0,0,0,0,0,0,0,0,1
47,161,Alexandria.txt,"Os táxis Fast Call podem ser reservados através do 19559 ou 0800-999-9999. Estes são mais caros, mas mesmo assim melhores que os vulgares taxis pretos e amarelos que percorrem a cidade.",851,0,0,0,1,0,0,0,0,0,0,1
45,160,Alexandria.txt,"Para entrar num taxi, acene ao condutor e grite o nome do destino. Se o condutor concordar, vai encostar o mais rápido possível. Alguns taxis vão buscá-lo, mesmo que já tenham um passageiro, mas é melhor recusar essas ofertas.",834,0,0,0,0,0,0,0,0,0,0,0
43,159,Alexandria.txt,"Os táxis de Alexandria são uma boa maneira de viajar pela cidade, e barata. Tenha cuidado, no entanto: os condutores recusar-se-ão a usar taxímetros e adoram tirar proveitos dos não-alexandrianos, por isso é melhor decidir a quantia a pagar antes de entrar no táxi. Nenhuma viagem de taxi entre dois pontos da cidade deve custar mais que 25LE.",804,0,0,0,1,0,0,0,0,0,0,1
41,158,Alexandria.txt,"Há um número de serviços de autocarros na cidade, que melhoraram significativamente nos últimos anos, mas estes são um pouco confusos para aqueles que estão na cidade à pouco tempo. Para além dos autocarros da cidade existem mini-autocarros, que é, basicamente, um autocarro para 14 pessoas, que param quando acena e param onde precisar de sair. Os condutores raramente sabem falar outra língua que não árabe, por isso certifique-se que sabe o nome do seu destino em árabe. As rotas geralmente passam através de grandes ruas e custam entre LE 0.50-1.50.",781,0,0,0,1,0,1,0,0,1,0,3
39,157,Alexandria.txt,"Provavelmente o serviço de eléctrico mais útil para turistas é o eléctrco amarelo #25, que vai da Estação de Raml até Ras el-Tin e o Forte de Qait Bey.",770,0,0,0,0,0,0,0,0,0,0,0
37,156,Alexandria.txt,"Alexandria tem um lento, mas muito barato, sistema de eléctricos datados de 1860 - o mais antigo sistema de eléctricos ainda em usa na África. A rede de eléctricos divide-se nas Linhas Ramleh (Tram el-Raml), que usam eléctricos azuis e creme e passam por uma parte da cidade para chegar aos subúrbios este, e nas Linhas Urbanas (Tram el-Madina), que usa eléctricos amarelos que passam pelo sul e este da Alexandria Central. As duas linhas encontram-se na Estação de Raml (محطة الرمل Mahattat el-Raml), no coração de Alexandria. Para ambas as linhas, o preço é de 25 plastras (aproximadamente 30 cêntimos), e os bilhetes podem ser comprados a bordo",740,1,0,0,1,0,0,0,0,0,0,2
35,155,Alexandria.txt,As precauções necessárias nas estradas do Egipto aplicam-se. Veja Egipto#De_carro|Egipto -&gt; Chegar -&gt; De Carro.,708,0,0,0,0,0,0,0,0,0,0,0
33,154,Alexandria.txt,"Existem duas opções quando se viaja do Cairo a Alexandria de carro. Seja qual for a que usar, a viagem dura por volta de três horas, dependendo da velocidade e dos engarrafamentos.",678,0,0,0,0,0,0,0,0,0,0,0
29,152,Alexandria.txt,A duração da viagem entre o Cairo e a cidade (e vice-versa) variam dependendo do ponto onde entra e do ponto onde sai. A maior parte dos autocarros partem da Estação de autocarros de Almaza em Heliópolis e param em Midan Tahrir e Giza antes de chegarem a Alexandria. Se começar a viagem em Alexandria espere uma viagem de 4-5 horas em vez das normais 2-3 horas.,622,1,0,0,1,0,0,0,0,1,0,3
27,151,Alexandria.txt,"Várias companhias de autocarro oferecem serviços para Alexandria, a um preço baixo: 20-35 LE. Os autocarros tem ar condicionado. As companhias incluem Golden Arrow, West Delta, Super Jet, Pullman e El Gouna. Os horários variam de uma companhia para outra, mas há viagens entre o Cairo e Alexandria quase todas as horas desde manhã cedo até à meia-noite.",591,1,0,0,0,0,0,0,0,0,0,1
25,150,Alexandria.txt,Para a viagem de volta comboios partem da Estação de Misr e de Sidi Gaber.,547,0,0,0,0,0,0,0,0,0,0,0
23,149,Alexandria.txt,"Desde o Cairo, há comboios frequentes desde a Estação de Ramses até Alexandria, provavelmente a melhor maneira de chegar à cidade. Há pelo menos um comboio por hora, desde as 6:00h às 22:00h, mas tente escolher um expresso ou então o Turbo, que demora 2h10m a chegar ao seu destino. Bilhetes de 1ª/2ª classe LE 46/29 (só ida).",521,1,0,0,1,0,0,0,0,0,0,2
93,184,Alexandria.txt,"Alexandria é uma cidade conservadora, por isso é melhor que as mulheres cubram os ombros, pernas e cabelo. Mesmo assim, é frequente as mulheres serem assediadas nas ruas, sepecialmente se estão sozinhas. A melhor resposta é cobrir a cebeça e fingir que não ouviu nada. Tem que cubrir a cabeça quanndo entrar em lugares de culto.",1088,1,0,0,1,0,0,0,0,0,0,2
21,148,Alexandria.txt,"Não há nenhum serviço de ferrys para Alexandria, embora navios-cruzeiro parem ocasionalmente.",488,0,0,0,0,0,0,0,0,0,0,0
17,146,Alexandria.txt,Alexandria tem dois aeroportos:,410,1,0,0,0,0,0,0,0,0,0,1
9,142,Alexandria.txt,"Alexandria recuperou-se do bombardeamento, e o seu estilo de vida cosmopolitano e decadente antes e durante a II Guerra Mundial deram origem ao seu maior poeta, Constantine P. Cavafy, e inspiraram Laurence Durrell a escrever o Alexandria Quartet e E. M. Forster a escrever uma série de trabalhos, incluindo Alexandria: A History and Guide, descrito por alguns como um dos melhores guias de viagem alguma vez escritos.",199,1,0,0,0,0,1,0,0,0,0,2
95,185,Alexandria.txt,"&lt;!-- Esta seção destina-se à inclusão de informações e soluções práticas para o dia-a-dia dos viajantes - onde encontrar e como usufruir de banheiros públicos, lavanderias, bibliotecas, consertos de equipamentos e outros serviços, como embaixadas e consulados dos países lusófonos localizados nesta cidade. --&gt;",1089,0,0,0,1,0,0,0,0,1,0,2
7,141,Alexandria.txt,"Alexandria sobreviveu, no entanto como porto comercial, embora estivesse numa posição estratégica, o que quer dizer que todos os exércitos no seu caminho para o Egipto passavam pela cidade. Napoleão apoderou-se da cidade em 1798, mas os britânicos conquistaram-na no Cerco de Alexandria em 1801. Os egípcios, sob o comando de Mohammed Ali, tomaram controlo da cidade e reconstruíram-na, mas a Rebelião Orabi em 1881 e o massacre de europeus que viviam na cidade levou ao ataque da cidade pelos britânicos com o Bombardeamento de Alexandria, que demorou 3 dias e destruiu grandes partes da cidade.",127,1,0,0,1,0,0,0,0,0,0,2
3,139,Alexandria.txt,"Poucas cidades no mundo têm tanta história como Alexandria. A cidade foi fundada pelo conquistador grego Alexandre, o Grande (Iskander al-Akbar) em 334 a.C. e tornou-se famosa devido ao Farol de Alexandria (uma das 7 maravilhas do mundo antigo) e à Biblioteca de Alexandria (a maior biblioteca do mundo antigo). Alexandria foi uma das maiores cidades do mundo helénico, comparada com Roma, e, embora tenha mudado de mãos dos gregos para os romanos, dos romanos para os bizantinos e dos bizantinos para os persas, permaneceu a capital do Egipto por um milénio.",7,1,0,0,1,0,1,0,0,0,0,3
5,140,Alexandria.txt,"Alexandria deixou de ser a capital do Egipto quando os árabes conquistaram o país, construindo uma nova capital a sul do Cairo.",60,1,0,0,0,0,0,0,0,0,0,1
4,189,Algarve.txt,"Destacam se a Praça da República, que até tem um parque infantil para os mais novos, a Praça Raimundo Soares, a Praça Barão da Batalha, entre outras.",54,0,0,0,0,0,0,0,0,0,0,0
14,199,Algarve.txt,"Há que referir a Palha de Abrantes, as tijeladas, as broas de mel fervidas e a lampreia de ovos, que fazem a delícia a qualquer um.",325,0,0,0,0,0,0,0,0,0,0,0
2,187,Algarve.txt,"De entre os principais destacam se o Castelo, com a Torre de Menagem, a Igreja de Santa Maria (um museu, actualmente) e os seus calmos jardins, o Outeiro de São Pedro, as igrejas de São João e de São Vicente, o Convento de São Domingos, parte dele pertencente à Biblioteca Municipal António Botto, as Capelas de São Lourenço e de Santa Ana, entre muitos outros.",2,0,0,0,0,1,1,0,0,0,0,2
12,197,Algarve.txt,"A carna também não falta e, entre os vários pratos tradicionais, destacam se o cabrito, os maranhos e o entrecosto com migas carvoeiras.",276,0,0,0,0,0,0,0,0,0,0,0
6,191,Algarve.txt,"O Museu Ibérico de Arqueologia e Arte de Abrantes, ainda não acabado, será de certeza uma atracção, mas, por enquanto, algumas das futuras peças são mostradas na Igreja de Santa Maria em várias antevisões, cada uma com um &quot;tema&quot; e peças diferentes da outra.",108,0,0,0,0,0,0,0,0,0,0,0
1,186,Algarve.txt,"Monumentos: Abrantes é uma cidade minimamente rica em monumentos, mas que não possuiu tanta variedade como outras.",1,0,0,0,1,0,0,0,0,0,0,1
5,190,Algarve.txt,"Museus: Abrantes não é propriamente cheia de museus, mas sempre tem alguns interessantes, como o Museu D. Lopo de Almeida (o tal na Igreja de Santa Maria do Castelo), os museus ao ar livre das Esculturas de Ferro (jardim do Alto de Santo António) e da Forja (Vila do Tramagal) e a Galeria Municipal de Arte (Praça Raimundo Soares).",83,0,0,0,0,1,0,0,0,0,0,1
8,193,Algarve.txt,"Entre eles há que destacar o Aquapolis (espaço de lazer, próximo do centro da cidade e junto ao Tejo, que permite várias actividades desportivas e momentos agradáveis no seu café com uma vista esplêndida), a Praia Fluvial da Aldeia do Mato, a Albufeira do Castelo de Bode e o Parque Urbano de Abrantes São Lourenço.",163,0,0,0,1,0,0,0,0,0,0,1
3,188,Algarve.txt,"Praças: Não que sejam a principal atracção da cidade, mas são óptimos locais para relaxar, comer qualquer coisa ou, simplesmente, passar por lá.",35,0,0,0,1,0,0,0,0,0,0,1
7,192,Algarve.txt,"Lazer: Aproveitando o rio Tejo e o pinhal de São Lourenço, a cidade possui vários espaços bastante agradáveis, em contacto com a Natureza e ideias para os dias quentes do Verão Ribatejano.",141,0,0,0,1,0,0,0,0,0,0,1
11,196,Algarve.txt,"As especialidades da cidade, tão próxima do rio, passam por vários pratos de peixe, com especial destaque para o achigã grelhado, o arroz de lampreia e a açorda de sável.",259,0,0,0,1,0,0,0,0,0,0,1
9,194,Algarve.txt,"A cidade possuiu ainda muitos miradouros, jardins, espaços agradáveis e culturais, bares, discotecas, zonas desportivas e um anfiteatro (Anfiteatro de São Pedro) que pode descobrir no site do turismo da cidade site: [http://sic.cm abrantes.pt/turismo/site/index.html] útil e simples para toda a gente.",174,0,0,0,1,0,0,0,0,0,0,1
10,195,Algarve.txt,"O Posto de Turismo encontra se no largo Primeiro de Maio e pode ser muito útil para quem quer explorar o concelho de Abrantes, que tem muito mais para ver que a cidade em si.",223,0,0,0,1,0,0,0,0,0,0,1
13,198,Algarve.txt,"Mas a verdadeira delícia de Abrantes e aquela de que tanto se ouve falar é a doçaria, criada maioritariamente nos conventos da zona.",308,0,0,0,0,0,0,0,0,0,0,0
13,205,Aljezur.txt,"O vale fértil do riacho da Ribeira de Aljezur separa a aldeia antiga situada na parte de abaixo do castelo da parte mais recente situada na costa oriental do riacho. O castelo foi construído no topo da colina no século 10, e presenteia-nos com paisagens magníficas da vila e arredores. Apenas as paredes externas, uma torre e a cisterna sobreviveram. Em ruas estreitas e íngremes da pitoresca parte antiga, podemos encontrar vários pequenos museus que nos apresentam vários temas da história de Aljezur.",299,0,0,0,0,0,0,0,0,0,0,0
5,201,Aljezur.txt,"O Castelo de Aljezur, situado no topo da colina na curvatura da Ribeira de Aljezur foi erguido pelos mouros no Século 10 e propagou durante os séculos seguintes. Após a conquista de D. Paio Peres Correia, em 1249, o castelo foi dado á ordem de Santiago, pois perdeu a sua importância militar e foi abandonado no Século 15.",95,0,0,0,0,0,0,0,0,0,0,0
15,206,Aljezur.txt,"O centro mercantil de Aljezur, incluindo o mercado municipal, situa-se em parte novo na costa oriental da Ribeira de Aljezur.",362,0,0,0,0,0,0,0,0,0,0,0
9,203,Aljezur.txt,"Após as devastações do tremor de terra em 1755 o bispo de Faro, Francisco Gomes de Avelar, deu início a um novo estabelecimento na costa oriental do riacho em torno da igreja, a Igreja Nova.",179,0,0,0,0,0,1,0,0,0,0,1
11,204,Aljezur.txt,"Pela extremidade ocidental da autoestrada A22 perto de Lagos (Portugal)|Lagos a estrada nacional EN120 leva-nos a norte de Aljezur. No entanto se, se preferir um caminho mais atraente para desfrutar da paisagem, podemos ir de Portimão a Monchique atravessando a bela Serra de Monchique, ou podemos simplesmente conduzir ao longo da costa ocidental, a Costa Vicentina a partir de Vila do Bispo, direção norte, na estrada nacional EN268. A Estrada Interurbana, é uma rota feita de autocarro da empresa EVA e, vai de Aljezur via Lagos (Portugal)|Lagoss a Vila Real de Santo António junto da fronteira espanhola.",251,1,0,0,0,0,0,1,0,0,0,2
3,200,Aljezur.txt,"Aljezur é uma cidade e o município mais a norte-ocidental do distrito de Faro (Algarve), a região mais sul de Portugal continental. A aldeia está localizada num parque natural, o Parque Natural do Sudoeste Alentejano e da Costa Vicentina, perto da fronteira do Algarve com a região do Alentejo.",45,0,0,0,1,0,0,1,1,0,0,3
7,202,Aljezur.txt,"O porto estabelecido abaixo do castelo foi um importante ponto de comércio, porque a Ribeira de Aljezur era navegável até ao Século 16 e, a sua entrada era o único acesso seguro para o mar pela costa recortada circundante. E por essa razão em 1280 o Rei D. Dinis deu a “Carta Foral” á cidade de Aljezur.",126,0,0,0,0,0,0,0,0,0,0,0
19,216,Amarante.txt,"Ir de comboio para Amarante, é, neste momento impossível, devido á supressão da linha entre Amarante e Livração, que por sua vez faz a ligação ao Porto. No entanto, pode sempre entrar no comboio no Porto e fazer o restante trajeto de autocarro, já que o mesmo está assegurado por esse meio. Os horários dos comboios podem ser consultados no site da Comboios de Portugal .",453,0,0,0,0,0,0,1,1,0,0,2
6,209,Amarante.txt,"Amarante torna-se alvo de peregrinações e a povoação foi crescendo. Já no Século XVI, D. João III ordena a construção do Mosteiro de São Gonçalo sobre a capela junto à ponte sobre o Rio Tâmega, onde segundo a tradição São Gonçalo terá vivido e foi sepultado.",101,0,0,0,0,1,0,0,0,0,0,1
8,210,Amarante.txt,"Em 1763, ocorre a derrocada da velha Ponte de São Gonçalo devido às cheias do Rio Tâmega. Nos anos seguintes foi reconstruída com o aspecto que ainda hoje apresenta.",160,0,0,0,0,1,0,0,0,0,0,1
10,211,Amarante.txt,"No início do Século XIX, Napoleão Bonaparte tenta invadir Portugal e sobre Amarante passaram também estas invasões francesas, sendo palco do heroico episódio da Defesa da Ponte de Amarante que valeu ao General Silveira o título de Conde de Amarante e a própria vila de Amarante teve a honra de ser agraciada com o colar da Ordem Militar da Torre e Espada que reflete no seu brasão municipal. Após este episódio criam-se planos para a reconstrução da vila, pois os franceses tinham incendiado quase a totalidade das casas.",222,0,0,0,0,0,0,0,1,0,0,1
37,225,Amarante.txt,"Particularmente famoso é o bacalhau à Zé da Calçada e à Custódia que, outrora eram os dois mais importantes restaurantes da cidade, disputando entre si a clientela e tentando apresentar o melhor bacalhau. (O bacalhau à Custódia já não é conhecido por esse nome). Também comum é o arroz de frango, cujos principais ingredientes são frango, arroz e sangue de galinha. A doçaria amarantina também é famosa, nomeadamente os doçes de ovos, que combinam muito bem com um vinho do Douro, produzido não muito longe da cidade. Por toda a cidade pode ver pastelarias recheadas de deliciosos doces, como os papos-de-anjo, os foguetes, as lérias e as brisas do Tâmega. Também à beira do mosteiro, em pequenas bancas pode encontrar doçaria típica da região, incluindo doces de forma fálica, que (supostamente) servem para encorajar os jovens a procurar o amor, o casamento e as relações sexuais, tudo em nome de São Gonçalo, muitas vezes apelidado de Cupido Português.",732,0,0,0,1,0,0,0,0,0,0,1
23,218,Amarante.txt,"Duas vezes por dia, toda a semana, a Rodo-norte  (tel.: +351 259 340 710; fax:+351 259 340 729; [mailto:geral@rodonorte.pt geral@rodonorte.pt) opera um serviço de autocarro entre Lisboa e Amarante, um às 11h00 e outro às 18h00, pelo preço de 18 €. Para além destes autocarros, a Rodonorte tem também autocarros a partir do Porto (5 vezes por dia, às 07h00, 14h30, 16h30, 18h00 e 21h20; preço: 6,40€) e Viana do Castelo (de segunda a sexta, às 08h30; preço 10,80€), entre outros destinos. Consulte o site para mais informações.",520,0,0,0,0,1,0,1,0,0,0,2
27,220,Amarante.txt,"Amarante é uma cidade pequena e pode facilmente ver todos os seus monumentos a pé - para além disso, os carros não podem entrar na maior parte das ruas do centro histórico, e vê muito melhor a cidade a pé.",594,0,0,0,1,0,0,0,0,0,0,1
15,214,Amarante.txt,"Amarante adquiriu estatuto de cidade a 8 de Julho de 1985, sendo esta também a data do seu feriado municipal.",333,0,0,0,1,0,0,0,0,0,0,1
25,219,Amarante.txt,A melhor forma de conduzir até Amarante é usando a auto-estrada A4 se vem do Porto ou a Via rápida IP4 se vem do Norte ou Espanha . Basta tomar uma qualquer saída em direção a Amarante e estará a 5 min do centro da cidade. A cidade situa-se a cerca de 1 hora do Porto e 5 horas de Lisboa.,545,0,0,0,1,0,0,1,0,0,0,2
11,212,Amarante.txt,"As reformas liberais do século XIX reorganizaram administrativamente o território e em 1855 extinguiram-se os municípios de Gouveia, Gestaço e Santa Cruz de Ribatâmega, tendo o de Amarante recebido a maioria das suas freguesias e ainda algumas de Celorico de Basto.",257,0,0,0,0,0,0,0,0,0,0,0
48,234,Amarante.txt,| maiord1=Miranda do Douro &lt;small&gt;(em construção)&lt;/small&gt;,865,0,0,0,0,0,0,0,0,0,0,0
17,215,Amarante.txt,Os aeroportos mais convenientes para Amarante são (por ordem de distância):,395,0,0,0,0,0,0,0,0,0,0,0
21,217,Amarante.txt,A Estação de Autocarros fica a cerca de 3 minutos do centro da cidade. Tem autocarros a chegar de vários destinos por todo o país e a partir para outros tantos.,492,0,0,0,1,0,0,0,0,0,0,1
31,222,Amarante.txt,"Na margem de um rio alugam pequenos barcos de dar ao pedal, que constituem uma excelente maneira de apreciar a cidade e o rio. Claro que não o leva a nenhum dos monumentos da cidade (excepto a ponte), mas é uma óptima maneira de passar algum tempo.",648,0,0,0,1,0,0,0,0,0,0,1
49,235,Amarante.txt,| menord1=Vila Real &lt;small&gt;(em construção)&lt;/small&gt;,871,0,0,0,0,0,0,0,0,0,0,0
35,224,Amarante.txt,"A localização geográfica da cidade, entre o Minho/Douro Litoral e os Trás-os-Montes e Alto Douro|Trás-os-Montes (apesar de oficialmente pertencer ao Douro Litoral) influenciaram diretamente a gastronomia amarantina, que contém características de todas estas províncias. Hoje em dia, a cozinha amarantina é baseada em pratos hipercalóricos (mau destino se estiver a fazer uma dita ou for vegetariano) como o cabrito serrano, a vitela arouquesa e maronesa, a feijoada, as tripas, o cozido à portuguesa, o bacalhau, etc.",710,0,0,0,1,0,0,0,0,0,0,1
13,213,Amarante.txt,"O apogeu cultural dá-se nos inícios do Século XX, graças a amarantinos como Teixeira de Pascoaes nas letras e Amadeo de Souza-Cardoso na pintura.",302,0,0,0,0,0,0,0,0,0,0,0
39,226,Amarante.txt,A cidade está cheia de cafés e pastelarias recheadas com deliciosos doces característicos da região.,764,0,0,0,1,0,0,0,0,0,0,1
5,208,Amarante.txt,"Amarante teve provavelmente a sua origem nos povos primitivos que habitaram a serra da Aboboreira (habitada desde a Idade da Pedra), embora se desconheça exatamente o nome dos seus fundadores. Contudo, só começou a adquirir importância e visibilidade após a chegada de São Gonçalo (1187-1259), nascido em Tagilde, Guimarães, que aqui se fixou depois de peregrinar por Roma e Jerusalém. A este santo se atribui a construção da velha ponte sobre o Rio Tâmega.",85,0,0,0,0,1,0,1,0,0,0,2
33,223,Amarante.txt,Não existem centros comerciais em Amarante. Estas são as suas opções.,682,0,0,0,0,0,0,0,0,0,0,0
29,221,Amarante.txt,"Andar de carro é uma má ideia em Amarante. Em algumas alturas do ano, Amarante é invadida por visitantes, que enchem as ruas, criando um trânsito impossível, e ocupam os parques de estacionamento, que só por si são poucos. E também não é preciso pegar no carro, a cidade é tão pequena que pode ser percorrida inteiramente a pé.",628,0,0,0,1,0,0,0,0,0,0,1
3,207,Amarante.txt,"Amarante  é uma cidade do distrito do Porto, atravessada pelo bucólico rio Tâmega. É uma das mais belas terras portuguesas, onde nasceram grandes figuras do panorama cultural português, como Amadeo de Souza-Cardoso e Agustina Bessa Luís, é também um popular destino de peregrinação, apesar de ser menos visitado do que as cidades de  Fátima ou Santiago de Compostela.",26,0,0,0,1,1,0,1,0,1,0,4
5,246,An+bpolis.txt,"A maioria dos historiadores goianos reconhece o início da história da cidade com os relatos do viajante francês Auguste de Saint-Hillare, no ano de 1819. O viajante citou em seus relatos o Marechal Raimundo de Cunha Matos, até então proprietário da Fazenda das Antas, que se estendia por quase toda a área onde hoje se compreende o município de Anápolis.",62,0,0,1,1,1,0,0,0,0,0,3
13,250,An+bpolis.txt,É utilizada em Anápolis apenas um tipo de voltagem: 220V com corrente alternada de 60 Hz. Verifique o interruptor de voltagem antes de ligar qualquer aparellho que não seja bivolt. A distribuição de energia elétrica é feita pela CELG (Companhia Elétrica de Goiás). A cidade conta com excelente serviço elétrico.,301,0,0,1,0,0,0,0,0,0,0,1
23,255,An+bpolis.txt,"A cidade possui um bom terminal rodoviário que recebe ônibus de várias outras cidades do país. Possui lanchonetes, bancas de revistas, tabacaria, guarda-volumes e outros serviços. É localizado na Avenida Brasil-Norte.",513,0,0,0,1,0,0,0,0,0,0,1
11,249,An+bpolis.txt,"Atualmente, com 105 anos, a cidade possui aproximadamente 340 mil habitantes, sendo a 3ª maior cidade do estado. A cidade é reconhecida nacionalmente pela Base Aérea da Força Aérea Brasileira, pelo Distrito Agro-industrial (DAIA), pelo porto-seco e pela Ferrovia Norte-Sul. Conhecida como a capital econômica de Goiás, Anápolis atrai muitos investidores. O turismo executivo foi o que mais cresceu nos últimos 20 anos.",228,0,0,1,1,0,0,0,0,0,0,2
31,259,An+bpolis.txt,"O transporte coletivo da cidade é bem razoável. A frota é nova e há muitas linhas. O preço da passagem é R$ 2,20. A empresa operadora é a TCA - Transportes Coletivos de Anápolis.",656,0,0,1,1,0,0,0,0,0,0,2
29,258,An+bpolis.txt,Cooperativas de Táxi de Anápolis:,627,0,0,0,0,0,0,0,0,0,0,0
21,254,An+bpolis.txt,"De Brasília, siga para Goiânia, e vice versa. Anápolis geograficamente fica mais perto de Goiânia, mas filosoficamente, é o ponto central da estrada.",489,1,0,1,0,0,0,0,0,0,0,2
17,252,An+bpolis.txt,Anápolis possui um pequeno aeroporto que recebe aviões de pequeno porte. A pista é pavimentada e possui 1842 metros. Há um projeto da Infraero de construir um grande terminal de passageiros até 2025.,408,0,0,1,0,0,0,0,0,0,0,1
7,247,An+bpolis.txt,"Por volta de 1850, a região começou a ser povoada. Forma-se, então, uma pequena vila às margens do Córrego Capuava. Segundo as fontes históricas confiáveis, em 1859, uma mulher chamada Ana das Dores estava atravessando a região com a imagem de Santa Ana no lombo de um dos cavalos de sua tropa. O animal que carregava a imagem foi perdido, e os tropeiros não conseguiram erguer a imagem do chão. Ana das Dores reconheceu que a santa queria permanecer no local e prometeu dá-la ao primeiro tempo católico que fosse erguido na região.",123,0,1,0,0,0,0,0,0,0,0,1
35,261,An+bpolis.txt,"Em frente à fábrica, ficam vendedoras à beira da estrada, vendendo queijos caseiros, pimenta em conserva, frutas etc.",713,0,0,0,0,0,0,0,0,0,0,0
33,260,An+bpolis.txt,Não é recomendável utilizar a bicicleta como meio de transporte. Só existem ciclovias em parques públicos e áreas verdes.,679,0,0,0,0,0,0,0,0,0,0,0
25,256,An+bpolis.txt,"Anápolis já passa por problemas de cidade grande. É comum engarrafamentos nos horários de pico, principalmente na região central da Avenida Brasil. O aluguel de carro pode ser uma boa opção, principalmente se você for passar um tempo maior na cidade. Táxis compensam até certo ponto, os engarrafamentos podem encarecer o preço do táxi.",542,0,0,1,1,0,0,0,0,0,0,2
9,248,An+bpolis.txt,"Passam-se 10 anos e Gomes de Sousa Ramos, filho de Ana das Dores, muda-se para a vila e constrói a Catedral de Santana das Antas. Em 1882 chega a vila o Prof. José da Silva Batista, que fora designado pelo governo da província para gerenciar a vila. Depois de muitas discussões com o governo de Pirenópolis, a vila é emancipada em 31 de julho de 1907 através do decreto 320 assinado por Miguel Rocha Lima, presidente de Goiás. Nesta data a cidade passou a ser denominada Anápolis, que significa Cidade de Ana, uma homenagem a religiosa Ana das Dores e a Santa Ana, padroeira da cidade.",183,0,1,1,1,1,1,0,0,0,0,5
15,251,An+bpolis.txt,"O clima predominante em Anápolis é o tropical com estação seca, com temperatura média anual de 21°C, abaixo da média nacional. O período mais quente é entre agosto e outubro, o período mais frio é entre maio e julho. O período de chuvas é entre outubro e abril, o período de seca é entre julho e setembro.",340,0,0,0,0,0,0,0,0,0,0,0
27,257,An+bpolis.txt,A cidade é bem sinalizada. É relativamente fácil trafegar pela cidade.,581,0,0,0,1,0,0,0,0,0,0,1
3,245,An+bpolis.txt,"Anápolis é uma cidade da região central do Estado de Goiás.  Fica a meio caminho entre Goiânia e Brasília. Se considerarmos que Goiânia e Aparecida de Goiânia|Aparecida são uma cidade só, Anápolis é a segunda maior do Estado; se considerarmos que não, é a terceira.",25,1,0,1,1,0,0,0,0,0,0,3
19,253,An+bpolis.txt,O Aeroporto de Anápolis é localizado na Avenida Francisco Valois.,442,0,0,1,0,0,0,0,0,0,0,1
29,275,Anchorage.txt,"O serviço de transportes públicos não cobre toda a cidade, e alguns locais tem serviços de autocarros mais frequente que outros (Veja peoplemover.org para rotas completas. O preço custumam ser US$1.75 a viagem).",617,0,0,0,1,0,0,0,0,0,0,1
15,268,Anchorage.txt,"Anchorage pode ser atingida  por carro desde o Canadá usando a Alaska Highway, que começa no norte da Colúmbia Britânica e acaba em Fairbanks, passando pela cidade. A Parks Highway, que começa em Fairbanks, e a Glenn Highway, que começa em Tok, são outras hipóteses possíveis. A Seward Highway serve tráfico a entrar em Anchorage vindo da Península de Kenai para sul.",357,0,1,0,1,0,0,0,0,0,1,3
21,271,Anchorage.txt,"A cidade foi construída num sistema de grede: as ruas numeradas estão no sentido este-oeste, começando na Primeira Avenida (First Avenue) no extremo norte da cidade; ruas numeradas estão no sentido norte-sul começando na Rua A (A Street) no meio da baixa e sucedendo-se para oeste; a este da A Street os nomes das ruas começam por letras sequençiais e tem o nome de cidades alascas (Barrow, Cordova, Denali, etc.). Isto faz com que encontrar-se num mapa seja bastante fácil, embora o sistema fique menos coerente fora da área da baixa.",487,0,1,0,1,0,0,0,0,0,0,2
9,265,Anchorage.txt,Frequentemente ouvirá anchoragianos usar os seguintes termos para designar partes da cidade - estas áreas eram originalmente municipalidades separadas que se misturaram quando a cidade cresceu:,173,0,0,0,1,0,0,0,0,0,0,1
27,274,Anchorage.txt,A Rota 7 dos autocarros de Anchorage tem uma paragem na ponta sul do aeroporto,580,0,1,0,0,0,0,0,0,0,0,1
17,269,Anchorage.txt,"Não se esqueça deter uma cópia do The Mile Post, um mapa extremamente preciso e muito detalhado de todas as estradas, apontando pontos de vistas cénicas. Se vai voar para Anchorage e depois andar de carro pelo estado é aconselhável que leve uma cópia do The Mile Post no Costcos ou WalMart local.",397,0,1,0,0,0,0,0,0,0,0,1
7,264,Anchorage.txt,"Anchorage possui um clima temperado, com média no verão de 18 °C graus, e no inverno, de -2 °C. Máximas variam entre 12 e 32 °C no verão e entre 1 e -35 °C no inverno. Mínimas variam entre 5 e 17 °C no verão e entre -5 e -48 °C no inverno. A maior temperatura já registrada na cidade, foi 33 °C, em 1941.Raramente acontece no verão de a temperatura ser negativa, mas aconteceu em 1984 e 1992.A precipitação ocorre com mais intensidade no verão, principalmente entre agosto e outubro, o mês mais chuvoso é agosto, com 74 milímetros de precipitação. O período de estiagem ocorre entre Janeiro e Maio, quando chove menos de 90 milímetros, abril é o mês mais seco. Ao contrário de muitas cidades, chove muito no outono e pouco na primavera, apesar de ser mais frio.",118,0,1,0,1,0,0,0,0,0,0,2
36,279,Anchorage.txt,Duas companhias de táxis principais servem a área de Anchorage: a Alaska Yellow Cab e a Checker Cab; uma outra companhia chamada Aurora Taxi parece estar a crescer em importância. O aeroporto vende também bilhetes de táxi num balcão.,730,0,1,0,0,0,0,0,0,0,0,1
3,262,Anchorage.txt,"Anchorage é a maior cidade do estado do Alasca, localizada na região centro-sul. Anchorage é um porto cosmopolita, com uma população de mais de 300.000 habitantes.",17,0,1,0,1,0,0,0,0,0,0,2
23,272,Anchorage.txt,"Anchorage tem um óptimo sistema de pistas para bicicletas, com cerca de 200 milhas de caminho (120 das quais estão pavimentadas). A popular pista para bicicletas Tony Knowles está aparalelo à linha de costa, desde a baixa até ao Kincaid Park no aeroporto. Várias companhias alugam bicicletas e fazem tours de bicicleta.",516,0,1,0,0,0,0,0,0,0,0,1
32,277,Anchorage.txt,"Você pode alugar um carro, em alternativa aos transportes públicos. O Aeropoto Internacional de Anchorage Ted Stevens é servido por várias locadoras de carros. Algumas companhias tem localizações fora do aeroporto. Se vai chegar no Verão, alugar um carro não é a solução: os carros muito frequentemente estão todos a ser usados, e mesmo que haja algum carro prepare-se para pagar um preço astronómico por ele.",673,0,0,0,0,0,0,0,0,0,0,0
19,270,Anchorage.txt,A parte desenvolvida da municipalidade de Anchorage é muito espalhada e não muito caminhável - com a excepção da área compacta da baixa.,436,0,1,0,0,0,0,0,0,0,0,1
13,267,Anchorage.txt,Muitas linhas de cruzeiro providenciam transportes dos seus terminais até Anchorage e podem até incluir visitas guiadas ou regresso aéreo para fora do estado.,310,0,1,0,0,0,0,0,0,0,0,1
5,263,Anchorage.txt,"Anchorage é uma municipalidade: essencialmente é uma cidade e um condado. A cidade em si é definida pela Estrada de Muldoon a este, pela Estrada de Rabbit Creek ao sul e pelo Cokk Inlet a sul e a oeste. Vários pequenos subúrbios fazem parte da municipalidade de Anchorage, embora estejam fisicamente fora da cidade de Anchorage.",65,0,1,0,1,0,0,0,0,0,0,2
11,266,Anchorage.txt,"Anchorage é servida pela maior parte das grandes companhias aéreas americanas. Uma viagem aérea é a forma mais barata e eficiente de entrar ou sair do estado. Há voos directos entre Anchorage e Seattle, Portland, San Francisco, Minneapolis ou Taipei todo o ano, para além de mais alguns locais no Verão. Muitas das chegadas e partidas para fora do estado são voos olhos-vermelhos (voos que partem muito tarde, à noite, e chegam bem cedo, na manhã seguinte), mas também há frequentemente voos diurnos para Seattle. Anchorage recentemente completou um extenso remodelamento no Aeroporto Internacional de Anchorage Ted Stevens para ajudar a acomodar o crescente turismo (fontes não-oficiais estimaram que o número de turistas em entre Maio e Setembro de 2004 são de cerca de 4 milhões de turistas).",231,0,1,0,0,0,0,0,0,0,1,2
38,280,Anchorage.txt,Turismo - Oferecendo roteiros com guia falando português.,749,0,0,0,0,0,0,0,0,0,0,0
25,273,Anchorage.txt,"Se está deteminado a poupar dinheiro, use o PeopleMover, o sistema de autocarros de Anchorage. Em 2007, uma viagem custava $1.75, enquanto que um passe de um dis custava $4. A maior parte das rotas de autocarros tem um autocarro a ir numa direcção diferente numa hora. Os autocarros chegam frequentemente atrasados.",553,0,1,0,0,0,0,0,0,0,0,1
20,297,Andorra.txt,"Andorra  é um principado da Península Ibérica localizado nos Pirineus, entre a Espanha e a França.",466,0,0,0,0,1,0,0,1,0,0,2
12,290,Andorra.txt,"| idioma=Guia de conversação catalão|Catalão (oficial), Guia de conversação francês|Francês, Guia de conversação espanhol|Espanhol e Português",271,0,0,0,0,0,0,0,0,0,0,0
36,305,Andorra.txt,"Respeite também o trânsito, pois há muitos policiais, para manter a ordem tanto para os carros, quanto para os pedestres.",723,0,0,0,0,0,0,0,0,0,0,0
32,303,Andorra.txt,Andorra é um principado altamente seguro e sem nenhuma necessidade de preocupação.,662,0,0,0,0,0,0,0,1,0,0,1
13,291,Andorra.txt,| religião=Católica Romana (predominante e oficial),309,0,0,0,0,0,0,0,0,0,0,0
34,304,Andorra.txt,Sempre o meio ambiente este país tem uma vasta fauna e flora que tem de ser preservada,701,0,0,0,0,0,0,0,0,0,0,0
26,300,Andorra.txt,Andorra é um dos pontos preferidos de compras da Europa devido ao não pagamento de impostos e taxas. Os preços são muito convidativos mas lembre-se somente de não realizar compras que possam ultrapassar a cota porque o controle alfandegário é super rigoroso. Todos os veículos são vistoriados na saída. Bebidas e cigarros são muito visados por isso evite compras em excesso.,569,0,0,0,0,0,1,0,1,0,0,2
8,286,Andorra.txt,| governo=Monarquia parlamentar,162,0,0,0,0,0,0,0,0,0,0,0
10,288,Andorra.txt,| área=468 km&lt;sup&gt;2&lt;/sup&gt;,215,0,0,0,0,0,0,0,0,0,0,0
6,284,Andorra.txt,| bandeira=File:Flag of Andorra.svg|100px,103,0,0,0,0,0,0,0,0,0,0,0
22,298,Andorra.txt,"Pode-se chegar de carro pela Espanha ou pela França. As estradas são muito bem conservadas e sinalizadas. Como Andorra fica situada no alto dos Pirenéus as estradas são caracterizadas por serras que merecem a apreciação da paisagem, mas também um cuidado na condução do veículo.",495,0,0,0,0,1,0,0,0,0,0,1
30,302,Andorra.txt,Andorra à noite tem diversas ofertas: podem começar a noite no Califa e acabar no Buda. Mas se preferirem o som do Regatton podem sempre ir à bossa ou à La Bodegueta.,631,1,0,0,0,0,0,0,1,0,0,2
24,299,Andorra.txt,A circulação de carro é bem simples porque a cidade possui dois pontos de acesso. Uma entrada e saída em direção a França e uma entrada e saída em direção a Espanha. Pode-se chegar de carro até a base da estação de esqui sem maiores problemas.,532,0,0,0,1,1,0,0,0,0,0,2
28,301,Andorra.txt,"Há bons restaurante em Andorra, em Arinsal existe El Bosque, e também o Rejugi de la Fondue, em Ordino conseguem também comer muito bem no Topic.",603,0,0,0,0,0,0,0,1,1,0,2
5,283,Andorra.txt,| localização=File:LocationAndorra.png|noframe|250px,92,0,0,0,0,0,0,0,0,0,0,0
11,289,Andorra.txt,| população=71.201 (est. Julho 2006),240,0,0,0,0,0,0,0,0,0,0,0
5,308,Angola.txt,| localização=File:LocationAngola.png|noframe|250px,69,0,0,0,0,0,0,0,0,0,0,0
79,362,Angola.txt,"Além do funge e da muamba, fazem parte da cozinha tradicional angolana, entre outros:",1052,0,0,0,0,0,0,0,0,0,0,0
8,311,Angola.txt,| governo=República presidencialista,165,1,0,0,0,0,0,0,0,0,0,1
81,363,Angola.txt,Algumas das festas típicas de Angola são:,1058,0,0,0,0,0,0,0,1,0,0,1
11,314,Angola.txt,| população=25.789.024 (cen. 2014),225,0,0,0,0,0,0,0,0,0,0,0
20,322,Angola.txt,"Angola é um país da África Central. Faz fronteira com a Namíbia, no sul, Zâmbia, a leste e a Congo|República do Congo, bem como a República Democrática do Congo, no norte.",456,0,0,0,0,0,0,0,1,0,0,1
69,357,Angola.txt,Você também pode ver o Estádio Nacional 11 de Novembro.,1012,0,0,0,0,0,0,0,0,0,0,0
87,366,Angola.txt,"Em Angola, a dança distingue diversos gêneros, significados, formas e contextos, equilibrando a vertente recreativa com a sua condição de veículo de comunicação religiosa, curativa, ritual e mesmo de intervenção social. Não se restringindo ao âmbito tradicional e popular, manifesta-se igualmente através de linguagens académicas e contemporâneas. A presença constante da dança no quotidiano, é produto de um contexto cultural apelativo para a interiorização de estruturas rítmicas desde cedo. Iniciando-se pelo estreito contato da criança com os movimentos da mãe (às costas da qual é transportada), esta ligação é fortalecida através da participação dos jovens nas diferentes celebrações sociais (os jovens são os que mais se envolvem), onde a dança se revela determinante enquanto fator de integração e preservação da identidade e do sentimento comunitário.",1075,0,0,0,0,0,0,0,1,1,0,2
71,358,Angola.txt,Você pode ver a Avenida 4 de Fevereiro com vista para Luanda.,1020,1,0,0,0,0,0,0,0,0,0,1
83,364,Angola.txt,"Fora as discotecas e bares, na sua maioria localizados na ilha de Luanda e outros espalhados pela cidade.",1063,1,0,0,1,0,0,0,0,0,0,2
85,365,Angola.txt,# Em Luanda há vários hotéis de qualidade.,1069,1,0,0,0,0,0,0,0,0,0,1
10,313,Angola.txt,| área=1.246.700 km&lt;sup&gt;2&lt;/sup&gt;&lt;br /&gt;,216,0,0,0,0,0,0,0,0,0,0,0
32,331,Angola.txt,| região2nome=Norte (Angola)|Norte,670,0,0,0,0,0,0,0,0,0,0,0
61,353,Angola.txt,"Temos também os táxis privados, que ficam a porta do aeroporto, e te podem levar ao seu destino final; o custo é cronometrado, dependendo da distância.",965,0,0,0,0,0,0,0,0,0,0,0
59,352,Angola.txt,"Os taxistas tem por habito cobrar mais caro os turistas. Em média distância o táxi custa 150 Kz. Não dê mais do que 150 Kz num táxi de média distância, pois estes aproveitam-se e alteram o preço.",957,0,0,0,0,0,0,0,0,0,0,0
13,316,Angola.txt,"| religião=Crenças nativas 47%, católicos romanos 38%, protestantes 15%",296,0,0,0,0,0,0,0,0,0,0,0
47,343,Angola.txt,| região5nome=Leste (Angola)|Leste,852,0,0,0,0,0,0,0,0,0,0,0
9,312,Angola.txt,| moeda=1 kwanza (AOA) = 100 cêntimos,176,0,0,0,0,0,0,0,0,0,0,0
89,367,Angola.txt,"Depois de vários séculos de colonização portuguesa, Angola acabou por também sofrer misturas com outras culturas atualmente presentes no Brasil, Moçambique e Cabo Verde. Com isto, a Angola hoje destaca-se pelos mais diversos estilos musicais, tendo como principais: O Semba, o Kuduro, a Kizomba e a Tarraxinha.",1080,0,0,0,0,0,0,0,1,0,0,1
73,359,Angola.txt,"A culinária tradicional de Angola é influenciada pela portuguesa e pela moçambicana , tendo também recebido nos últimos anos uma forte influência da culinária brasileira.",1030,0,0,0,0,0,0,0,1,0,0,1
91,368,Angola.txt,Pra emergência ligue: +244939136634.,1085,0,0,0,0,0,0,0,0,0,0,0
37,335,Angola.txt,| região3nome=Centro (Angola)|Centro,744,0,0,0,0,0,0,0,0,0,0,0
63,354,Angola.txt,"O Português é a língua oficial de Angola e é falada pela maioria da população, mas existem também outros idiomas nativos como o Umbundo, Kikongo, Kimbundu, Côkwe, Nganguela e o Ukwanyama.",977,0,0,0,0,0,0,0,1,0,0,1
52,347,Angola.txt,| região6nome=Cabinda (província)|Cabinda,898,1,0,0,0,0,0,0,0,0,0,1
12,315,Angola.txt,"| idioma=Português (oficial), banto",265,0,0,0,0,0,0,0,0,0,0,0
42,339,Angola.txt,| região4nome=Sudoeste (Angola)|Sudoeste,801,0,0,0,0,0,0,0,0,0,0,0
6,309,Angola.txt,| bandeira=File:Flag of Angola.svg|100px,102,0,0,0,0,0,0,0,0,0,0,0
65,355,Angola.txt,"A Serra da Leba que fica na província do Namibe, a Tundavala na província da Huíla, Mirador da Lua que fica em Luanda.",987,1,0,0,0,0,0,0,0,0,0,1
67,356,Angola.txt,"Você  também pode visitar a província de Malanje e ver o centro da cidade de Malanje, as pedras negras de Pungo Andongo e as caichoeiras de Kalandula no rio Lucala.",998,0,0,0,0,0,0,0,0,0,0,0
75,360,Angola.txt,"Os ingredientes mais comumente utilizados são cereais cultivados há séculos no país, entre eles sorgo, painço e milho, além de feijão frade, lentilha, inhame, dinhungo (abóbora-carneira) e quiabo. Entre as frutas, os destaques são para a melancia, o tamarindo e o fruto do imbondeiro. O azeite de dendê (óleo de palma) é importante no preparo de várias receitas.",1038,0,0,0,0,0,0,0,0,0,0,0
77,361,Angola.txt,"O prato mais popular em Angola é o funge ou funji, uma massa cozida de farinha de milho ou de mandioca. Pode acompanhar carne ou peixe. Outra receita tradicional é a muamba, que pode ser preparada com galinha, carne seca ou peixe, acompanhada de quiabo e dendê.",1044,0,0,0,0,0,0,0,1,0,0,1
8,374,Anguila.txt,|governo=Dependência do Reino Unido,170,0,0,0,0,0,0,0,0,0,0,0
5,371,Anguila.txt,|localização=File:LocationAnguilla.png|noframe|250px,74,0,0,0,0,0,0,0,0,0,0,0
9,375,Anguila.txt,|moeda=Dólar das Caraíbas Orientais (XCD),191,0,0,0,0,0,0,0,0,0,0,0
27,389,Anguila.txt,"Em The Valley, ponto principal e capital da Ilha com grande movimentação no comércio. Já em Wallblake House, mansão colonial construída no século XVIII associada às lendas de assassinatos em época de luxo e exuberância. Dog Island, ilha pequena com cabanas para àqueles que buscam a tranqüilidade e o deleite das águas cristalinas de suas praias. The Fountain, descubra os petrogrifos dos índios arawak. lha Chapéu, praias tranqüilas e a beleza de um velho Farol. Scrub Island, pequena ilha de corais, ideal para passeios de barco. E por fim em Island Harbour,encontre um gracioso povoado de pescadores.",596,0,1,0,0,0,0,0,0,0,0,1
29,390,Anguila.txt,"Em geral, encontra-rá atividades de mergulho, Pesca, Vela e nado com Golfinho",626,0,0,0,0,0,0,0,0,0,0,0
21,386,Anguila.txt,"Sua cidade capital é The Valley e ilhas principais, contam com a Ilha de Anguilla e a Ilha de Scrub.",491,0,1,0,0,0,0,0,0,0,0,1
6,372,Anguila.txt,|bandeira=File:Flag of Anguilla.svg|100px,113,0,0,0,0,0,0,0,0,0,0,0
11,377,Anguila.txt,|população=13.477 (est. julho 2006),229,0,0,0,0,0,0,0,0,0,0,0
19,385,Anguila.txt,"Anguilla é uma pequena ilha britânica, poucos quilômetros ao norte de Saint Martin, rodeada de algumas ilhotas, onde contamos com 33 praias, com areais brancas e finas, de mar azul turquesa. Com clima tropical, com temperatura média de 27 graus. As chuvas, chegam geralmente entre os meses de Junho e Outubro.",452,0,0,0,0,0,0,0,0,1,0,1
23,387,Anguila.txt,"Aos cidadãos do Brasil, Portugal, Moçambique e São Tomé e Príncipe não se requer visto de turismo, necessário aos angolanos e caboverdianos. Para os brasileiros, tempo de voo estimado em 09 horas.",508,0,0,0,0,0,0,0,1,0,0,1
10,376,Anguila.txt,|área=102 km&lt;sup&gt;2&lt;/sup&gt;,212,0,0,0,0,0,0,0,0,0,0,0
31,391,Anguila.txt,"Sexta-Feira Santa, Segunda-Feira de Páscoa, Dia do Trabalho, Dia de Anguilla (30 de Maio), Aniversário da Rainha (12 de Junho), Dia da Constituição (08 de Agosto), Festa da Separação (19 de Dezembro), Natal, Dia seguinte ao Natal - Boxing Day (26 de Dezembro) e Ano novo.",660,0,0,1,0,0,0,0,0,0,0,1
15,398,Aparecida.txt,"O Distrito de Aparecida foi criado pela Lei Provincial nº 19, em março de 1842, recebendo foros de Vila. Vinte anos depois, em 17 de dezembro de 1928, a Vila que se formou ao redor da Capela do Morro dos Coqueiros tornou-se município, emancipando-se de Guaratinguetá, pela Lei nº 2.312, elevando sua sede a categoria. Em 1929, Nossa Senhora foi proclamada Rainha do Brasil e sua Padroeira Oficial, por determinação do Papa Pio XI.",346,0,0,1,0,0,0,0,0,0,0,1
17,399,Aparecida.txt,"O crescente aumento do número de romeiros e de devotos a Nossa Senhora da Conceição Aparecida fez com que surgisse a necessidade de construir-se um templo bem maior. Por iniciativa dos Missionários Redentoristas e dos Senhores Bispos - sob tutela do Arcebispo à época, D. Macedo -, teve início em 11 de novembro de 1955, a construção do Santuário Nacional de Nossa Senhora da Conceição Aparecida, o maior Santuário Mariano do mundo.",393,0,0,0,0,0,0,0,0,0,0,0
11,396,Aparecida.txt,"Colocaram suas canoas no Rio Paraíba, jogaram a rede várias sem sucesso; pararam desanimados e abatidos pelo cansaço no Porto Itaguaçú. Numa última tentativa, João Alves jogou mais uma vez sua rede, e sentiu algo pesado ao puxar as primeiras malhas. Surpreendeu-se ao puxá-la e encontrar uma imagem sem cabeça, com anjos esculpidos ao redor dos pés. Espantado, lançou novamente a rede e o que veio à tona foi a cabeça da imagem, que se ajustava perfeitamente ao corpo anteriormente encontrado. Após encontrar, e reunir, o corpo e a cabeça da imagem de Nossa Senhora da Conceição, os peixes surgiram em abundância, para os três dedicados pescadores.",246,0,0,0,0,0,0,0,0,0,0,0
9,395,Aparecida.txt,"A História da cidade de Aparecida se confunde e se mistura com a História da Santa Padroeira do Brasil, Nossa Senhora da Conceição Aparecida. Teve seu início em meados de 1717, quando chegou a notícia de que o Conde de Assumar, Dom Pedro de Almeida e Portugal, Governador da Província de São Paulo e Minas Gerais, iria passar pela pequena Vila de Guaratinguetá, a caminho de Vila Rica, atual cidade de Ouro Preto. Entre outras providências, era necessário que pescadores da região trouxessem do Rio Paraíba quantospeixes lhes caíssem na rede, a fim de promoverem o banquete que deveria servir ao ilustre visitante e à sua comitiva, composta por auxiliares e muitos escravos. Grande quantidade de pescado deveria ser salgada para quando estivessem viajando pelo descampado das Minas Gerais até Vila Rica. Pretendia-se mostrar a Dom Pedro os recursos do pequeno vilarejo. Mesmo não sendo boa época para a pesca, pescadores foram convocados; entre eles Domingos Garcia, João Alves e Filipe Pedroso.",182,0,0,1,0,1,0,0,1,0,0,3
5,393,Aparecida.txt,"A cidade é referência do catolicismo no país e recebe visitantes e peregrinos de diversas partes do país e do mundo. É considerada a Capital Mariana do Brasil por abrigar - sob o Santuário Nacional de Nossa Senhora da Conceição Aparecida -  a imagem de Nossa Senhora Aparecida retirada das águas do Rio Paraíba do Sul, em 1717.",75,0,0,0,1,0,0,0,0,0,0,1
21,401,Aparecida.txt,"O município fica à margem da BR-116/Via Dutra. Saindo de São Paulo o percurso tem 207 km e deve ser feito pela BR 116 (rodovia Presidente Dutra). Esta rodovia passa pelas cidades de Itaquaquecetuba, Guararema, Jacareí, São José dos Campos e Taubaté.",486,0,0,1,0,0,0,0,0,0,0,1
7,394,Aparecida.txt,"O último dado do próprio município, dá conta que são mais de 8 milhões de romeiros ano que vão à cidade, distante 170 km da capital paulista",140,0,0,0,1,0,0,0,0,0,0,1
19,400,Aparecida.txt,"A planta, elaborada pelo arquiteto Benedito Calixto de Jesus, reúne um conjunto arquitetônico em forma de cruz de Santo André. Em 1980, ainda em construção, foi consagrada pelo Papa João Paulo II, recebendo o título de Basílica Menor. Foi declarada oficialmente, em 1984, pela Conferência Nacional dos Bispos do Brasil - CNBB - Basílica de Aparecida Santuário Nacional.",455,0,0,0,0,0,1,0,0,0,0,1
13,397,Aparecida.txt,"Durante quinze anos, a imagem foi protegida por Filipe Pedroso e sua família, em sua casa, onde se reuniam vizinhos e parentes para rezar e adorar a Santa, que se tornava conhecida pelos milagres que realizava. Atanásio Pedroso, filho de Filipe, construiu um oratório para a Santa, que logo se tornou pequeno, devido ao grande número devotos que por ali passavam. Por volta de 1734, o Vigário de Guaratinguetá, com autorização do Bispo do Rio de Janeiro, construiu a Capela do Morro dos Coqueiros, aberta à visitação pública, inaugurada em 26 de junho de 1745. Porém, o número de devotos aumentava, e exigia uma igreja maior, cuja construção iniciou-se em 1834 e foi concluída em 1888, sendo elevada a Basílica Menor, em 29 de abril de 1908.",283,0,0,0,0,0,0,0,0,1,0,1
3,392,Aparecida.txt,A cidade de Aparecida fica no estado de São Paulo (estado)|São Paulo.,14,0,0,0,0,0,0,0,0,0,0,0
59,446,China.txt,"| região6itens=Guangdong, Hainan, Fujian",952,0,0,0,0,0,0,0,0,0,0,0
60,447,China.txt,| região6descrição=Região urbana do litoral do Mar da China Meridional e a região mais rica do país,963,0,0,0,0,0,0,0,0,0,0,0
48,438,China.txt,"| região4itens=Tibete, Yunnan, Guangxi, Guizhou",862,0,0,0,0,0,0,0,0,0,0,0
62,448,China.txt,| região7nome=Leste (China)|Leste,974,0,0,0,0,0,0,0,0,0,0,0
55,443,China.txt,"| região5descrição=Região de agricultura, montanhas, vales estreitos, e florestas temperadas e sub-tropicais",924,0,0,0,0,0,0,0,0,0,0,0
22,418,China.txt,"Em um país gigantesco como a China, o clima é tão variado quanto a sua geografia. No entanto, é possível generalizar quanto a algumas regiões:",504,0,0,0,0,0,0,0,0,0,0,0
57,444,China.txt,| região6nome=Sudeste (China)|Sudeste,942,0,0,0,0,0,0,0,0,0,0,0
64,450,China.txt,"| região7itens=Jiangsu, Xangai, Zhejiang",982,0,0,0,0,0,1,0,0,0,0,1
33,426,China.txt,"| região1itens=Liaoning, Jilin, Heilongjiang",680,0,0,0,0,0,0,0,0,0,0,0
4,403,China.txt,| localização=File:China in its region (claimed hatched).svg|noframe|250px,47,0,0,0,0,0,0,0,0,0,0,0
54,442,China.txt,"| região5itens=Anhui, Sichuan, Chongqing, Hubei, Hunan, Jiangxi",916,0,0,0,0,0,0,0,0,0,0,0
5,404,China.txt,| bandeira=File:Flag of China.svg|100px,87,0,0,0,0,0,0,0,0,0,0,0
20,417,China.txt,"A República Popular da China (Chinês, 中国, Pinyin , Zhōngguó), é um grande país da Ásia e o mais populoso da Terra. Com uma história que remonta a milhares de anos, uma cultura singular e números de crescimento econômico que surpreendem ao mundo, o país é o quarto mais visitado do planeta.",464,0,0,0,0,0,0,0,0,0,0,0
31,424,China.txt,| região1nome=Nordeste (China)|Nordeste,659,0,0,0,0,0,0,1,0,0,0,1
52,440,China.txt,| região5nome=Sul Central (China)|Sul Central,905,0,0,0,0,0,0,0,0,0,0,0
24,419,China.txt,O Ano Novo chinês é o feriado mais importante do país e dura uma semana. É uma época em que muitos chineses viajam ou vão visitar suas famílias. Os efeitos desse fluxo são pesadamente sentidos nos transportes e acomodações nas duas semanas antes e depois do dia de ano novo. A data do ano novo na China respeita o calendário lunar e coincide com o ano novo do Vietnã e da Coreia|Coréia. Os próximas celebrações se darão em:,540,0,0,0,0,0,0,0,0,0,0,0
65,451,China.txt,"| região7descrição=A terra de peixe e arroz, cidades tradicionais, o novo centro cosmopolitano da economia chinesa",992,0,0,0,0,0,0,0,0,0,0,0
81,460,China.txt,"O consumo de animais exóticos e de até mesmo carne de cachorro, são permitidos no país.",1059,0,0,0,0,0,0,0,0,0,0,0
70,454,China.txt,"O idioma oficial da China,é o mandarim.Existem também dialetos falados pelo país.",1015,0,0,0,0,0,0,0,0,0,0,0
36,428,China.txt,| região2nome=Norte (China)|Norte,727,0,0,0,0,0,0,0,0,0,0,0
8,407,China.txt,"| moeda=Yuan (CNY), dólar de Hong Kong (HKD), Pataca (MOP) (em Macau)",157,0,0,0,0,0,0,0,0,0,0,0
72,455,China.txt,Dificilmente os nativos falam inglês.,1024,0,0,0,0,0,0,0,0,0,0,0
46,436,China.txt,| região4nome=Sudoeste (China)|Sudoeste,842,0,0,0,0,0,0,0,0,0,0,0
83,461,China.txt,Principalmente nas grandes cidades existem muitas opções.,1064,0,0,0,0,0,0,0,0,0,0,0
10,409,China.txt,"| população=1,393 bilhão (est.2018)",211,0,0,0,0,0,0,0,0,0,0,0
85,462,China.txt,"Os estudantes estrangeiros têm diferentes necessidades educacionais. As Universidades da China oferecem muitos tipos diferentes de cursos e métodos de ensino para atender a essas necessidades, bem como aos diferentes níveis educacionais dos alunos que vêm de fora. Universidade de Pequim (北京大学) e Tsinghua University (清华大学), ambas com sede em Beijing, as universidades mais prestigiadas da China, e são regularmente classificada entre as melhores universidades do mundo.",1068,0,0,0,0,0,0,0,0,0,0,0
87,463,China.txt,"Com a segunda maior economia global(atrás somente dos Estados Unidos), a China ,já implementa algumas de suas marcas em vários países.",1073,0,0,0,0,0,0,0,0,0,0,0
89,464,China.txt,"Em geral nas cidades mais desenvolvidas do litoral a segurança nas ruas é bastante desenvolvido, porém é sempre bom prevenir de trombadinhas ou batedor de carteira.",1079,0,0,0,0,0,0,0,0,0,0,0
41,432,China.txt,| região3nome=Noroeste (China)|Noroeste,790,0,0,0,0,0,0,0,0,0,0,0
79,459,China.txt,"O chá é a segunda bebida mais consumida,atrás somente da água.",1051,0,0,0,0,0,0,0,0,0,0,0
77,458,China.txt,"Por conta de sua vasta expansão territorial,a China contém uma gastronomia variada,que sofre influências de acordo com suas respectivas regiões.",1047,0,0,0,0,0,0,0,0,0,0,0
39,431,China.txt,"| região2descrição=Bacia do Rio Amarelo, berço a civilização chinesa",762,1,0,0,0,0,0,0,0,0,0,1
68,453,China.txt,"Exceto para visitas a Macau e Hong Kong, vistos de entrada são exigidos de todos os viajantes e devem ser obtidos nas embaixadas do país no exterior. Os vistos de turistas permitem a permanência por 30 dias e uma única entrada, isto é, não é possível ir da China a Hong Kong ou Macau e depois retornar ao país.",1007,0,0,0,0,0,0,0,0,0,0,0
13,411,China.txt,"| religião=Daoístas (Taoísta), budistas; Estado oficialmente ateísta",291,0,0,0,0,0,0,0,0,0,0,0
34,427,China.txt,"| região1descrição=dōngběi, cidades industriais, florestas vastas, invernos frios e longos, e influência russa, coreana e japonesa",703,0,0,0,0,0,0,0,0,0,0,0
75,457,China.txt,"Os dois sistemas de cardápio, onde diferentes menus são apresentados de acordo com a cor da pele de um convidado permanecem largamente desconhecidos na China. A maioria dos restaurantes só tem um cardápio - o chinês. Aprender alguns caracteres chineses, como a carne (牛), frango (鸡), frito (炒), sopa (汤), arroz (饭) e água (水) é muito importante.",1039,0,0,0,0,0,0,0,0,1,0,1
11,410,China.txt,"| idioma=Mandarim (idioma oficial) cantonês, wu, xiang, gan e outras.",255,0,0,0,0,0,0,0,0,0,0,0
43,434,China.txt,"| região3itens=Shaanxi, Gansu, Ningxia, Qinghai, Xinjiang",808,0,0,0,0,0,0,0,0,0,0,0
50,439,China.txt,"| região4descrição=Região montahosa da fronteira, perto da cordilheira dos Himalaias",884,0,0,0,0,0,0,0,0,0,0,0
44,435,China.txt,"| região3descrição=Local da capital chinesa por 1000 anos, com planícies, desertos, montanhas, povos nômades, e Islã",819,0,0,0,0,0,0,0,0,0,0,0
9,408,China.txt,| área=9.596.960 km&lt;sup&gt;2&lt;/sup&gt;,190,0,0,0,0,0,0,0,0,0,0,0
38,430,China.txt,"| região2itens=Shandong, Shanxi, Mongólia Interior, Henan, Hebei, Pequim, Tianjin",757,0,0,0,0,0,0,0,0,0,0,0
7,406,China.txt,| governo=República socialista de partido único,131,0,0,0,0,0,0,0,0,0,0,0
93,466,China.txt,"Não somente em território Chinês,mas em qualquer parte do mundo a cultura do país deve ser extramente respeitada.",1087,0,0,0,0,0,0,0,0,0,0,0
38,493,Chipre.txt,"A melhor maneira de chegar e sair do Chipre, apesar de ser uma ilha, é a via aérea. O Chipre é servido por inúmeras companhias - inclusive low costs - sendo a principal a Cyprus Airways, a qual conecta o país aos principais centros europeus, bem como a países do Oriente Médio.",750,0,0,0,0,0,0,0,0,0,0,0
54,501,Chipre.txt,Os serviços Travel  Express funcionam das 6 da manhã às 6 da tarde. Pode-se marcar um táxi para ser pego em qualquer parte da cidade e descer onde se quiser nos limites da cidade. Tarifa maior aos domingos e feriados.,921,0,0,0,1,0,0,0,0,0,0,1
32,490,Chipre.txt,Planície central com montanhas ao norte e sul; planícies dispersas porém significativas ao longo da costa sul.,669,0,0,0,0,0,0,0,0,0,0,0
48,498,Chipre.txt,O transporte público no país é muito deficiente e a maior parte das pessoas de lá dirigem.,861,0,0,0,0,0,0,0,0,0,0,0
13,477,Chipre.txt,"|religião=Ortodoxos gregos 78%, muculmanos 18%, outras 4%",280,0,0,0,0,0,0,0,0,0,0,0
36,492,Chipre.txt,"Por ser parte da União Européia, não é necessário visto para cidadãos do Brasil. A parte norte, controlada pela Turquia, também não exige vistos, já que o Brasil tem acordos bilaterais com esse país. Entretanto, passar de uma parte à outra da ilha pode ser dificultado pelas autoridades locais. Como o status da parte turca de Chipre não tem reconhecimento internacional, além da Turquia, é considerado ilegal pelas autoridades da República do Chipre usar o norte como ponto de entrada na ilha. Caso o viajante deseje circular por toda a ilha, é melhor fazê-lo usando como ponto de entrada os aeroportos de Larnaca e de Pafos ou o porto de Limassol.",729,1,0,1,0,0,0,0,0,0,0,2
11,475,Chipre.txt,|população=784.301 (est. Julho 2006),245,0,0,0,0,0,0,0,0,0,0,0
56,502,Chipre.txt,"A língua oficial do Chipre é o grego, e na parte norte - devido a ocupação da Turquia - o turco. Porém, devido a grande influência e ocupação inglesa no país durante 1878 até 1954 (período em que o Chipre foi colônia inglesa) praticamente todos os habitantes, de jovens a adultos, falam inglês britânico.",934,0,0,0,0,0,0,0,0,0,0,0
12,476,Chipre.txt,"|idioma=Guia de conversação grego|Grego, Guia de conversação turco|turco, Guia de conversação inglês|inglês",270,0,0,0,0,0,0,0,0,0,0,0
30,489,Chipre.txt,"Temperado; Mediterrâneo, com verões quentes e secos e invernos frios.",636,0,0,0,0,0,0,0,0,0,0,0
22,485,Chipre.txt,"Para a parte turca da ilha, veja Norte do Chipre.",505,0,0,0,0,0,0,0,0,0,0,0
6,470,Chipre.txt,|bandeira=File:Flag of Cyprus.svg|100px,115,0,0,0,0,0,0,0,0,0,0,0
46,497,Chipre.txt,"Não existem mais linhas de ferry que conectam o país à Grécia, apenas alguns cruzeiros. O norte do país tem ligação marítima com a Turquia . Pode-se chegar a Limassol também a partir da Itália..",843,0,0,1,0,0,0,0,0,0,0,1
44,496,Chipre.txt,"O outro é o Aeroporto Internacional de Paphos (PFO), que opera a maioria dos vôos low-cost.",818,0,0,0,0,0,0,0,0,0,0,0
19,483,Chipre.txt,"O Chipre (grego Κυπρος, turco Kıbrıs) ) é uma ilha do Mar Mediterrâneo, ao sul da Turquia. A ilha é a terceira maior do Mediterrâneo, atrás apenas da Sicília e da Sardenha. Embora a ilha fique perto do Oriente Médio, ela é considerada um país Europa|europeu, além de ser membro da União Européia.",432,0,0,0,0,0,0,0,0,0,0,0
21,484,Chipre.txt,"O Chipre está dividido em seis regiões administrativas. Cada uma é um distrito, o qual carrega o nome da sua capital administrativa. Após a invasão turca de 1974 e a divisão da ilha em duas partes, a República do Chipre não tem o controle efetivo de toda a área do distrito da Quirênia e das partes Norte dos distritos de Famagusta e de Nicósia.",472,0,0,0,0,0,0,0,0,0,0,0
10,474,Chipre.txt,|área=9.250 km&lt;sup&gt;2&lt;/sup&gt; (dos quais 3.355 estão na áera turco-cipriota),221,0,0,0,0,0,0,0,0,0,0,0
26,487,Chipre.txt,"Desde 1974, o Chipre está dividido entre a área grega ao sul e oeste da ilha, também chamada República do Chipre, internacionalmente reconhecida e país membro da União Européia; e a área turca, que ocupa o norte e o leste, se autoproclama a República Turca do Norte do Chipre, mas é reconhecida apenas pela Turquia. As Nações Unidas mantêm uma força e paz na ilha, separando os dois grupos étnicos cipriotas. As hostilidades entre os dois grupos diminuíram consideravelmente, e a reunificação pode se tornar possível.",572,0,0,0,0,0,0,0,0,0,0,0
52,500,Chipre.txt,"Os serviços interurbanos de ônibus são deficientes e é preferível usar carro ou táxis coletivos, principalmente se se vai de um distrito a outro. A maior parte das linhas não funciona nos finais de semana.",904,0,0,0,0,0,0,0,0,0,0,0
50,499,Chipre.txt,Dirigir é a maneira mais fácil - e cara - de se conhecer a ilha. Isso se você estiver apto a dirigir pela esquerda (mão inglesa)!,880,0,0,0,0,0,0,0,0,0,0,0
28,488,Chipre.txt,"A ilha torna-se independente do Reino Unido em 1960. Em 1974, é invadida pela Turquia, a qual ocupa 40% do território. Em 1983, a área turca se declara uma República, mas nenhum outro país, exceto a Turquia, a reconhece como tal.",598,0,0,0,0,0,0,0,0,0,0,0
24,486,Chipre.txt,"&lt;sup&gt;*&lt;/sup&gt; São distritos da Norte do Chipre|República Turca do Norte do Chipre, ou seja, fazem parte da porção turca da ilha.",537,0,0,0,0,0,0,0,0,0,0,0
34,491,Chipre.txt,"; ponto culminante : Monte Olimpo, com 1.951 m",695,0,0,0,0,0,0,0,0,0,0,0
42,495,Chipre.txt,"O principal é o Larnaca International Airport (LCA), localizado nos arredores da cidade.",797,0,0,0,1,0,0,0,0,0,0,1
7,505,Cinf+ges.txt,"O vale do Bestança, que acompanha o Rio com o mesmo nome, exala genuinidade que se revela numa conservação perfeita de património natural, biodiversidade, ruralidade e etnografia inalterados pelo tempo. Os socalcos de pasto e cultura agrícola habilmente molados entre a paisagem, os moínhos de água empedrados, as pontes em madeira local e as casas de pedra com madeira sobreposta, são exemplares únicos da arquitectura popular e tradicional de Cinfães. Neste Vale, repleto de quedas de água e paisagens de inigualável beleza, existe também uma elevada quantidade de vestígios medievais e calçadas pré-romanas que delimitam as rotas e troços pedestres com vocação natural.",144,0,0,0,0,0,0,0,0,0,0,0
44,529,Cinf+ges.txt,"Localização: São Cristóvão de Nogueira (Junto à estrada EN 222), 4690 Cinfães&lt;br /&gt;",821,0,0,0,0,1,0,0,0,0,0,1
9,506,Cinf+ges.txt,"Além da caça e pesca como actividades de lazer e ocupação do ócio, Cinfães oferece ainda fantásticas condições para práctica náutica de recreio e competição, sobretudo pela perfeita disposição da Albufeira do Carrapatelo e respectivos pontos de acostagem e amarração: Porto Antigo e Escamarão.",172,0,0,0,0,0,0,1,0,0,0,1
38,525,Cinf+ges.txt,"A Igreja, de estilo Arte românica|Românico e completamente empedrada tem origem nos séculos XII e XIII, mas também se pode inserir no século XVII, por ter sido modificada e remodelada durante esse período. A Igreja apresenta uma planta longitudinal composta e irregular de volumes articulados – nave única, campanário|torre sineira, capela-mor e capela adossada ao lado esquerdo da capela-mor. A fachada principal possui um pórtico de arco apontado, seis colunelos com capitéis insculpidos e três arquivoltas. Nas laterais, a igreja tem a torre sineira cega e campanário com arco a pleno centro, com remate em cornija, pináculos e cobertura em pirâmide coroada por bola e cruz metálica.",748,0,0,0,0,0,0,0,0,0,0,0
26,517,Cinf+ges.txt,Situação: Classificado; Categoria: Imóvel de Interesse Público&lt;br /&gt;,573,0,0,0,0,0,0,0,0,0,0,0
50,533,Cinf+ges.txt,"No interior da cabeceira há vestígios de uma construção anterior, desaparecida com a reedificação da capela-mor no séc. XVIII, e no muro do alçado norte está embutido um friso de decoração geométrica - possivelmente da igreja primitiva que lhe deu origem.",882,0,0,0,0,0,0,0,0,0,0,0
49,532,Cinf+ges.txt,"É composto por Nave (arquitetura)|nave única com coro alto e capela-mor, mais baixa e estreita, e tem uma torre com pináculos e coruchéu. À boa maneira medieval, apresenta muros espessos e poucas aberturas de luz, portais e arcos apontados assentes em impostas salientes com arquivoltas ornadas por esfera e cachorradas, e modilhões de decoração antropomórfica e zoomórfica.",878,0,0,0,0,0,0,0,0,0,0,0
28,518,Cinf+ges.txt,"A Igreja de Nossa Senhora da Natividade em Escamarão situa-se na Freguesia de Souselo (Cinfães)| Souselo, que fora nos tempos da época medieval um dos mais importantes Coutos da região.&lt;br /&gt;",609,0,0,0,0,1,0,0,0,0,0,1
40,526,Cinf+ges.txt,"O corpo da capela-mor possui um friso decorado, duas fenestrações de arco apontado, cachorros portantes da cornija, e um existindo óculo polilobado no corpo da capela lateral. O lado sul é marcado pelo corpo da campanário|torre sineira e escadaria de acesso. O pórtico lateral tem arco apontado e tímpano, um friso e duas fenestrações de arco apontado sendo a cornija suportada por uma cachorrada. A frontaria nasce do contraforte do cruzeiro sendo rasgada por uma porta ogival de toros e meias canas nas arquivoltas internas. Os modilhões da cornija são decorados com motivos, fito e zoomórficos.",780,0,0,0,0,0,0,0,0,0,0,0
25,516,Cinf+ges.txt,"Localização: Lugar de Escamarão, 4690 Cinfães&lt;br /&gt;",552,0,0,0,0,0,0,0,0,0,0,0
11,507,Cinf+ges.txt,"Por tudo o que lhe está associado, Cinfães é, como diz o poeta, a amena região onde em favores os Deuses se esmeram.... (João Saraiva).",247,0,0,0,0,0,1,1,0,1,0,3
5,504,Cinf+ges.txt,"A Serra de Montemuro proporciona o acolhimento único das aldeias culturais e tipicamente serranas, como é o caso de Vale de Papas, Bustelo da Lage, Aveloso e Gralheira (entre outras). O Pico do Talegre - elevação rochosa com marco geodésico, assume-se como o ponto mais alto do concelho que, com 1382m, se reveste de paisagens naturais únicas. No Inverno, a chuva abre caminhos serra abaixo, formando cascatas e lagos que, quando a temperatura é negativa, se tornam espelhos de gelo. A neve é também um ponto forte que transforma a paisagem, que sofre assim sofre mutações durante as quatro estações do ano.",97,0,0,0,0,1,0,0,0,0,0,1
30,519,Cinf+ges.txt,"A Igreja, de estilo Arte românica|Românico e completamente empedrada, foi edificada no local onde existiu um convento dos Cónegos Regtrantes de Santo Agostinho, fundado por volta de 1150. Construída na forma do século XII, possui uma planta longitudinal, composta pela justaposição dos rectângulos da Nave (arquitetura)|nave e da capela-mor. Tem volumes articulados e disposição horizontal das massas, sendo as coberturas diferenciadas de telhados de uma e duas águas.",639,0,0,0,0,1,0,0,0,1,0,2
24,515,Cinf+ges.txt,Categoria: Arquitectura Religiosa; Tipologia: Igreja&lt;br /&gt;,531,0,0,0,0,0,0,0,0,0,0,0
3,503,Cinf+ges.txt,"Cinfães é de fundação multissecular tendo o primeiro Foral concedido por D. Manuel I, datado de 1 de Maio de 1513. Composto por uma parte serrana e outra ribeirinha, este concelho espraia-se pela vertente norte do dorso do Montemuro. A Serra de Montemuro e o vale do Rio Douro são dois eixos morfológicos determinantes, que conferem a este concelho características paisagísticas de inigualável beleza e diversidade.",44,0,0,0,0,0,0,1,0,0,0,1
51,534,Cinf+ges.txt,"No exterior, junto ao portal sul, está um cruzeiro. No interior, pode admirar-se tectos de caixotões de madeira com cenas hagiográficas e altares de talha dourada dos estilos nacionais e rococó.",892,0,0,0,0,0,0,0,0,0,0,0
31,520,Cinf+ges.txt,"A Fachada principal tem um portal de acesso de arco apontado com arquivoltas decoradas com flores estilizadas e esferas, apoiadas em impostas, fresta central, mísulas e arco a pleno centro vazado portante de sino. No lado norte da igreja existe um embassamento para nivelamento do piso, duas frestas, uma cachorrada e cornija. Em plano mais recuado, o corpo da Nave (arquitetura)|nave, composto por rosácea e de recorte angular que a mesmo nível da cachorrada lateral limita o recorte da fachada principal. No lado Sul, o portal de arco é apontado e assente em impostas, mísulas, cachorrada e cornija, estando o corpo da capela-mor também em plano mais recuado composto por fresta, cachorrada e cornija.",657,0,0,0,0,0,0,0,0,0,0,0
43,528,Cinf+ges.txt,Categoria: Arquitectura Religiosa; Tipologia: Igreja&lt;br /&gt;,812,0,0,0,0,0,0,0,0,0,0,0
21,513,Cinf+ges.txt,"Além destas, funciona no Museu Alexandre de Serpa Pinto|Serpa Pinto, temporariamente, o Posto de Turismo, para promoção e qualquer tipo de informação, bem como a Loja de Artesanato local orientada para o turista e/ou visitante.",469,0,0,0,0,0,0,0,0,0,0,0
17,511,Cinf+ges.txt,"Situado numa das zonas mais antigas da Vila, na envolvente ao jardim com o nome do ilustre explorador cinfanense, foi inaugurado a 20 de Abril de 2000 e tem contribuído para uma nova dinâmica cultural. O edifício onde funciona actualmente o Museu Alexandre de Serpa Pinto|Serpa Pinto - habitação primária do próprio explorador, não teve uma construção de raiz que permitisse elaborar estruturas de cariz museológico. Como tal, o espaço foi reedificado e reorganizado de modo a ser possível criar um museu de conservação, promoção e pesquisa, dentro das dimensões já existentes.&lt;br /&gt;",401,1,0,0,0,0,0,0,0,1,0,2
35,523,Cinf+ges.txt,"Localização: Mosteiro – Tarouquela (junto à estrada EN 222), 4690 Cinfães&lt;br /&gt;",707,0,0,0,0,1,0,0,0,0,0,1
14,509,Cinf+ges.txt,Categoria: Arqueologia; Tipologia: Museu.&lt;br /&gt;,328,0,0,0,0,0,0,0,0,0,0,0
34,522,Cinf+ges.txt,Categoria: Arquitectura Religiosa; Tipologia: Igreja&lt;br /&gt;,704,0,0,0,0,0,0,0,0,0,0,0
36,524,Cinf+ges.txt,Situação: Classificado; Categoria: Monumento Nacional&lt;br /&gt;,725,0,0,0,0,0,0,0,0,0,0,0
15,510,Cinf+ges.txt,"Localização: Rua Dr. Flávio Resende, n.º 34 - Cinfães&lt;br /&gt;",358,0,0,0,0,0,0,0,0,0,0,0
47,531,Cinf+ges.txt,"A Igreja, tardo-românica é mencionada nas memórias paroquiais de 1748, nada de empírico se conhecendo em data anterior. Com traça de raiz e origens medievais, este templo foi reformado nos períodos maneirista e barroco.",857,0,0,0,0,0,0,0,0,0,0,0
45,530,Cinf+ges.txt,Situação: Em fase de classificação&lt;br /&gt;,837,0,0,0,0,0,0,0,0,0,0,0
19,512,Cinf+ges.txt,"Das exposições patentes, o visitante pode apreciar algum do mais importante espólio que pertenceu ao intrépido explorador cinfanense - Alexandre de Serpa Pinto|Serpa Pinto, como exemplares das primeiras edições dos seus livros, telegramas, objectos pessoais e profissionais, reproduções dos uniformes, etc.; o acervo arqueológico resultante de escavações e investigações realizadas em algumas freguesias do concelho e respeitantes a vestigios da época da expansão do Império Romano; e o legado oriental gentilmente cedido pelo casal cinfanense: Maria Amélia e Isidro Teixeira.&lt;br /&gt;",435,0,0,0,0,0,0,0,0,0,0,0
30,549,Coimbra.txt,"Passeio de barco no rio Mondego, a bordo do O Basófias, ou ainda o City Tour em Tuk Tuk",637,0,0,0,0,0,0,0,0,0,0,0
45,557,Coimbra.txt,"Não é difícil encontrar um sítio para tomar uma refeição em Coimbra, a cidade tem bastante oferta.",827,0,0,0,1,0,0,1,0,0,0,2
41,555,Coimbra.txt,"Em Coimbra também se podem encontrar três grandes centros comerciais: o Coimbra Shopping, o Dolce Vita e o Fórum Coimbra.",789,0,0,0,0,0,0,1,0,0,0,1
61,566,Coimbra.txt,"Também há EXCELENTES bares na região da Sé Velha (todos muito próximos da Sé), tais como:",967,0,0,0,0,0,0,0,0,0,0,0
62,567,Coimbra.txt,Não deixe de visitá-los e beber seus famosos Shots,971,0,0,0,0,0,0,0,0,0,0,0
5,536,Coimbra.txt,"Situada às margens do rio Mondego, também conhecido como o rio dos poetas, Coimbra tem cerca de 150 mil habitantes (33 mil dos quais, estudantes). A famosa universidade de Coimbra, fundada na Idade Média, é a mais antiga de Portugal e uma das mais antigas da Europa, e atrai uma população de estudantes que a tornam uma cidade muito animada.",98,0,0,0,1,0,0,1,1,0,0,3
15,541,Coimbra.txt,"Os aeroportos mais convenientes para Coimbra são (por ordem de distância, conforme Aeroportos de Portugal):",336,0,0,0,0,0,0,1,1,0,0,2
35,552,Coimbra.txt,Todos os anos realizam-se dois grandes festivais:,715,0,0,0,0,0,1,0,0,0,0,1
19,543,Coimbra.txt,Os horários dos comboios podem ser consultados em Comboios de Portugal.,440,0,0,0,0,0,0,0,1,0,0,1
69,572,Coimbra.txt,"A Vila de Condeixa-a-Nova fica situada na faixa litoral da região centro do país, a uns escassos 12 km de Coimbra, a principal cidade da região centro e perto das conceituadas ruínas romanas de Conímbriga.",1008,0,0,0,1,0,0,1,0,0,0,2
68,571,Coimbra.txt,3150-142 Condeixa-a-Nova | lat= | long= | direções= | tel=+351-239 944 025 | telgratis= | fax=+351-239 943 097 | preço= | checkin= | checkout= | sobre= }},1005,0,0,0,0,0,0,0,0,0,0,0
17,542,Coimbra.txt,"Todos os comboios que fazem a ligação entre Porto e Lisboa param em Coimbra; cerca de 1h00 partindo do Porto e cerca de 1h45m partindo de Lisboa. Os serviços de longa distância apenas servem a estação de Coimbra B (fora do centro), mas todos os bilhetes incluem uma curta viagem de 5min para Coimbra A (centro da cidade).",405,0,0,0,1,0,1,1,0,0,0,3
25,546,Coimbra.txt,"A maioria do que há para ver ou para fazer em Coimbra, tal como a maioria dos lugares para comer, sair ou dormir encontram-se próximos entre si e da estação de comboios.",563,0,0,0,0,0,0,1,0,0,0,1
26,547,Coimbra.txt,"A cidade encontra-se, também, bem servida por uma rede de autocarros dos SMTUC",574,0,0,0,1,0,0,0,0,0,0,1
28,548,Coimbra.txt,"Existem vários locais interessantes em redor de Coimbra, a melhor forma de visitar estes locais é utilizando viatura própria, ou de Tuk Tuk.",602,0,0,0,0,0,0,1,0,0,0,1
9,538,Coimbra.txt,"No século XII, Coimbra estava dividida na cidade alta, onde viviam os nobres, os clero e, mais tarde, os estudantes, e a Baixa, do comércio, do artesanato e dos bairros ribeirinhos. Desde cerca do século XVI que a história da cidade se passa a centrar na Universidade de Coimbra, sendo só no século XIX que a cidade começa a aumentar para além das muralhas, que chegaram a desaparecer com as reformas do Marquês de Pombal, em fins do século XVIII. Estas reformas tiveram grande impacto na cidade, principalmente na cidade alta, onde se criou o Jardim Botânico e alguns colégios da Universidade.",181,0,0,0,1,0,0,0,0,1,0,2
50,560,Coimbra.txt,"Existem três grandes centros comerciais em Coimbra que oferecem uma grande quantidade e diversidade de fast-food. Estes são fáceis de encontrar, no entanto localizam-se fora das áreas turísticas.",881,0,0,0,0,0,0,1,0,0,0,1
46,558,Coimbra.txt,"Peça Chanfana, Leitão à bairrada, tibornada de polvo ou bacalhau, arroz de Lampreia.",846,0,0,0,0,0,0,0,0,0,0,0
34,551,Coimbra.txt,"Há sempre muitas coisas a acontecerem na comunidade estudantil, descubra o que se passa.",697,0,0,0,0,0,0,0,0,0,0,0
52,561,Coimbra.txt,"Para estudantes existe um grande conjunto de cantinas a oferecer boa comida a bons preços. As Verdes (junto às escadas monumentais), a Sereia (no topo do Jardim da Sereia) e a cantina do estádio universitário estão entre as melhores.",902,0,0,0,0,0,0,0,0,0,0,0
71,573,Coimbra.txt,O código telefónico para a área de Coimbra é o 239.,1019,0,0,0,0,0,0,0,0,0,0,0
23,545,Coimbra.txt,A melhor forma de conduzir até Coimbra é usando a auto-estrada A1. Basta tomar uma qualquer saída em direcção a Coimbra e estará a 10 minutos do centro da cidade.,527,0,0,0,1,0,0,1,0,0,0,2
54,562,Coimbra.txt,"Espalhadas pelas ruas menos concorridas do centro de Coimbra encontram-se ainda, várias tascas que se podem revelar uma experiência gastronómico-cultural interessante. A mais conhecida entre a comunidade universitária é O Pinto, localizado na alta. A Rua Direita é conhecida pelas suas tascas.",920,0,0,0,0,0,0,0,0,0,0,0
73,574,Coimbra.txt,"Coimbra é, no geral, uma cidade muito segura.",1029,0,0,0,1,0,0,1,0,0,0,2
11,539,Coimbra.txt,"Em meados do século XIX a cidade sofre com a ocupação das tropas de Junot e Massena, durante a invasão francesa e, mais tarde, com a extinção das ordens religiosas. No entanto, na segunda metade do século XIX, a cidade começou a recuperar o esplendor perdido – em 1856 o primeiro telégrafo eléctrico na cidade surge, bem como a iluminação a gás, e em 1864 inaugura-se o caminho-de-ferro. Para além disso, 11 anos mais tarde nasce a ponte férrea sobre o Mondego.",254,0,0,0,1,0,0,0,0,0,0,1
39,554,Coimbra.txt,"A tradicional e medieval Baixa de Coimbra tem uma capacidade de atracção fora do normal para os nossos dias. Aqui juntam-se milhares de pessoas e inúmeras lojas de vestuário, livrarias, perfumarias, cafés, pastelarias, restaurantes, etc.",758,0,0,0,0,0,0,1,0,0,0,1
59,565,Coimbra.txt,Para quem procura uma alternativa à noite estudantil:,953,0,0,0,0,0,0,0,0,0,0,0
13,540,Coimbra.txt,"Fundada pelo rei D. Dinis em 1290, a Universidade de Coimbra é a mais antiga de Portugal e uma das mais antigas do mundo. A sede da universidade foi muitas vezes transferida de Coimbra para Lisboa, mas em 1537 D. João III fixou-a definitivamente em Coimbra. Actualmente a Universidade tem oito faculdades (Letras, Direito, Medicina, Ciências e Tecnologia, Farmácia, Economia, Psicologia e Ciências da Educação, Ciências do Desporto e Educação Física), e por volta de 33.000 alunos.",286,0,0,0,0,0,0,1,1,0,0,2
48,559,Coimbra.txt,"Quanto aos doces tradicionais prove Pastéis de Tentúgal, Pastéis de Santa Clara, Queijadas de Pereira, Manjar Branco, Arrufadas de Coimbra, Barriga de Freira e Arroz doce.",866,0,0,0,0,0,0,0,0,0,0,0
43,556,Coimbra.txt,"Por toda a cidade podem-se encontrar diversos produtos regionais de interesse, o mais emblemático e requisitado destes é a Louça de Coimbra.",811,0,0,0,1,0,0,0,0,0,0,1
56,563,Coimbra.txt,"Os bares em torno da Praça da República são, em geral, os mais movimentados. Enchem-se do espírito académico durante o período de aulas. Existem na cidade diversas opções, algumas delas:",933,0,0,0,1,0,0,0,0,0,0,1
21,544,Coimbra.txt,"A Estação de Autocarros fica na Avenida Fernão de Magalhães (a cerca de 10 minutos do centro da cidade). Tem autocarros a chegar de vários destinos por todo o país. É mais rápido e, geralmente, mais barato do que o comboio.",483,0,0,0,1,0,0,0,0,0,0,1
75,575,Coimbra.txt,"A cidade é conhecida por ser referência na Saúde do País. Possui vários hospitais centrais, sendo eles os HUC (Hospitais da Universidade de Coimbra), os Hospitais dos Covões, o Hospital Pediátrico de Coimbra (a abrir em 2010), a maternidade Bissaia Barreto e a Maternidade Daniel de Matos. Além destes, possui ainda um hospital de saúde mental e psiquiatria, o Sobral Cid. Tanto na cidade, como nos arredores, existem vários centros de saúde e extensões de saúde, que prestam cuidados de saúde mais básicos.",1037,0,0,0,1,0,0,1,0,0,0,2
7,537,Coimbra.txt,"Coimbra já existia no tempo dos romanos, que lhe deram o nome de Aeminium. Mais tarde, à medida que se tornava mais importante, tornou-se sede da diocese, substituindo Conímbriga. Em 711 chegaram os mouros à Península Ibérica, e não esqueceram Coimbra. Transforma-se num importante entreposto comercial entre o norte e o sul, com uma forte comunidade moçárabe. Foi conquistada definitivamente por Fernando Magno de Leão em 1064. Coimbra transforma-se na cidade de maior importância abaixo do Douro, capital de um grande condado governado por Sesnando. Com a formação do Condado Portucalense, tornou-se a residência de D. Henrique e de D. Teresa, e seria aqui que ia nascer D. Afonso Henriques, primeiro rei de Portugal, que a torna capital do condado, substituindo Guimarães. Em 1255, a capital tornou-se Lisboa.",142,0,0,0,1,0,1,1,1,0,0,4
37,553,Coimbra.txt,"O centro de Coimbra é um sítio fantástico para se perder, Coimbra é uma cidade grande e está cheia de coisas interessantes.",743,0,0,0,1,0,0,1,0,0,0,2
3,535,Coimbra.txt,"Coimbra é uma cidade na região Centro de Portugal. Foi a primeira capital do país e conta com uma das mais antigas universidades da Europa. Embora actualmente já não seja a capital do país, é um dos seus maiores centros turísticos e uma das suas maiores cidades universitárias.",28,0,0,0,1,0,0,1,1,0,0,3
32,550,Coimbra.txt,"O fado de Coimbra nasceu na cidade, pelas mãos dos estudantes e é imperdível. A guitarra de Coimbra é o instrumento típico para tocar o fado.",667,0,0,0,1,0,0,1,0,0,0,2
57,564,Coimbra.txt,"Insónias Bar - Na av. Sá da Bandeira, com Karaoke às quartas e sábados!",943,0,0,0,0,0,0,0,0,0,0,0
27,590,Copenhaga.txt,"O design escandinavo é mundialmente conhecido. Designers dinamarqueses como Poul Henningsen e Arne Jacobsen são alguns dos representantes da elite das artes aplicadas. Estes grandes armazéns têm todo o género de objectos, desde do copo de vinho até à cama, mostrando como é possível aliar o útil ao estético.",578,0,0,0,0,0,1,0,0,0,0,1
7,578,Copenhaga.txt,A TAP Air Portugal faz voos directos de Lisboa para Copenhaga. Para mais informações consulte o site  flytap.com.,143,0,0,0,0,0,0,0,0,0,0,0
12,581,Copenhaga.txt,"Se fizer escala em Paris, terá de esperar algumas horas até à partida do autocarro para Copenhaga, demorando de seguida a chegar ao destino cerca de 16 horas.",264,0,0,0,0,0,0,0,0,0,0,0
29,591,Copenhaga.txt,"&lt;!-- Esta seção destina-se à inclusão de informações e soluções práticas para o dia-a-dia dos viajantes - onde encontrar e como usufruir de banheiros públicos, lavanderias, bibliotecas, consertos de equipamentos e outros serviços, como embaixadas e consulados dos países lusófonos localizados nesta cidade. --&gt;",620,0,0,0,1,0,0,0,0,1,0,2
5,577,Copenhaga.txt,O regime em vigor é o de isenção de vistos para os cidadãos portugueses. Os estrangeiros com autorização de residência em Portugal beneficiam igualmente de isenção de visto ao abrigo dos Acordos Schengen. Em ambos os casos é permitida a permanência sem visto por um período de 3 meses.,84,0,0,0,0,0,0,0,1,0,0,1
25,589,Copenhaga.txt,"O fenomenal Museu de Arte de Copenhaga reúne mestres europeus como Cranach, Tiziano e Bruegel, ainda que fundamentalmente contenha obras de artistas dinamarqueses: dos pintores da Idade do Ouro até aos clássicos do Modernismo, como Weie e Jorn.",548,0,0,0,0,0,0,0,0,0,0,0
19,586,Copenhaga.txt,"O Tivoli é o ponto de maior atracção da Dinamarca. Este parque de divertimentos, inaugurado em 1843 é um misto de tradição e de modernismo. Apesar de possuir as mais modernas atracções, não irá encontrar um parque de alta tecnologia desprovido de alma, mas sim um lugar bem agradável para diversão com toda a família.",447,0,0,0,0,0,0,0,0,0,0,0
17,585,Copenhaga.txt,"Também pode ir a Copenhaga de barco, apanhando-o na cidade alemã de Kiel até Korsør, na costa oeste de Seeland. A partir daí, uma hora é suficiente para chegar a Copenhaga. O horário no entanto não é muito prático, pois o barco só atraca em Korsør até às 22 horas.",413,1,0,0,1,0,0,0,0,0,0,2
9,579,Copenhaga.txt,"Partindo de Portugal, o melhor percurso será via Paris. Depois terá de mudar de comboio na Gare du Nord. Em Paris, é preciso esperar cerca de 10 horas até à partida do comboio para Copenhaga, cujo percurso por sua vez demora cerca de 14 horas.",184,0,0,0,0,0,0,0,1,0,0,1
15,583,Copenhaga.txt,"Segue-se para nordeste, até à ilha de Falster, onde se passa então à ilha de Seeland. Depois é sempre a direito até ao norte, até Copenhaga.",341,0,0,0,0,0,0,0,0,1,0,1
3,576,Copenhaga.txt,"Copenhaga (em dinamarquês, København) é a capital da Dinamarca, com cerca de 1 milhão de habitantes. Copenhaga é suficientemente grande para ser uma metrópole para fazer compras, ter cultura e vida nocturna por excelência. Mas é também suficientemente pequena para íntima, segura e fácil de percorrer.",5,0,0,0,0,0,0,0,0,0,0,0
16,584,Copenhaga.txt,"Já na Dinamarca, segue-se pela auto-estrada e por um pequeno troço de estrada nacional. Se quiser ir ao centro da cidade de Copenhaga, basta seguir as placas com a indicação København C.",370,0,0,0,0,0,0,0,0,0,0,0
14,582,Copenhaga.txt,"Partindo de Portugal, é preciso atravessar a Espanha, França e Alemanha, passando por Hamburgo, até Lübeck, à beira do Báltico. Atravessa-se a ilha do Fehmarn (direcção norte) até ao Puttgarden. Quando sopram ventos fortes, a ponte que cruza o estreito de Fehmarn está fechada às caravanas e aos camiões. A viagem de ferry desde Puttgarden até Rødby, na ilha de Laaland, dura 55 minutos.",320,0,0,0,0,0,0,0,1,0,0,1
11,580,Copenhaga.txt,"Há autocarros que partem regularmente de algumas cidades portuguesas em direcção a Copenhaga, fazendo a viagem via Paris ou Alemanha. Poderá obter informações a este respeito nas grandes empresas de autocarros ou em agências de viagens.",250,0,0,0,0,0,0,0,0,0,0,0
21,587,Copenhaga.txt,Este é um dos pontos da cidade que está mais na moda. As pessoas param aqui para beber uma cerveja depois do trabalho ou para jantar num dos seus inúmeros restaurantes com esplanada.,470,0,0,0,1,0,0,0,0,0,0,1
23,588,Copenhaga.txt,"Centenas de pessoas deslocam-se diariamente a este ex-libris mundialmente conhecido de Copenhaga. Pequena e delicada, encolhe-se sobre a sua pedra enquanto todos os seus visitantes tiram fotos junto a si.",517,0,0,0,0,0,0,0,0,0,0,0
47,614,Corumba.txt,"O prato tradicional daqui provém de Portugal: O Sarrabulho ou Sarravulho. É simples mas extremamente saborosa, preparada a base de miúdos de boi. Também tem forte influência indígena, com pratos a base de raízes, milho e palmito, e dos países vizinhos. Sopa de piranha também é um prato típico, além do refrigerante chamado Mate Chimarrão, a base de erva mate. Os preços dos restaurantes em Corumbá são baratos. Há opções de rodízios de pizzas e churrasco.",849,0,0,0,0,0,0,0,1,0,0,1
21,601,Corumba.txt,"Corumbá é uma cidade de tamanho médio (101 mil hab.), mas com distâncias que podem ser completadas tranquilamente sem necessidade de transporte próprio. Se você permanecer no centro de Corumbá, tudo poderá ser alcançado a pé, à exceção do Cristo que fica em um morro, o Morro do Cruzeiro. O ônibus para o Cristo deixa os passageiros ao pé da escadaria que conduz ao alto do monte, de onde se pode ter uma bela vista da cidade.",475,0,0,0,1,0,0,0,0,1,0,2
57,619,Corumba.txt,"As operadoras de telefone fixo que prestam serviço na cidade são a Brasil Telecom (14), Embratel (21) e GVT (23).",941,0,0,0,1,0,0,0,0,0,0,1
55,618,Corumba.txt,"O DDD de Corumbá é o 67, o mesmo para todo o MS.O prefixo é 3231,3232,3233,3234.",929,0,0,0,0,0,0,0,0,0,0,0
17,599,Corumba.txt,"A imigração brasileira fica na estação de ônibus, a cerca de 5 quarteirões do centro da cidade, você pode pegar um ônibus do centro em direção ao Cristo. A estação de ônibus é um edifício aberto grande ao lado de uma arena multiuso e do Estádio Artur Marinho. A imigração brasileira fica aberta apenas por cerca de 4 horas por dia e não é incomum obter o selo da imigração no dia seguinte à chegada a Corumbá. Por esta razão, se você estiver viajando de Corumbá para a Bolívia, é aconselhável obter seu selo de saída um dia antes de viajar.",384,0,0,0,1,0,0,0,0,0,0,1
65,623,Corumba.txt,"Dispõe de guarda municipal, delegacia da polícia federal, civil e militar. A cidade sofre por ficar na divisa com a bolívia, que é um país pobre. Em razão disso seus indices de violência são maiores do que deveriam ser, além de ser corredor do tráfico de drogas.",989,0,0,0,1,0,0,0,0,0,0,1
59,620,Corumba.txt,"E as de telefone móvel pela Claro, TIM, Vivo e Brasil Telecom.",951,0,0,0,0,0,0,0,0,0,0,0
9,595,Corumba.txt,"Em língua tupi-guarani, Corumbá significa terra de cascalho ou de calcário.",185,0,0,0,0,0,0,0,0,0,0,0
11,596,Corumba.txt,A fronteira é servida por táxis do lado boliviano. Um táxi da estação até a fronteira custa aproximadamente 5 bs (R$ 1) por pessoa e leva cerca de 5 minutos até a Bolívia. Prepare-se para dividir seu táxi com outros viajantes. Você pode pagar em Bolivianos ou em Reais em Puerto Quijarro mas é mais aconselhável usar Bolivianos porque tende a ser mais barato.,244,0,0,0,0,0,0,0,0,0,0,0
67,624,Corumba.txt,Seu cotidiano pode ser considerado tranquilo. O trânsito é considerado tranquilo.,1000,0,0,0,0,0,0,0,0,0,0,0
23,602,Corumba.txt,"Os bilhetes de ônibus pagos antecipadamente são vendidos por pessoas dentro ou fora das paradas de ônibus (essas pessoas não trabalham para as companhias de ônibus). Este é o método preferido de comprar bilhetes para o ônibus. Os bilhetes normalmente são no formato de moedas plásticas douradas, mas mais recentemente estão introduzindo os bilhetes de papel. Estes bilhetes podem também ser usados no lugar de dinheiro para compras em lojas pequenas. Verifique a taxa de câmbio primeiro. Se você precisar sair do centro, um método comum de transporte é o moto-táxi. Basta informar onde você quer ir e pagar de R$1,00 a 2,00 ao motoqueiro.",511,0,0,0,0,0,0,0,0,1,0,1
15,598,Corumba.txt,"O ônibus pode ser pago de duas maneiras: à vista no guichê ou comprando uma moeda plástica na cafeteria junto ao ônibus. Estas moedas de plástico custam em torno de R$1,50-2,00 e são válidas para uma viagem. Pagar em dinheiro no ônibus é provável que custe mais de R$3,00, mas o ônibus é de longe a maneira mais barata de chegar da Fronteira ao centro da cidade.",348,0,0,0,1,0,0,0,0,0,0,1
3,592,Corumba.txt,Corumbá  é uma cidade localizada em Mato Grosso do Sul.,9,0,0,0,1,0,0,0,0,0,0,1
45,613,Corumba.txt,"Você pode comprar algum artesanato local. Lembrando que fica muito próxima da fronteira com a Bolívia, havendo uma zona franca para produtos importados e artesanato boliviano.",829,0,0,0,0,0,0,0,0,0,0,0
63,622,Corumba.txt,"A cidade tem conexão de banda larga e pontos de acesso público. No entanto, a forma mais comum de acesso para os viajantes é nos próprios hotéis ou com preços normalmente mais em conta nos cybercafés e lan houses, casas de jogos em rede onde é possível utilizar a conexão de Internet para uso pessoal, conectar laptops, etc. Algumas lan houses:",975,0,0,0,1,0,0,0,0,1,0,2
19,600,Corumba.txt,"O trecho é operado pela viação Andorinha. Da rodoviária principal há ônibus diários para Campo Grande e São Paulo; estes são operados principalmente pela empresa Andorinha. De ônibus até Campo Grande leva-se 6 horas, para São Paulo são 21 horas, ao Rio de Janeiro leva 27 horas e para Brasília a viagem dura 20 horas. Tanto Corumbá quanto a cidade Boliviana de Puerto Suarez dispõem de aeroporto. O aeroporto de Corumbá é servido pela empresa TAM. Há uma linha de trem em Corumbá que transporta carga mas não passageiros.",454,1,0,0,0,0,0,0,0,0,0,1
61,621,Corumba.txt,"O uso de e-mail e Internet em Corumbá é bastante difundido e pode ser encontrado, com qualidade variável, mesmo em cidades não-turísticas de pequeno porte.",966,0,0,0,0,0,0,0,0,0,0,0
25,603,Corumba.txt,A região de Corumbá é atendida por duas empresas de ônibus: a Viação Canarinho e a Luan Transportes/Expresso Corumbá. Segue abaixo as 9 linhas e os itinerários de ônibus que atendem a região de Corumbá:,546,0,0,0,0,0,0,0,0,0,0,0
49,615,Corumba.txt,"A noite pode começar na Av. Marechal Rondon, repleta de bares, chopperias e restaurantes. Não deixe de parar nos mirantes para ver o reflexo da lua nas águas do Rio Paraguai.",877,0,0,0,0,0,0,0,0,0,0,0
5,593,Corumba.txt,"Situada às margens do Rio Paraguai, já foi o terceiro maior porto fluvial da América Latina, usado para escoar as riquezas da época. Hoje, com o Pantanal ocupando 60% de seu território, é considerada a Capital do Pantanal. Também é conhecida como Cidade Branca pela coloração de seu solo, rico em calcário.",78,1,0,0,0,0,0,0,0,0,0,1
13,597,Corumba.txt,"A imigração boliviana fica situada próxima á fronteira. A fronteira do lado brasileiro é servida por táxis, moto-táxis e ônibus. Um táxi do centro de Corumbá até a fronteira custa cerca de 25 reais (10 dólares). A frequência é por hora-- em maio 2006 estava partindo da Fronteira aos 45 minutos após a hora e aos 15 minutos após a hora para a Fronteira.",290,0,0,0,0,0,0,0,0,0,0,0
7,594,Corumba.txt,"Corumbá é a 3ª maior cidade do estado de Mato Grosso do Sul. É a cidade do estado que mais recebe turistas. Os seus habitantes são chamados de corumbaenses. Conserva prédios e casarios de influência européia, com suas histórias, costumes e tradições. É a porta de entrada para as famosa região do Pantanal e está localizada próxima à fronteira entre o Brasil, o Paraguai e a Bolívia.",138,0,0,0,1,0,0,0,0,0,0,1
33,640,Corvo.txt,"São poucos os restaurantes abertos regularmente na ilha, mas existem três:",681,0,0,0,0,0,0,0,0,0,0,0
31,639,Corvo.txt,"As lojas abrem às 09h00 e encerram às 18h00, com um intervalo para o almoço das 13h00 às 14h00 horas. Aos sábados, as lojas abrem apenas das 09h00 às 13h00 horas. Não há centros comerciais, a única alternativa é o comércio tradicional na vila.",661,0,0,0,0,0,0,0,0,0,0,0
35,641,Corvo.txt,Há apenas um bar na ilha; é fácil de encontrar. Existe também o snack-bar dos bombeiros.,720,0,0,0,0,0,0,0,0,0,0,0
5,626,Corvo.txt,"Tanto esta ilha como a ilha das Flores (Açores)|Flores foi descoberta em 1452 por Diogo de Teive. No entanto, a primeira tentativa de colonização da ilha foi em 1508. Apesar disso, apenas com os escravos de Gonçalo de Sousa se deu a colonização da ilha, que foram os primeiros habitantes definitivos da ilha.",80,0,0,0,0,0,0,0,0,0,0,0
40,644,Corvo.txt,A ilha só possui uma escola básica.,776,0,0,0,0,0,0,0,0,0,0,0
46,647,Corvo.txt,A Estação de Correios do Corvo situa-se no Largo do Ribeirão (tel.:292596110). A internet é grátis na ilha.,841,0,0,0,0,0,0,0,0,0,0,0
42,645,Corvo.txt,Corvo é muito seguro: a gente é simpática e hospitaleira e o crime é baixo ou nulo.,798,0,0,0,0,0,0,0,0,0,0,0
29,638,Corvo.txt,Os queijos regionais são tradicionais da ilha. Os produtos característicos do artesanato da ilha inclui:,612,0,0,0,0,0,0,0,0,0,0,0
48,648,Corvo.txt,"Pode visitar outras ilhas dos Açores (como as Flores (Açores)|Flores ou as ilhas dos Grupos Grupo Central|Central e Grupo Oriental|Oriental), ou da Madeira (Ilha da Madeira e Ilha de Porto Santo).",863,0,0,0,0,1,0,0,0,0,0,1
44,646,Corvo.txt,"A ilha tem um centro de saúde, e não tem nenhum hospital.",826,0,0,0,0,0,0,0,0,0,0,0
38,643,Corvo.txt,"Alternativamente, pode ficar em casas particulares, como as de:",747,0,0,0,0,0,0,0,0,0,0,0
21,634,Corvo.txt,"Sendo uma ilha e um dos locais mais isolados do país, só é possível chegar à ilha por avião ou barco.",480,0,0,0,0,0,0,0,0,0,0,0
17,632,Corvo.txt,"A única povoação da ilha é a Vila do Corvo. É tida como o local habitado mais isolado de Portugal. Entre as poucas atracções da vila encontram-se a Igreja de Nossa Senhora dos Milagres (século XVIII), no Largo do Outeiro.",415,0,0,0,0,1,0,0,1,0,0,2
23,635,Corvo.txt,Não existem táxis nem nenhum tipo de transporte público rodoviário na ilha.,510,0,0,0,0,0,0,0,0,0,0,0
7,627,Corvo.txt,"Em 1587, corsários ingleses saquearam e queimaram a ilha, tendo já feito o mesmo em Lajes das Flores. Em 1632 existiram duas tentativas de desembarque por piratas argelinos. Em 1674 foi criada a paróquia do Corvo, sendo, até aí, a ilha visitada por um padre das Flores. Desde o século XVIII, com as chegadas dos baleeiros norte-americanos, começou uma rota de emigração para a América do Norte.",135,0,0,0,0,0,0,0,0,0,0,0
27,637,Corvo.txt,"Em toda a ilha se fala português, embora o sotaque açoriano possa ser um pouco difícil de entender.",588,0,0,0,0,0,0,0,0,0,0,0
15,631,Corvo.txt,"Possui um clima temperado no Verão e um clima húmido e chuvoso no Inverno, com temperaturas variando entre 14ºC e 20ºC. A melhor época para visitar a ilha é o Verão.",342,0,0,0,0,0,0,0,0,0,0,0
3,625,Corvo.txt,O Corvo  é uma ilha açores|açoriana do Grupo Ocidental.,11,0,0,0,0,0,0,0,0,0,0,0
11,629,Corvo.txt,"Em 20 de Junho de 1832, D. Pedro IV elevou a povoação da ilha a vila. Hoje em dia é feriado municipal. A ilha foi visitada por Alberto I do Mónaco, que recolheu várias fotos de interesse, actualmente no Museu Oceanográfico do Mónaco. Foi também visitada em 1924 por Raul Brandão, que com Ilhas Desconhecidas contribuiu para a mitificação das vivências dos habitantes do Corvo, criando a imagem de república comunitária que ainda permanece.",249,0,0,0,0,0,1,0,0,0,0,1
13,630,Corvo.txt,"A emigração acentua-se no século XIX e, apesar do interregno entre 1925 e 1955, continuou até 1980.",295,0,0,0,0,0,0,0,0,0,0,0
9,628,Corvo.txt,"Foi Mouzinho da Silveira, impressionado pela quase escravidão em que vivia o povo do Corvo, obrigado a comer pão de junça para poder pagar o imposto, que propôs a redução em 50% da quantidade de trigo a pagar e anulou o imposto em dinheiro.",189,0,0,0,0,0,0,0,0,0,0,0
25,636,Corvo.txt,"As estradas existentes são poucas e só oferece transporte desde a Vila do Corvo até ao Aeroporto e até ao Caldeirão (ver secção #Outros destinos|Outros Destinos). Existe uma outra estrada que, basicamente, não vai dar a lado nenhum, mas que tem belas vistas.",561,0,0,0,0,0,0,0,0,0,0,0
23,667,Costa_Rica.txt,| mapa=Costa Rica regions map.png,507,0,0,0,0,0,0,0,0,0,0,0
6,652,Costa_Rica.txt,| capital=San José (Costa Rica)|San José,112,0,0,0,0,0,0,0,0,0,0,0
59,695,Costa_Rica.txt,Turistas Brasileiros não precisam de visto para ficar até 90 dias no país.,954,0,0,0,0,0,0,0,0,0,0,0
77,704,Costa_Rica.txt,Bastante seguro. Evitar apenas deixar os carros estacionados com malas ou objectos à vista.,1045,0,0,0,0,0,0,0,0,0,0,0
61,696,Costa_Rica.txt,"A maneira mais fácil de chegar ao país é pela Copa, via Cidade do Panamá, com duas saídas diárias de São Paulo. A Taca também faz o percurso com escalas/conexões, principalmente em Lima. O Aeroporto Juan Santamaría (SJO) cobra taxa de embarque de US$ 26 na volta, pagos em espécie.",964,1,0,0,0,0,0,0,0,0,0,1
47,686,Costa_Rica.txt,| região5nome=Zona Norte (Costa Rica)|Zona Norte,856,0,0,0,0,0,0,0,0,0,0,0
27,670,Costa_Rica.txt,| região1nome=Vale Central (Costa Rica)|Vale Central,592,0,0,0,0,0,0,0,0,0,0,0
12,658,Costa_Rica.txt,| religião=católico romano 76.3%,272,0,0,0,0,0,0,0,0,0,0,0
11,657,Costa_Rica.txt,| idioma=Guia de conversação espanhol|espanhol,237,0,0,0,0,0,0,0,0,0,0,0
63,697,Costa_Rica.txt,"A partir de Bocas del Toro, no Panamá, e de San Carlos, na Nicarágua.",978,0,0,0,0,0,0,0,0,0,0,0
75,703,Costa_Rica.txt,"Aproveite os Lodges... Sinta-se em plena selva, onde os animais podem e devem ser o seu despertador!",1035,0,0,0,0,0,0,0,0,1,0,1
73,702,Costa_Rica.txt,A gastronomia é muito boa. Aconselho os peixes e mariscos!,1031,0,0,0,0,0,0,0,0,0,0,0
65,698,Costa_Rica.txt,"Pela rodovia Panomericana, tanto a partir do Panamá como da Nicarágua.",990,0,0,0,0,0,0,0,0,0,0,0
67,699,Costa_Rica.txt,"Linhas regulares de outros países da América Central: Panamá, Nicarágua, Guatemala, El Salvador e Honduras",1002,0,0,0,0,0,0,0,1,0,0,1
7,653,Costa_Rica.txt,| governo=república democrática,134,0,0,0,0,0,0,0,0,0,0,0
69,700,Costa_Rica.txt,... com o povo nativo! Deixe-se encantar pela simpatia e pela felicidade de um povo que sabe acolhê-lo de uma forma simples e ternurenta.,1013,0,0,0,0,0,0,0,1,0,0,1
18,664,Costa_Rica.txt,A Costa Rica é um país da América Central.,423,0,0,0,0,0,0,0,0,0,0,0
30,673,Costa_Rica.txt,"| região1descrição=O centro do país, com a capital, San José (Costa Rica)|San José.",633,1,0,0,0,0,0,0,0,0,0,1
20,665,Costa_Rica.txt,"A história da Costa Rica baseia-se em dois planos sem grandes conflitos entre eles: a cultura pré-colombiana antes da colonização e o após com a cultura Espanhola que caraterizava a região. Após a Era Colonial, Costa Rica desenvolveu um sistema democrático que lhe permite uma estabilidade económica e uma neutralidade na região e que para isso foi essencial, o que nenhum outro país no mundo conseguiu; abolição de forças armadas,e que até aos tempos de hoje segue com a sua harmoniosa identidade.",463,0,0,0,0,0,0,0,0,0,0,0
52,690,Costa_Rica.txt,| região6nome=Sul Pacífico (Costa Rica)|Sul Pacífico,900,0,0,0,0,0,0,0,0,0,0,0
24,668,Costa_Rica.txt,| mapatexto=Map Showing regiãos,538,0,0,0,0,0,0,0,0,0,0,0
4,650,Costa_Rica.txt,| localização=File:LocationCostaRica.png|250px,55,0,0,0,0,0,0,0,0,0,0,0
42,682,Costa_Rica.txt,| região4nome=Limón (Costa Rica)|Limón,802,1,0,0,0,0,0,0,0,0,0,1
79,705,Costa_Rica.txt,A higiene dos WC públicos é fantástica. Quem dera a muitos países europeus funcionarem assim.,1053,0,0,0,0,0,0,0,0,0,0,0
5,651,Costa_Rica.txt,| bandeira=File:Flag of Costa Rica.svg|100px,58,0,0,0,0,0,0,0,0,0,0,0
50,689,Costa_Rica.txt,"| região5descrição=Região montanhosa e bonita, mais famosa pelo seu vulcão ativo, Arenal.",886,0,0,0,0,0,0,0,0,0,0,0
7,709,Cotia.txt,"Há muitos ônibus diários interurbanos que podem ser pegos no distrito de Pinheiros, em São Paulo.",137,0,0,0,0,0,0,0,0,0,0,0
21,716,Cotia.txt,"Caucaia do Alto é o último distrito avistado para quem vem pela Raposo Tavares, já que este não fica na estrada. Você deve deixar a rodovia antes de seguir para Vargem Grande Paulista e pegar estradas secundárias. É o maior dos distritos, muito em parte pela Reserva do Morro Grande, uma grande área de preservação da Mata Atlântica.",474,0,0,1,0,0,0,0,0,0,0,1
19,715,Cotia.txt,"O centro de Cotia é localizado entre Granja Viana e Caucaia do Alto, começando no km 29 da Raposo Tavares e indo até o km 40, na divisa com Vargem Grande Paulista.",434,0,0,1,0,0,0,0,0,0,0,1
17,714,Cotia.txt,"O distrito de Granja Viana é um dos 3 distritos que formam a cidade de Cotia e é o primeiro a ser avistado vindo de São Paulo pela Raposo Tavares. O distrito é cheio de habitantes classe média e alta, com condomínios, restaurantes, shopping centers, parques e outras atrações voltadas para quem tem uma renda um pouco mais elevada.",400,0,0,1,0,0,0,0,0,0,0,1
13,712,Cotia.txt,"Como mencionado acima, a rodovia Raposo Tavares é a estrada principal cruzando as ruas da cidade e é bem servida por numerosas linhas de ônibus, mas elas podem estar lotadas ou paradas no congestionamento constantemente.",297,1,0,0,1,0,0,0,0,0,0,2
25,718,Cotia.txt,"| endereço=Rua Paulo Jacinto, 30, Jardim São Vicente | lat=-23.60176 | long=-46.85782 |",555,0,0,0,0,0,0,0,0,0,0,0
11,711,Cotia.txt,"Cotia é cortada pela Rodovia Raposo Tavares (SP 270), que serve como conexão de várias cidades do interior paulista com São Paulo. Também é possível chegar em Cotia pelas rodovias Castelo Branco e Regis Bittencourt, mas você precisará passar pelo Rodoanel e eventualmente pela Raposo Tavares. A Raposo Tavares sempre está congestionada na hora do rush, então é melhor evitar pegá-la nesse período.",226,0,0,1,0,0,0,0,0,0,0,1
15,713,Cotia.txt,"O centro da cidade pode se percorrido à pé sem causar nenhum cansaço alarmante. Os distritos de Granja Viana e Caucaia do Alto estão mais longes da cidade e você pode precisar de um carro para visitá-los. A maioria das linhas de ônibus são interurbanas, afastando um pouco a ideia de circular dentro de Cotia e, por ser interurbano, o preço da passagem do ônibus é bem mais caro.",361,0,0,1,1,0,0,0,0,0,0,2
3,707,Cotia.txt,Cotia é uma cidade da Grande São Paulo|Região Metropolitana de São Paulo,20,0,0,1,1,0,0,0,0,0,0,2
7,723,Crato.txt,"POR VIA AÉREA, através do Aeroporto Regional do Cariri, no vizinho município de Juazeiro do Norte/CE pelas empresas aéreas OCEANAIR, PASSAREDO, AZUL e GOL, provenientes de Fortaleza/CE, Recife/PE, Brasília/DF e São Paulo/SP.",128,1,0,0,0,0,0,0,0,0,0,1
13,726,Crato.txt,"Existe um sistema de trem que vai até a vizinha cidade de juazeiro do norte. Conhecido por metro do cariri, com quatro estações no crato.",298,0,0,0,1,0,0,0,0,0,0,1
25,732,Crato.txt,"O prédio onde fica o Seminário São José, a cruz do século, bem como a antiga estação ferroviária, que hoje funciona o centro cultural do araripe.",556,0,0,0,0,0,0,0,0,1,0,1
15,727,Crato.txt,"Uma empresa regular de ônibus serve a cidade, TRANSFREIRE, cobrindo alguns bairros, sendo que os demais coberto por vans e mototáxis.",352,0,0,0,1,0,0,0,0,0,0,1
29,734,Crato.txt,Igreja da Sé e a praça do mesmo nome.,611,0,0,0,0,0,0,0,0,0,0,0
19,729,Crato.txt,"Várias empresas de ônibus atuam na cidade ligando às principais cidades do país: VIAÇÃO PERNAMBUCANA (BA e PE); VIAÇÃO ITAMPEMIRIM (RJ e SP); EXPRESSO GUANABARA (maiorias cidades do Ceará e PB); VIAÇÃO GONTIJO (MG, RJ, SP, RN e MA); VIAÇÃO PROGRESSO (PI, PE e AL); VIAÇÃO PRINCESA DO AGRESTE (PE).",441,0,0,0,1,0,0,0,0,0,0,1
31,735,Crato.txt,Há na cidade uma diversidade de lojas que vendem de tudo. Grandes cadeias até pequenos bazares. Lojas de artesanato são muito procuradas por turistas.,654,0,0,0,1,0,0,0,0,0,0,1
21,730,Crato.txt,"Os táxis ainda não são padronizados, tendo apenas uma pequena placa luminosa em cima do capô. Combine com o motorista o valor da viagem e se possível pechinche, o valor médio para alguns lugares da cidade fica em torno de R$ 8,00 (US$ 14,80).",471,0,0,0,1,0,0,0,0,0,0,1
33,736,Crato.txt,"Não há grandes restaurantes, mas exitem alguns que oferencem pratos sofisticados, porém os mais populares vendem comida regional, muito procurado pelos visitantes.",685,0,0,0,0,0,0,0,0,0,0,0
9,724,Crato.txt,"A cidade tem uma topografia irregular com muitos altos e baixos, o centro da cidade é bem traçado, em forma de xadrez, de fácil circulação.",192,0,0,0,1,0,0,0,0,0,0,1
35,737,Crato.txt,"Restaurante Tupinambá, funcionando 24h por dia de seg/sex, detalhe: não existe porta. Desde sua criação o estabelecimento nunca fechou.",716,0,0,0,0,0,0,0,0,0,0,0
27,733,Crato.txt,"Visite também os clubes serranos, Granjeiro, AABEC, Itaytera, Serrano, Balneário da Nascente.",595,0,0,0,0,0,0,0,0,0,0,0
17,728,Crato.txt,Tem um terminal rodoviário onde saem ônibus para as principais cidades do país.,407,0,0,0,0,0,0,0,0,1,0,1
11,725,Crato.txt,"Possui um transporte público muito deficitário, sendo coberto alguns bairros com transporte coletivo precário, não tendo uma boa cobertura.",232,0,0,0,0,0,0,0,0,0,0,0
37,738,Crato.txt,"Restaurante dos hoteis Passárgada e Encosta da Serra, com ótimos cardápios e uma vista exuberante da serra do Araripe.",739,0,0,0,0,0,0,0,0,0,0,0
23,731,Crato.txt,"Algumas construções da cidade merecem ser visitadas, como o museu histórico, o museu de fósseis e o museu de artes, os três funcionando em prédios antigos.",526,0,0,0,1,0,0,0,0,0,0,1
39,739,Crato.txt,"Além de outros, como Central da Picanha, Só Baião.",759,0,0,0,0,0,0,0,0,0,0,0
5,722,Crato.txt,"POR TERRA, via CEs 055, 213, 292, 293 e BR-122;",61,0,0,0,0,0,0,0,0,0,0,0
16,747,Cristalina.txt,"O transporte rodoviário intermunicipal e interestadual se faz a partir do Terminal Rodoviário Municipal, situado à margem da BR-050, e conta com diversas empresas que prestam o serviço de transporte rodoviário de passageiros, tais como:",367,0,0,0,0,0,0,0,0,0,0,0
18,748,Cristalina.txt,"Cristalina situa-se num importante entroncamento rodoviário brasileiro: a BR-040, que liga Brasília a Belo Horizonte e o Rio de Janeiro, com a BR-050, que liga Cristalina a Catalão, o Triângulo Mineiro e São Paulo. O município é cortado também pela BR-251, que liga Brasília a Unaí, e pela GO-436, que liga Cristalina a Brasília.",427,1,0,1,0,0,1,0,0,0,0,3
12,745,Cristalina.txt,"Em 15 de janeiro de 1917, foi oficialmente instalado o Município de São Sebastião dos Cristais, com um grande número de pessoas vindas da cidade de Paracatu.",263,0,0,0,0,0,0,0,0,0,0,0
3,740,Cristalina.txt,Cristalina é um município brasileiro do estado de Goiás.  Sua população é de 49.326 habitantes. A cidade fica 288 km de Goiânia e 120 km de Brasília. A sede do município está a 1.189 metros de altitude em relação ao nível do mar. Tem a fama de capital brasileira do cristal de quartzo.,15,1,0,0,1,0,0,0,0,0,0,2
14,746,Cristalina.txt,"Em 31 de Março de 1918, pela Lei Estadual nº 577, o nome São Sebastião dos Cristais foi mudado para Cristalina, sendo este último conservado até hoje.",322,0,0,0,0,0,0,0,0,0,0,0
5,741,Cristalina.txt,"Inicia-se no ano de 1592, vagas notícias falam que Sebastião Marinho levou para o Rio de Janeiro cristais de Goiás, acredita-se que eram de Cristalina.",64,0,0,0,0,0,0,0,0,0,0,0
22,750,Cristalina.txt,"As principais lojas de lapidação de cristais estão localizadas no centro da cidade, principalmente nas ruas da Saudade, 21 de Abril e Otaviano de Paiva, na praça José Adamian e na Estação Rodoviária Municipal.",493,0,0,0,1,0,0,0,0,0,0,1
9,743,Cristalina.txt,"Durante muito tempo a região da Serra dos Cristais ficou esquecida, só no ano de 1879, dois franceses: Etiene Lepesqueur e Leon Laboissière, vindos da cidade vizinha de Peixe Bom, hoje Paracatu, onde comercializavam ouro, enviaram amostras de cristais para Paris na França, onde foram vendidas por bom preço.",177,0,0,0,0,1,0,0,0,1,0,2
11,744,Cristalina.txt,"Devido a sua pureza e qualidade, os cristais foram transformados em instrumentos de ótica e em belíssimas peças de artesanato, tendo ido enfeitar as casas da burguesia francesa, trazendo a promessa de grandes lucros.",241,0,0,0,0,0,0,0,0,0,0,0
7,742,Cristalina.txt,"Por volta do século XVIII, no auge da expansão da mineração pelo interior da Capitania de Goiás, que na época pertencia ao Estado de São Paulo, as bandeiras vindos da capital Paulista chegaram a uma grande serra onde encontraram imensa quantidade de cristais de rocha de todos os tipos e tamanhos espalhados pelo chão. Devido a grande quantidade do minério, deram à região o nome de Serra dos Cristais. Porém, naquela época, o intuito principal das bandeiras era encontrar ouro, não dando importância ao cristal encontrado na região.",150,0,0,0,0,0,0,0,0,1,0,1
20,749,Cristalina.txt,"Cristalina não conta com transporte público coletivo intra-municipal, sendo este suprido por táxis e moto-táxis.",457,0,0,0,0,0,0,0,0,0,0,0
35,775,Cuba.txt,O bar cubano é um dos mais ricos do Caribe. Se você é fã do escritor americano Ernest Hemingway pode desfrutar de um excelente Mojito em La Bodeguita del Medio e um daiquiri na Floridita.,709,0,0,0,0,0,0,0,0,0,0,0
27,770,Cuba.txt,"Sempre que parar um Taxi, acerte o valor antes para onde deseja ir,e peça descontos, pois o Dinheiro CUC que você esta pagando ao taxista, vale 24x mais que o dinheiro que circula entre os habitantes cubanos. rc",583,0,0,0,0,0,0,0,0,1,0,1
37,776,Cuba.txt,"Rum Havana Club é uma das insígnias de Cuba, a partir de 3 anos Añejo para o clássico de sete anos. Um dos bebedores de bebida apreciada por cubanos e estrangeiros. Há outras bebidas que são muito boas e gosto de muitos visitantes estrangeiros, como Ron Santiago, Pinar del Guayabita, Arecha.",734,0,0,0,0,0,0,0,1,0,0,1
5,753,Cuba.txt,| bandeira=File:Flag of Cuba.svg|100px,70,0,0,0,0,0,0,0,0,0,0,0
13,761,Cuba.txt,"| electricidade=110/220V, várias tomadas",303,0,0,0,0,0,0,0,0,0,0,0
8,756,Cuba.txt,| moeda=Peso cubano (CUP) e peso conversível (CUC),167,0,0,0,0,0,0,0,0,0,0,0
45,780,Cuba.txt,"Teatros que apresentam os mais importantes eventos de música e dança: Teatro Garcia Lorca, Mella, Karl Marx.",838,0,0,0,0,0,1,0,0,0,0,1
43,779,Cuba.txt,"É possível encontrar boate Tropicana, em Havana, Matanzas e Santiago de Cuba. Em Havana encontramos La Casa de la Musica Miramar e Centro Habana, Complexo Cultural Dos Gardenias, Cabaret Parisien e Capri.El Red Room of One Eye Jack, canto de sentimento, e Fox e o Crow ideal para os amantes do jazz.",813,1,0,0,0,0,0,0,1,0,0,2
30,772,Cuba.txt,Para adquirir o chavito pode fazer a mudança a todos os bancos os CADECA ( Processos de Mudança ):,632,0,0,0,0,0,0,0,0,0,0,0
23,768,Cuba.txt,"A partir do Brasil, pode-se chegar pelas empresas:",515,1,0,0,0,0,0,0,0,0,0,1
29,771,Cuba.txt,"Na ilha você pode comprar basicamente duas moedas, o peso cubano e moeda livremente conversível, popularmente conhecida pelos cubanos como Chavit ou CUC. Nos estabelecimentos estrangeiros pode pagar com chavito, mas não peso cubano. Estas moedas têm uma taxa de câmbio interno se um chavito = 25 pesos.",624,0,0,0,0,0,0,0,0,0,0,0
31,773,Cuba.txt,"Se você desejar pagar com cartão de crédito, débito ou crédito é aplicado 11% a mais, mas porque não o imposto é cobrado em dólares, não CUC. A troca de dinheiro ou pagamentos com cartão de crédito é equivalente.",643,0,0,0,0,0,0,0,0,0,0,0
11,759,Cuba.txt,| idioma=Guia de conversação espanhol|Espanhol,243,0,0,0,0,0,0,0,0,0,0,0
25,769,Cuba.txt,"Em Cuba, principalmente na capital Havana, os Taxistas são muito comuns. Existem os Famosos CocoTaxi, que por preços bem acessíveis, te levam a qualquer lugar. Na Capital é possível encontrar desde Taxi Mercedes-Benz novo como um Buick 1950 rodando, muitos com o painel do Peugeot 206 e Motor da Nissan, devido ao regime do país, as adaptações são o que mais acontece.",550,1,0,0,0,0,0,0,1,0,0,2
39,777,Cuba.txt,"O cubano gosta de beber rum, cerveja, coquetéis isso, se você gostaria de compartilhar com um bom rum como um intermediário, não há um centro de entretenimento em casa particular ou a bebida não é uma das principais ofertas.",763,0,0,0,0,0,0,0,0,0,0,0
21,767,Cuba.txt,"A República de Cuba é um país insular americano localizado no norte do Mar do Caribe. Os territórios mais próximos são as Bahamas, a nordeste, o Haiti, a sudeste, os Estados Unidos da América, a norte, a colónia britânica das Ilhas Caymans, a sul, a Jamaica também a sul, e o território norte americano de Navassa, ainda a sul. A sua capital é Havana",482,0,0,0,0,0,0,0,1,0,0,1
41,778,Cuba.txt,"Em Cuba, os resultados são mistos. Do mais caro que encontramos foram nas casas noturnas, mas o teatro, cinema e outras atividades culturais podem desfrutar, a preços acessíveis.",787,0,0,0,0,0,0,0,1,0,0,1
33,774,Cuba.txt,"A comida Cubana baseia-se na excelente qualidade em frutas e verduras a um preço acessível para todos os viajantes. Certifique-se de começar o dia com sucos naturais que serão oferecidos em restaurantes, casas ou dos vendedores de rua, e ter a oportunidade de conhecer mil maneiras de cozinhar a mandioca, banana, etc. Igualmente interessante é a contribuição para a dieta diária de arroz e feijão, que servirá como um acompanhamento de quase tudo, em qualquer local. No entanto, a qualidade da carne e peixe é bastante diferente. Peixes, crustáceos e moluscos de água quente e seu sabor e textura sempre deixa muito a desejar. Cubanos são completados com grandes doses de imaginação quando cozinhar molhos diferentes. Praticamente o mesmo vale para a carne, cuja qualidade não é ruim, mas é muito difícil encontrar. Na maioria das vezes a sua dieta é de frango ou de porco. O viajante pode comer em hotéis, restaurantes e casas, chamadas de paladares. É mais barato comer em Cuba. Em Havana terá a oportunidade de experimentar uma pizza, comida oriental, doces. Nesse caso, você ainda pode encontrar lugares baratos, embora muito simples, e freqüentado por cubanos. Se o visitante  tem planos de viajar em toda a ilha, não hesite em aceitar os pequenos-almoços e jantares serão oferecidos em casas particulares onde está hospedado.",676,0,0,0,0,0,0,0,1,1,0,2
12,760,Cuba.txt,| religião=85% católicos (est.),266,0,0,0,0,0,0,0,0,0,0,0
4,752,Cuba.txt,| localização=File:LocationCuba.png,53,0,0,0,0,0,0,0,0,0,0,0
5,783,Cubatao.txt,"Historicamente, Cubatão sempre teve um papel de destaque no cenário da Baixada Santista, do Estado de São Paulo e do Brasil. Localizada no sopé da Serra do Mar, de onde jesuítas, comerciantes, tropeiros, autoridades do reino tomavam fôlego para chegar ao Planalto, tornou-se essencialmente um lugar de passagem. Primeiro pelo caminho das águas, depois, através do Vale do Rio Perequê, o chamado Caminho do Padre e finalmente, pela Calçada do Lorena. O Porto Geral de Cubatão teve a sua origem na primeira metade do século XVIII. Ao seu lado, desenvolveu-se um povoado, por muito tempo conhecido por essa denominação. Em 1833, esse povoado foi elevado à categoria de município; em 1841, anexado ao Município de Santos e em 1949 aconteceu a emancipação político-administrativa.",68,1,0,1,0,0,0,0,0,0,0,2
81,836,Cubatao.txt,| menord1=São Bernardo do Campo,1056,0,0,0,0,0,0,0,0,0,0,0
38,801,Cubatao.txt,"A gastronomia de Cubatão é resultado de três importantes componentes: a banana, principal atividade econômica do período pré-industrial da cidade; os frutos do mar, principalmente os peixes e crustáceos dos manguezais da região e a culinária nordestina, dada a forte migração em meados do século XX. O prato típico da cidade é o caiçara Azul Marinho, uma espécie de moqueca de peixe e banana verde, servido principalmente na Festa da Banana. Outras comidas típicas da região são a caranguejada e a carne seca.",751,0,0,0,1,0,0,0,0,0,0,1
9,785,Cubatao.txt,"Com um grande parque industrial, Cubatão enfrentou no passado a ameaça constante da poluição. Na década de 1980, foi considerada pela ONU como a cidade mais poluída do mundo. Contudo, com a união de indústrias, comunidade e governo, a cidade conseguiu controlar 98% do nível de poluentes no ar. Por isso, em 1992 recebeu da ONU o título de Cidade-símbolo da Recuperação Ambiental.",193,0,0,1,1,0,0,0,0,0,0,2
12,787,Cubatao.txt,"O aeroporto mais próximo em operação é o Aeroporto de Congonhas, em São Paulo, o qual dista cerca de 60 km do centro de Cubatão.",273,1,0,1,0,0,0,0,0,0,0,2
71,826,Cubatao.txt,| menord1=São Bernardo do Campo,1022,0,0,0,0,0,0,0,0,0,0,0
11,786,Cubatao.txt,"Não há aeroportos na cidade. Existem projetos de transformar a Base Aérea, localizada em Vicente de Carvalho, município de Guarujá, no Aeroporto Civil Metropolitano.&lt;br&gt;",236,0,0,0,1,0,0,0,0,0,0,1
16,789,Cubatao.txt,"As ferrovias da cidade hoje destinam-se exclusivamente ao transporte de cargas. Há projetos de reativar a histórica linha da São Paulo Railway no trajeto turístico denominado Trem do Imigrante, que ligaria as estações da Luz, em São Paulo à estação do Valongo, em Santos, passando por Cubatão.",382,1,0,1,0,0,0,0,0,0,0,2
24,793,Cubatao.txt,"O sistema de ônibus é baseado em um traçado radial, com ônibus percorrendo linhas Centro-bairro-centro, em modo circular. Para se chegar de um bairro a outro, deve-se obrigatoriamente tomar dois ônibus. Porém, em tais casos, pode-se pedir por um bilhete de integração, o qual pode ser usado uma única vez, e sempre no mesmo sentido de circulação.",539,0,0,0,0,0,0,0,0,0,0,0
7,784,Cubatao.txt,"Grandes edificações como a Via Anchieta – e posteriormente as pistas da Rodovia dos Imigrantes, Refinaria Presidente Bernardes, Companhia Siderúrgica Paulista (antiga COSIPA, hoje USIMINAS), além da Companhia Santista de Papel e Usina Light tornaram Cubatão um grande centro de tráfego de veículos de passeio e de carga, sendo considerado até hoje um dos maiores polos petroquímicos da América Latina.",121,1,0,0,0,0,0,0,0,0,0,1
18,790,Cubatao.txt,"As opções para descer a serra de carro a partir de São Paulo são duas: a Rodovia Anchieta (usada também por ônibus e caminhões, inclusive bi-trens) e a Rodovia dos Imigrantes (exclusiva para veículos de passeio, na descida). São consideradas as melhores estradas da América Latina, com excelente nível de conservação e também as com pedágios mais caros do país (R$ 22,00), pagos apenas para a descida (motos não pagam). Deve-se notar o regime de operação das vias, pois em casos especiais elas podem ser fechadas ou seu tráfego pode ser revertido. Entre em contato com a Ecovias, operadora do sistema Anchieta-Imigrantes. .",421,1,0,0,0,0,0,0,0,0,0,1
22,792,Cubatao.txt,"Os bairros da cidade são separados uns dos outros, sendo a cidade inteira conectada por rodovias. As principais vias de circulação do bairro são:",497,0,0,0,1,0,0,0,0,0,0,1
20,791,Cubatao.txt,"A partir de São Paulo (cidade)|São Paulo, as viagens de ônibus têm início no Terminal Rodoviário do Jabaquara, num trajeto de aproximadamente 45 minutos até o Terminal Rodoviário de Cubatão. Há atualmente uma companhia que faz o percurso, e as saídas tem intervalo de uma hora.",461,1,0,1,0,0,0,0,0,0,0,2
28,795,Cubatao.txt,"Os barcos turísticos que percorrem os meandros dos rios em meio aos manguezais da região são uma atração imperdível ao se visitar Cubatão. Sua fauna encanta turistas brasileiros e estrangeiros, muitos dos quais aficionados pelo bird watching. O guará (Endocimus ruber) é a ave-símbolo do município e sua população, desaparecida na década de 1980, pela poluição do seu habitat, hoje está em franco crescimento.",606,0,0,1,0,0,0,0,0,0,0,1
52,808,Cubatao.txt,"Seus principais jornais são O Povo de Cubatão, www.povodecubatao.com.br e o Jornal Acontece, www.acontecedigital.com.br.",897,0,0,1,0,0,0,0,0,0,0,1
3,782,Cubatao.txt,"Cubatão é um município da Baixada Santista, no estado de São Paulo (estado)|São Paulo, a 58 km da São Paulo|capital e considerada hoje símbolo mundial de recuperação ambiental pelas Nações Unidas. Seu polo industrial, o primeiro do país, dá suporte a muitas atividades educacionais, apresentando-se como exemplo de que é possível conciliar um perfil industrial com o turismo. O Parque Estadual da Serra do Mar é um grande atrativo para ecoturistas, como praticantes do bird watching, ciclistas de montanha e caminhantes. As cachoeiras de Cubatão são reconhecidas regionalmente por sua beleza e grande dimensão.",40,0,0,0,0,0,0,0,0,0,0,0
50,807,Cubatao.txt,"Cubatão conta com um quarteirão da saúde, no centro da cidade, que abriga o Hospital Municipal (Hospital Modelo), a Policlínica Infantil, o Centro de Saúde da Mulher e o Pronto Socorro Guiomar F. Roebellen. Atualmente, as instalações estão sendo remodeladas, porém o atendimento no Hospital Municipal opera normalmente.",889,0,0,0,1,0,0,0,0,0,0,1
26,794,Cubatao.txt,"Cubatão é um município com grande potencial turístico que ganhou força principalmente após as ações de recuperação ambiental implementadas. A Cidade tem um manguezal com biodiversidade semelhante à do Pantanal, ainda pouco divulgado e explorado para o turismo. Além disso, Cubatão é envolta por um grande cinturão verde: os Parques como o Cotia-Pará, o do Perequê e o da Serra do Mar possuem projeção nacional e são ideais para atividades ecoturísticas, como o bird-watching.",575,0,0,1,0,0,0,0,0,0,0,1
48,806,Cubatao.txt,O DDD de Cubatão (e de toda Baixada Santista) é (13).,869,0,0,0,0,0,0,0,0,0,0,0
14,788,Cubatao.txt,O terminal de passageiros mais próximo localiza-se no porto de Santos,326,0,0,0,0,0,0,0,0,0,0,0
36,800,Cubatao.txt,"Cubatão não conta com shopping centers no momento, mas há planos para a construção de um.",724,0,0,1,0,0,0,0,0,0,0,1
34,799,Cubatao.txt,"A avenida comercial da cidade é a Avenida Nove de Abril, que conta com lojas populares, lojas de presentes e lembranças, lojas de roupas e eletrodomésticos, além de concentrar grande parte dos restaurantes e lanchonetes da cidade.",702,0,0,0,1,0,0,0,0,0,0,1
7,850,Juneau.txt,"Juneau, apesar de localizar no Sudeste do Alasca, tem uma temperatura baixíssima, com uma temperatura anual inferior á 5°C. No verão ela pode atingir 15°C, com muitas nuvens e que chove muito, principalmente em agosto e setembro. A temperatura máxima no verão registrada na história de Juneau foi 32°C, em julho de 1975, já a mínima foi em julho de 1895, com -8°C. No inverno a temperatura é menor que 0°C, chove bem mais que no verão, pois a massa de ar frio vem trazendo nuvens carregadas. A temperatura mínima registrada no inverno foi em janeiro de 1973, com -30°C, a máxima atingiu os 16°C também em janeiro.",117,0,1,0,0,0,0,0,0,0,0,1
21,857,Juneau.txt,"Não pode. Apesar de Juneau ser a capital do Alasca, o relevo do sudeste do Alasca (entalado entre uma cordilheira e o oceano pacífico) torna a construção de estradas muito cara e por vezes impossível.",478,0,0,0,0,0,0,0,0,0,0,0
13,853,Juneau.txt,"É possível voar para Juneau desde Seattle ou Anchorage, usando a Alaska Airlines. Para além disso há também voos frequentes para Ketchikan, Sitka, Wrangell e Petersburg - e Gustavus no Verão. Há também companhias mais pequenas que tem escritórios no aeroporto. As mais usadas são a Wings of Alaska e a Haines Air.",311,0,1,0,0,0,0,0,0,0,1,2
9,851,Juneau.txt,"A vegetação de Juneau é rasteira, pois as árvores não resistem a tanto frio, então a vegetação tundra é predominante, devido ao frio e o clima húmido. Já as árvores que suportam o clima, geralmente são de pequeno porte, e raramente de médio porte.Como há montanhas elevadas próximo da capital, há a vegetação de altitude no qual existe pequenas árvores nas montanhas.",194,1,1,0,0,0,0,0,0,0,0,2
31,862,Juneau.txt,"A Alaskan Brewery contém bons produtos alascas, atraindo os locais e os turistas.",646,0,0,0,0,0,0,0,0,0,0,0
11,852,Juneau.txt,"Juneau está próximo da fronteira com o oeste do Canadá, porém não é fácil comercializar com os canadenses, pois apesar de estar próximo de Canadá, Juneau, apesar de estar no nível do mar se localiza em ilhas completamente montanhosas, então dificulta a comercialização de produtos. Acredita-se que as montanhas se formaram pois há o encontro de duas grandes placas. No qual é fácil as montanhas se formarem, as placas também causam terremotos que de vez em quando deixa o rio agitado, então alaga as ruas.",260,0,1,0,0,0,0,0,0,0,0,1
25,859,Juneau.txt,"O serviço de autocarros oferece viagens ($6) desde a baixa até ao Glaciar de Mendenhall, ao aeroporto e ao terminal de ferrys do Alaska Marine Highway.",564,0,0,0,0,0,0,0,0,0,0,0
29,861,Juneau.txt,"Há algumas lojas locais que atraem os turistas. Veja a William Spear Design (na Franklin Street, em cima do Hertitage Coffee) para magníficos pinos.",629,0,0,0,0,0,0,0,0,0,0,0
5,849,Juneau.txt,"Juneau é, em área, a maior cidade  dos Estados Unidos. A sua área é de 8.430,4 km², na qual está espalhada uma população de 30.711 habitantes. A densidade populacional da cidade é de 4,4/km².",86,0,1,0,1,0,0,0,0,0,0,2
33,863,Juneau.txt,"De longe, o mais famoso dos bares de Juneau é o The Alaskan Bar (na South Franklin Street), para saír com os locais, ouvir música e beber uma Alaskan (cerveja).",690,0,1,0,0,0,0,0,0,0,0,1
17,855,Juneau.txt,"Juneau é também um porto para a Alaska Marine Highway, o sistema de ferrys do Alasca. Os ferrys percorrem frequentemente o Sudeste do Alasca, fazendo paragens em Ketchikan, Petersburg, Wrangel, Sitka, Haines, e Skagway. Angoon, Hoonah, Tenakee Springs, Pelican, e Kake recebem também serviço ocasional.",389,0,1,0,0,0,0,0,0,0,1,2
3,848,Juneau.txt,"Juneau é a capital do Alasca, Estados Unidos da América.",36,0,1,0,0,0,0,0,0,0,0,1
15,854,Juneau.txt,Juneau é um popular destino para navios-cruzeiro. Entre Maio e Setembro as centenas de navios-cruzeiro trazem milhares de visitantes.,345,0,1,0,0,0,0,0,0,0,0,1
27,860,Juneau.txt,"No aeroporto há alugadores de carros e, se quer explorar a fundo a cidade, é necessário alugar um.",590,0,0,0,1,0,0,0,0,0,0,1
35,864,Juneau.txt,"&lt;!-- Esta seção destina-se à inclusão de informações e soluções práticas para o dia-a-dia dos viajantes - onde encontrar e como usufruir de banheiros públicos, lavanderias, bibliotecas, consertos de equipamentos e outros serviços, como embaixadas e consulados dos países lusófonos localizados nesta cidade. --&gt;",722,0,0,0,1,0,0,0,0,1,0,2
19,856,Juneau.txt,"Não pode. Apesar de Juneau ser a capital do Alasca, o relevo do sudeste do Alasca (entalado entre uma cordilheira e o oceano pacífico) torna a construção de estradas muito cara e por vezes impossível.",449,0,0,0,0,0,0,0,0,0,0,0
23,858,Juneau.txt,Por outro lado pode usar os ferrys (ver De barco).,518,0,0,0,0,0,0,0,0,0,0,0
25,876,Khabarovsk.txt,"A melhor coisa, para começar, é caminhar ao redor da parte central da cidade. Tenha uma caminhada agradável da Praça Lenina ao rio Amur, pela rua principal, Muraviev-Amurski (não confunda esta com o Boulevard Amurski, uma rua diferente). Você vai encontrar todos os tipos de lojas e lugares para comer.",551,0,0,0,1,0,0,0,0,0,0,1
13,870,Khabarovsk.txt,"A Trans-Siberiana primeiro atingiu Khabarovsk de Vladivostok, em 1897, enquanto a ferrovia completa até Moscou não foi concluída até 1913. Três anos mais tarde, a Ponte Khabarovsk, através do Amur, foi concluída, permitindo à Trans-Siberiana atravessar o rio sem o uso de balsas. A cidade foi ocupada pelos japoneses durante a maior parte da Guerra Civil Russa, uma explicação para os muitos edifícios antigos ainda de pé ao redor do centro da cidade.",313,1,0,0,1,0,0,0,0,0,0,2
41,884,Khabarovsk.txt,"A gastronomia local é composta principalmente de restaurantes tradicionais russos, e de diferentes estilos asiáticos. Comida italiana também é comum. Também há uma grande variedade de fast-food nas ruas. Preços a partir de US $ 3 para um bom lanche; US $ 5-10 na  cadeia de fast food Golden Bird. Refeições em restaurantes pequenos saem a US $ 10-20. Se o dinheiro não é uma preocupação, você pode jantar com vista do pôr do sol e do rio Amur no Hotel Inturist por US $ 50-100.",791,0,0,0,0,0,0,0,0,1,0,1
9,868,Khabarovsk.txt,"As terras perto da confluência do Ussuri e o Amur, onde fica hoje Khabarovsk, foram habitadas durante séculos pela tribo Tungusic. Expedições chineses chegaram a esta área na primeira metade do século XV, e em meados do século XVII o vale do Amur tornou-se o cenário de hostilidades entre os cossacos russos, tentando se expandir para a região, e a ascendente dinastia Manchu de nome Qing, empenhada em proteger a região para si. Quase um século de escaramuças entre os chineses, os coreanos e os cossacos se seguiu, envolvendo entre outros o explorador russo Yerofey Khabarov, cujo nome a cidade mais tarde adotou. O Tratado de Nerchinsk (1689) trouxe o conflito ao fim, e fez a área de uma parte incontestável do império Qing. De acordo com o mapeamento dos rios Ussuri e Amur, feito pelos jesuítas franceses em 1709, o futuro local de Khabarovsk era conhecido pelos chineses como Yupi Dazi (tártaros da pele de peixe).",180,0,0,1,1,0,1,0,0,1,0,4
29,878,Khabarovsk.txt,"Os trólebus elétricos também tem algumas seções úteis para os viajantes; a linha 2 opera entre o aeroporto e a principal estação ferroviária, e linha 1, entre o aeroporto e a Praça Komsomolskaya (passeios no rio, conjunto de museus) pelas ruas Karla Marksa e  Muraviev-Amursky. A linha 5 faz uma parada perto do museu de História da Cidade.",615,0,0,0,0,0,0,0,0,0,0,0
5,866,Khabarovsk.txt,"Com vista para a confluência dos rios Amur e Ussuri, Khabarovsk é a segunda maior cidade do Extremo Oriente russo, aproximando 600 mil residentes, e crescendo. É também, ao mesmo tempo, a capital do Krai de Khabarovsk e do Distrito Federal do Extremo Oriente. Ao contrário de Vladivostok, a cidade nunca foi fechada aos estrangeiros, e mantém uma atmosfera distinta internacional, rara para os centros provinciais russos - um sentimento apoiado por uma presença asiática crescente, com as chegadas de visitantes asiáticos, que hoje somam mais de um milhão a cada ano. Eles vêm aqui para experimentar um pedaço da Europa perto de casa, e para oferecer aos seus visitantes esse ar europeu, a cidade está gastando muito dinheiro com reformas urbanas, para valorizar os antigos edifícios clássicos que foram poupados dos efeitos destrutivos da guerra civil de 1917-23. Da perspectiva de um viajante ocidental, há marcas inequívocas de planejamento soviético na cidade, mas ainda assim é muito mais atraente do que a maioria das cidades siberianas.",94,1,0,1,1,0,0,0,0,0,0,3
21,874,Khabarovsk.txt,"Os trens internacionais são Khabarovsk-Harbin, em curso duas vezes por semana, e Khabarovsk-Pyongyang (consulte).",481,1,0,1,0,0,0,0,0,0,0,2
23,875,Khabarovsk.txt,"Se você quer ir a lugares a montante do rio Amur, as lanchas Meteor, muitas vezes, são a melhor opção, mas apenas durante o verão, quando o rio é navegável. No entanto, em 2008, o nível de água do rio estava em uma baixa histórica, de modo que o tráfego Meteor teve que ser interrompido. Se as lanchas Meteor estiverem funcionando normalmente, você pode ir cerca de 1.000 km a jusante, até o distrito Ulchi, uma região maioritariamente habitada por povos indígenas Ulchi.",519,0,0,0,0,0,0,0,0,0,0,0
35,881,Khabarovsk.txt,"Há um conjunto fantástico de excelentes museus ao longo da rua Shevchenko, logo atrás da Igreja de Theotokos (de cúpula azul, na Praça Komsomolskaya), indo em direção ao rio e estádio. Não são apenas alguns dos melhores museus do extremo oriente russo, eles também se alojam em edifícios centenários impressionantes, que datam de antes da revolução. Após a visita, a uma curta distância a pé, o agradável passeio à beira rio, a oportunidade de lavar todo esse novo conhecimento com alguns pivos em boa companhia.",714,0,0,0,0,0,0,0,0,0,0,0
15,871,Khabarovsk.txt,"Khabarovsk Novy Airport (ICAO: UHHH, IATA: KHV) - o aeroporto de Khabarovsk funciona principalmente como um ponto de desembarque e de reabastecimento de emergência para voos polares entre América do Norte e Ásia. As principais operadoras da região são Asiana Airlines, Dalavia (agora falida), Vostok Airlines, SAT Airlines e Far Eastern Aviation. Há voos regulares de passageiros para Khabarovsk do Japão, China, Coréia do Norte, Coréia do Sul e Israel. Asiana serve Khabarovsk 3 vezes / semana de Seul.",351,0,0,1,0,0,0,0,1,0,0,2
17,872,Khabarovsk.txt,"Voos domésticos dentro da Rússia para Khabarovsk são servidos a partir de Moscou, São Petersburgo, Iujno-Sakhalinsk, Vladivostok, Petropavlovsk-Kamchatski, Magadan, Chita, Irkutsk, Yakutsk, Novosibirsk, Krasnoiarsk, Yekaterinburg, Krasnodar.",386,1,0,1,0,0,0,0,0,0,0,2
3,865,Khabarovsk.txt,"Khabarovsk ( Хаба́ровск, rrabárovsk) é uma cidade no rio Amur no Extremo Oriental (Rússia)|Extremo Oriente Russo, perto da fronteira China|chinesa. Muitas vezes esquecida, devido à sua proximidade a Vladivostok, Khabarovsk poderia facilmente ser um destaque na longa linha de cidades maçantes ao longo da Trans-Siberiana. Mas, enquanto é verdade que a maioria das cidades fica mais bonita com tempo ensolarado, apenas em algumas é o efeito tão profundo como em Khabarovsk - parques atraentes, praias, barracas de cerveja ao ar livre com música ao vivo, garotas bonitas passeando e arquitetura clássica: tudo isto te aguarda, se os deuses do tempo colaborarem. Mesmo que não colaborem, não dá para ficar triste: a cidade também abriga alguns dos melhores museus a leste de Moscou.",42,1,0,1,1,0,0,0,0,0,0,3
7,867,Khabarovsk.txt,"O clima é temperado e de monções, com um inverno frio e seco e um verão quente e úmido. A temperatura média para um ano inteiro é de apenas 2 °C, mas abrange mais amplo leque de médias mensais que variam de um -20 °C mortífero em janeiro para uma muito quente, 21 °C em média, em julho. A cidade vê uma média de 686 mm de precipitação em um ano, mas, infelizmente, a maioria cai nos meses quentes de verão. O número de dias de sol por ano é de 70, que é maior do que de Moscou (54). Climaticamente falando, os melhores momentos para uma visita são de maio ao início de junho, ou final de agosto ao início de setembro.",124,0,0,0,1,0,0,0,0,0,0,1
33,880,Khabarovsk.txt,"Destinos Importantes, T=Trolleybus",683,0,0,0,0,0,0,0,0,0,0,0
39,883,Khabarovsk.txt,"Além destes, há também um Teatro Drama e Teatro Infantil, mas a não ser que você fale russo, eles provavelmente não são de muito interesse. No geral, a vida cultural da cidade é bastante vibrante.",760,0,0,0,0,0,0,0,0,0,0,0
11,869,Khabarovsk.txt,"Em 1858, a área foi cedida à Rússia, sob o Tratado de Aigun. Os russos fundaram o posto militar de Khabarovka (Хабаровка), que posteriormente tornou-se um importante centro industrial para a região. A Sociedade Geográfica Russa  fundou bibliotecas, teatros e museus na cidade em crescimento. Desde então, a vida cultural de Khabarovsk floresceu. Grande parte da história indígena local tem sido bem preservada no Museu Regional e Museu de História Natural, e em lugares como perto do assentamento de Nanai Sikhachi-Alyan, onde podme ser encontrados desenhos rupestres de mais de 1.300 anos atrás.",252,0,0,0,1,0,0,0,0,1,0,2
31,879,Khabarovsk.txt,"O ônibus regular 1 é uma linha circular útil. Ela começa na estação ferroviária, vira para baixo na rua Seryshev (uma quadra ao norte de Amursky Boulevard) até atingir o parque rio no Estádio Lenin. Contornando a rua Komsomolskaya e a praça de mesmo nome, corre pro sul até a rua Lenina. Em seguida, executa toda a extensão da rua Lenina, ao norte vira no Museu de História da Cidade, e volta para a estação de trem.",647,0,0,0,0,0,0,0,0,0,0,0
19,873,Khabarovsk.txt,"A estação de Khabarovsk, listada como Habarovsk 1 em horários de trem, é um ponto importante da Trans-Siberian Railway. Há vários trens a cada dia com destino a Vladivostok (800 km) e Moscou (cerca de 8500 km) ao longo da linha Trans-Siberian principal. Outras opções incluem trens # 386 ou # 035 para Blagoveshchensk, # 325, # para Tynda, 667э para Komsomolsk, # 943э Vanino, todos na Linha Baikal-Amur. Vanino é uma opção interessante, pois permite ligações de ferry para Sakhalin e mais adiante a Wakkanai no Japão.",448,1,0,1,0,0,0,0,0,0,0,2
27,877,Khabarovsk.txt,"A cidade tem uma rede de quatro linhas de bonde (não há linha 3 ou 4). A seção mais útil para os visitantes é o trecho que vai da estação ferroviária principal, pelo Boulevard Amurski, faz uma curva à esquerda para baixo na rua Volochaevskaya (perto do mercado), e cruza a Muraviev-Amurski um quarteirão a oeste da Praça Lenina, para então continuar para o sul cruzando a rua Lenina aproximadamente no seu ponto intermediário, antes de uma parada no Jardim Botânico (linhas 1, 2 e 6). A parte restante da rede, essencialmente, se estende para os subúrbios sonolentos. Linha 5 serve o Norte. Linha 1 e 2, o sul ao longo da rua Krasnoreleiskaya.",584,0,0,0,1,0,0,0,0,0,0,1
48,915,Kiribati.txt,"Inglês é amplamente difundido; a língua nativa, o I-Kiribati, contudo, pode ser útil nos locais mais remotos.",860,0,0,0,0,0,0,0,0,0,0,0
4,886,Kiribati.txt,| imagem=Image:Kiritimati AKK Lagoon Shore.jpg|noframe|250px,52,0,0,0,0,0,0,0,0,0,0,0
50,916,Kiribati.txt,Kiribati é um lugar seguro para se viajar.,883,0,0,0,0,0,0,0,0,0,0,0
46,914,Kiribati.txt,A Norwegian Cruise Lines mantém uma parada na Tabuaeran|Ilha Fanning durante os cruzeiros havaianos de 10 a 11 dias. Os cruzeiros partem do Havaí e ficam parados aproximadamente 8 horas na ilha.,844,0,0,0,0,0,0,0,0,0,0,0
44,913,Kiribati.txt,"A Our Airline (também conhecida por Air Nauru) e  a Air Marshall Airways oferecem voos para Tarawa a partir de Nauru, Ilhas Marshall e Fiji.",817,0,0,0,0,0,0,0,1,0,1,2
22,902,Kiribati.txt,"Tirando a isolada ilha de Banaba (6 km², pop.~300), todas as maiores ilhas pertencem a um dos três grupos a seguir:",500,0,0,0,0,0,0,0,0,0,0,0
26,904,Kiribati.txt,As Ilhas Phoenix situam-se no fuso horário UTC+13.,567,0,0,0,0,0,0,0,0,0,0,0
34,908,Kiribati.txt,"Incluem-se no grupo o Atol Palmyra e o Recife Kingman, dependências americanas.",698,0,0,0,0,0,0,0,0,0,0,0
5,887,Kiribati.txt,| localização=Image:LocationKiribati.png|noframe|250px,81,0,0,0,0,0,0,0,0,0,0,0
32,907,Kiribati.txt,Ilhas da Linha do Norte (Northern Line Islands),668,0,0,0,0,0,0,0,0,0,0,0
36,909,Kiribati.txt,Ilhas da Linha Centrais (Central Line Islands),726,0,0,0,0,0,0,0,0,0,0,0
12,894,Kiribati.txt,"| idioma=I-Kiribati, inglês (oficial)",269,0,0,0,0,0,0,0,0,0,0,0
30,906,Kiribati.txt,"Oito das onze ilhas da Linha pertencem a Kiribati e estão no fuso horário UTC+14, o fuso mais oriental do planeta, o que faz delas o primeiro lugar da Terra a iniciar um novo dia no calendário. As outras três são inabitadas e dependências americanas.",635,0,0,0,0,0,0,0,0,0,0,0
20,901,Kiribati.txt,"Kiribati é um grupo de ilhas na Micronésia situado sobre a linha do Equador e, até 1995, o meridiano internacional da mudança de data. Os 33 atóis de Kiribati, com uma área total de 811 km², esparramam-se por uma área de 3,5 milhões de km² do Oceano Pacífico. Kiribati foi o palco de uma das piores batalhas durante a Segunda Guerra Mundial, a batalha de Tarawa.",468,0,0,0,0,0,0,0,0,0,0,0
11,893,Kiribati.txt,| população=105.432 (est. Julho 2006),224,0,0,0,0,0,0,0,0,0,0,0
38,910,Kiribati.txt,"Incluem-se no grupo a Ilha Jarvis, dependência americana, e o Recife Filippo, normalmente submerso.",754,0,0,0,0,0,0,0,0,0,0,0
13,895,Kiribati.txt,"| religião=Católicos romanos 52%, protestantes 40%",307,0,0,0,0,0,0,0,0,0,0,0
28,905,Kiribati.txt,"As ilhas Phoenix são todas desabitadas, menos a Abariringa (pop.~40), e também incluem dois recifes de corais submersos - o Winslow e o Carondelet. O grupo é às vezes situado geograficamente junto das Ilhas Baker e Howland, ambas inabitadas e dependências americanas.",608,0,1,0,0,0,0,0,0,0,0,1
9,891,Kiribati.txt,| moeda=Dólar australiano (AUD),186,0,0,0,0,0,0,0,0,0,0,0
40,911,Kiribati.txt,Ilhas da Linha do Sul (Southern Line Islands),774,0,0,0,0,0,0,0,0,0,0,0
6,888,Kiribati.txt,| bandeira=Image:Flag of Kiribati.svg|100px,104,0,0,0,0,0,0,0,0,0,0,0
24,903,Kiribati.txt,As Ilhas Gilbert situam-se todas no fuso horário UTC+12.,530,0,0,0,0,0,0,0,0,0,0,0
42,912,Kiribati.txt,"Kiribati permaneceu desabitado durante os 2 mil anos que precederam o contato europeu. Sob o regime de colônia britânica, ficaram conhecidas como Ilhas Gilbert. O Reino Unido concedeu autonomia ao páis em 1971 e independência em 1979. O nome Kiribati em inglês é pronunciado Kiri-bãss, o que é o mais próximo possível de Gilberts. Porém, em i-kiribati, o idioma nativo, se pronuncia kiribati mesmo, conforme pode ser ouvido em seu hino nacional.",799,0,0,0,0,0,0,0,0,0,0,0
10,892,Kiribati.txt,| área=total: 811 km&lt;sup&gt;2&lt;/sup&gt;,219,0,0,0,0,0,0,0,0,0,0,0
17,924,Ko_Tao.txt,"Quase em qualquer época do ano, exceto novembro, pode-se mergulhar em Ko Tao. A visibilidade média é de cerca de 15-20 m. Em novembro a visibilidade é reduzida para 5 m devido os fortes ventos e ondas.",391,0,0,0,0,0,0,0,0,0,0,0
19,925,Ko_Tao.txt,"Uma enorme seleção de comida tailandesa está disponível, incluindo muitos frutos do mar. Peixe assado é um dos favoritos. Como uma grande parte da população são expatriados, você encontrará muitas outras culinárias também. Os preços em 2011 variavam de 60 baht para um prato de arroz frito até 250 baht para uma bela posta de peixe grelhado em um restaurante decente.",446,1,0,0,0,0,0,0,0,0,0,1
7,919,Ko_Tao.txt,"Os aeroportos mais próximos estão em Chumphon, Ko Samui e Surat Thani. Ko Tao pode ser alcançado por numerosos ferry e serviços de catamarã de alta velocidade.",119,0,0,0,0,0,0,0,0,0,0,0
5,918,Ko_Tao.txt,"Ko Tao era anterirmente um lugar de detenção para prisioneiros políticos. Hoje é um ótimo lugar para mergulhadores ou pessoas que querem ficar longe da agitação de Ko Samui ou o caos da Full Moon Party em Ko Pha Ngan. A ilha é voltada mais para mergulhadores relativamente ricos que mochileiros procurando gastar pouco. Assim, você não vai encontrar barracas de comida barata aqui. Há uma ampla variedade de locais de mergulho e lojas de equipamentos de mergulho, escolas de mergulho escolas e resorts. Outras atividades além do mergulho estão aumentando e as opções de comida e vida noturna são algumas das melhores do Golfo da Tailândia.",77,0,0,0,0,0,0,0,0,0,0,0
3,917,Ko_Tao.txt,"Ko Tao, literalmente Ilha da Tartaruga, é uma ilha na costa central do Tailândia|Golfo da Tailândia.",8,0,0,0,0,0,0,0,0,0,0,0
13,922,Ko_Tao.txt,"Cursos de mergulho livre e apneia são geralmente dados através de cursos da AIDA, SSI e Apnea Academy.",304,0,0,0,0,0,0,0,0,0,0,0
15,923,Ko_Tao.txt,"O Mergulho é a atração maior em Ko Tao. Mergulho em Ko Tao é fácil, divertido, e você pode ver tartarugas, arraias, barracudas, grande quantidade de peixes pequenos, e tubarões. Há uma pequena chance de ver um tubarão-baleia.",347,0,0,0,0,0,0,0,0,0,0,0
9,920,Ko_Tao.txt,Voos internacionais também operam diretamente para Ko Tao.,195,0,0,0,0,0,0,0,0,0,0,0
11,921,Ko_Tao.txt,"Há uma estrada principal que corre de norte a sul na ilha ligando Sairee, Mae Haad, e Chalok, com muitas estradas menores se ramificando fora dela. Algumas estradas conduzem a pequenas montanhas pequenas situadas no meio da ilha porem podem tornar-se intransitáveis ​​após a chuva, e podem desafiar mesmo a um motorista hábil. Se você está procurando uma aventura, as estradas de terra são um bom lugar para encontrá-lo. Também estar ciente de que as distâncias podem ser bastante enganadoras devido à qualidade e alterações de elevação da trilha. A partir de outubro de 2016 muitas das estradas de terra estão sendo cobertas por concreto.",248,0,0,0,0,0,0,0,0,0,0,0
9,929,Korolev.txt,"As estações de trem Podlipki Dachnie e Bolshevo estão situadas dentro de cidade propriamente dita. Tome electrichkas para Bolshevo da  estação ferroviária Yaroslavskii de Moscou. A região famosa de dachas começa ainda no sentido de Schiolkovo. Tenha em mente que os trens para Detskaya e Fryazino vão em direção diferente de Bolshevo, e você precisa diferenciar os trens com destino a Fryazino (Фрязино) e Fryazevo (Фрязево) - estes são destinos completamente diferentes. Todos os anúncios na estação de trem Yaroslavskii pronunciam, claramente e especificamente, estas estações, basta ouvir atentamente para eles.",200,0,0,0,1,0,1,0,0,0,0,2
3,926,Korolev.txt,"Korolev (Королёв; também transliterada Korolyov) é uma cidade de médio porte, ao norte da província de Moscou. A cidade é mais conhecida como a capital espacial da Rússia, o Berço da Exploração do Espaço Sideral, uma vez que era o centro nervoso do programa espacial soviético. Foi anteriormente um local de dachas para a elite local, um local de férias para todos os tipos de russos famosos (por exemplo, Anton Chekhov, Vladimir Lenin, Anna Akhmatova, Boris Pasternak, Marina Tsvetaeva, etc.) A cidade hoje se tornou um dos locais residenciais mais desejados fora de Moscou.",19,0,0,0,1,0,0,0,0,0,0,1
7,928,Korolev.txt,"Pela estrada M8. A cidade começa desde a estrada, para a direita dela, em frente a Mitischi.",122,0,0,0,1,0,0,0,0,0,0,1
13,931,Korolev.txt,"Dois quilômetros da cidade para o sul, na área de conservação do parque nacional Ilha das Renas fica Torfyanka, também conhecido como Bike-Lake - um lugar popular para os ciclistas da região de Moscou. A partir da cidade, pode ser alcançado pelo ônibus № 7,que sai da estação Bolshevo, pare na estação final Turfa (Торфопредприятие).",312,0,0,0,1,0,0,0,0,0,0,1
11,930,Korolev.txt,"Pegue o ônibus 392 ou 565, da estação de metrô VDNKh em Moscou. Tenha em mente os congestionamentos na M8 para todos esses ônibus, mesmo que eles se tornem menos grave após a abertura de vários níveis de intercâmbios de tráfego na M8, entre Mytishchi e Korolev.",261,0,0,0,0,0,0,0,0,0,0,0
5,927,Korolev.txt,"Foi originalmente fundada como Kaliningrado (Калининград) em 1938, para ser o principal centro soviético para a produção de armas antitanque e de defesa antiaérea. Em 1946, no rescaldo da II Guerra Mundial, a fábrica de artilharia foi reformulada para a produção de foguetes, veículos lançadores e naves espaciais, sob a orientação do cientista russo Sergei Korolev, que previu, consolidou e orientou as atividades de muitas pessoas do programa de exploração espacial soviético (ele era oficialmente referido, nessa época, como Supremo Chefe Designer; sua verdadeira identidade só foi revelada ao público após sua morte). A fábrica mais tarde se tornou conhecida como RKK Energia. O Centro de Controle de Missão também está localizada em Korolev. Enquanto o veículo espacial Vostok estava sendo desenvolvido, este centro de pesquisa (uma cidade fechada, como muitas da União Soviética) foi designado com os códigos NII-88 ou POB 989. Em julho de 1996, a cidade foi rebatizada em homenagem a Sergei Korolev, que morrera em 1966. Desde 1997, Korolev já sediou os Jogos Olímpicos Internacionais Espaciais, uma competição anual para os jovens, para promover a investigação espacial.",82,0,0,0,1,0,0,0,0,0,0,1
5,933,Krabi.txt,"Dada a sua importância como um centro turístico, há muitas conexões diretas por via aérea, rodoviária e marítima, mas a estação ferroviária mais próxima está em Surat Thani.",91,0,0,0,0,0,0,0,0,0,0,0
13,937,Krabi.txt,"Existem vários autocarros diários diurnos e noturnos que conectam a cidade com Banguecoque (tel. +66 2 4351199, 12 horas, 600-900 baht).",305,0,0,0,1,0,0,0,0,0,0,1
3,932,Krabi.txt,"Krabi é a capital da província de mesmo nome, ela é visitada principalmente a caminho das praias vizinhas de Had Yao, Ao Nang ou Rai Leh. Krabi é 784 quilômetros de sul de Banguecoque",22,0,0,0,0,0,0,0,0,0,0,0
9,935,Krabi.txt,"Ônibus com ar condicionado ligam o aeroporto com a cidade (90 baht), e também com Ao Nang (150 baht). Ônibus atendem todos os vôos que chegam e vai deixá-lo em frente ao Tribunal Provincial de Krabi.",197,0,0,0,1,0,0,0,0,0,0,1
15,938,Krabi.txt,"À noite, há um charmoso mercado noturno perto do calçadão ao lado dos cais. A comida é boa e barata, com influência muçulmana. De vez em quando a cidade organiza shows em um pequeno palco próximo ao mercado.",344,0,0,0,1,0,0,0,0,0,0,1
7,934,Krabi.txt,"O Aeroporto Internacional de Krabi (KBV) fica a cerca de 15 km do centro da cidade, 40 km da praia de Ao Nang e 23 km de Had Yao. Os impostos de partida nacionais e internacionais estão incluídos no preço do voo e não devem ser pagos no aeroporto.",125,0,0,0,1,0,0,0,0,0,0,1
17,939,Krabi.txt,"Um mercado ainda melhor pode ser encontrado em Maharaj Soi 10 no centro da cidade. Este mercado frutas frescas e muito de autêntica comida caseira. Apenas alguns lugares têm menus, caso contrário, aponte o que você quer e aprecie a comida. Este mercado não vende álcool. Há também o novo mercado noturno na Walking Street, entre a pequeno centro comercial Vogue e o hotel Vieng Thong, (apenas de sexta a domingo das 17:00 as 22:00) que vende comida e itens gerais, como roupas e artesanato.",404,0,0,0,1,0,0,0,0,1,0,2
11,936,Krabi.txt,"O terminal ônibus de Krabi está aproximadamente 5 quilômetros ao norte do centro de cidade. É uma das melhores estações de ônibus da Tailândia: é limpo, tem sinalização bilíngüe, um bom café, e com muitas opções de transporte local (táxi de motocicleta, songthaew, táxi e minivan) e Wi-Fi gratuito. (Atualizado em janeiro de 2016)",256,0,0,0,1,0,0,0,0,0,0,1
20,949,La_Paz.txt,"Downhill, descida de de bike (aproximadamente 63km), onde começa na neve (a -2ºC) e chega na floresta boliviana (a 27ºC). Esse passeio é feito por quase todas as agências em La Paz.",462,0,0,0,0,0,0,0,0,1,0,1
14,946,La_Paz.txt,"A maioria das cidades de médio porte tem linhas regulares de ônibus para La Paz, que chegam ao terminal na avenida Ismael Montes. Chegam ônibus também de diversas localidades do Peru (assim como da região boliviana do Lago Titicaca), na praça em frente ao Cemitério Geral. Na maior parte do ano, as ligações com o extremo norte do país só são possíveis através do Brasil (estados de Rondônia e Acre (Brasil)|Acre).",331,0,0,0,0,0,0,0,0,0,0,0
3,940,La_Paz.txt,"La Paz é a capital administrativa e sede do governo da Bolívia. Situada a 3900 m de altitude, é a capital mais elevada do mundo.",27,0,0,0,0,0,0,0,0,0,0,0
18,948,La_Paz.txt,"É o meio mais racional de andar no trânsito caótico da cidade. Como não há taxímetros, o preço deve ser combinado previamente. Os recepcionistas dos hotéis podem dar uma base das tarifas praticadas, bem como podem também indicar um motorista de confiança para levar você a tudo que é lugar. Normalmente, dentro da cidade, as corridas vão de 5 Bs. a 20 Bs.",424,1,0,0,1,0,0,0,0,0,0,2
6,942,La_Paz.txt,A cidade de La Paz foi fundada em 20 de outubro de 1548 por Don Alonzo de Mendonza que foi enviado pelo rei da Espanha especialmente para acabar com a disputa ferrenha entre os espanhóis Francisco Pizarro e Diego de Almagro.,111,0,0,0,0,0,0,0,0,0,0,0
22,950,La_Paz.txt,"Nenhum policial tem autoridade para pedir passaporte na rua. Se isso acontecer, grite por socorro, porque é um tipo de assalto, embora não seja muito comum.",503,0,0,0,0,0,0,0,0,0,0,0
10,944,La_Paz.txt,"O Aeroporto de El Alto, na cidade vizinha de mesmo nome, recebe voos domésticos e internacionais.",209,0,0,0,1,0,0,0,0,0,0,1
24,951,La_Paz.txt,Taxa aeroportuária ínternacional: US$25.,533,0,0,0,0,0,0,0,0,0,0,0
12,945,La_Paz.txt,A cidade não tem mais linhas de trens de passageiros,268,0,0,0,1,0,0,0,0,0,0,1
16,947,La_Paz.txt,"Há dois tipos de transportes coletivos na cidade: os ônibus, de carrocerias com design bastante antigo e pinturas coloridas, são chamados de micro e custam pouco mais de 1 Boliviano; e as vans, ou mini buses, que custam um pouco mais caro e têm um cobrador gritando o itinerário, o que lembra muito o transporte clandestino do Brasil. Pode-se subir e descer de ambos em qualquer local, bastando dar sinal na rua ou pedir ao motorista para bajar.",372,0,0,0,1,0,1,0,0,0,0,2
8,943,La_Paz.txt,"Segundo Renan Ibañez a cidade foi inicialmente fundada em um outro local a alguns quilômetros por Don Alonzo. Um chefe da igreja cristã o convenceu a estabelecer a sede no vale, onde atualmente se encontra o centro de La Paz.O chefe religioso apresentou três fortes razões para tal mudança, dentre elas o clima e a existência de um rio onde se encontrava ouro com facilidade. Assim, Don Alonzo convecido, refundou La Paz (Nuestra Señora de La Paz), 3 dias depois no atual local.",168,0,0,0,1,0,0,0,0,1,0,2
5,941,La_Paz.txt,A cidade foi construída dentro de um cânion formado no altiplano. A visão da cidade a caminho do aeroporto é deslumbrante.,59,0,0,0,1,0,0,0,0,0,0,1
17,959,Lalibela.txt,"Pode arranjar um guia licenciado no posto de turismo de Lalibela por 150 birr/dia. Estes guias estão bem treinados e tem um excelente conhecimento das igrejas, bem como boas relações com os sacerdotes. Guias não-licenciados irão abordá-lo um pouco por toda a aldeia, mas estes sabem pouco das igrejas e devem ser evitados.",383,0,0,0,0,0,0,0,0,0,0,0
15,958,Lalibela.txt,"Se a ideia não lhe agradar, pode usar um dos mini-autocarros que circulam na cidade. Normalmente pode encontrá-los à porta do aeroporto. Existem também algumas carruagens. Conduzir em Lalibela é um pesadelo - nem pense nisso. Tem poucos veículos motorizados, nenhuma bomba de gasolina e apenas uma rua pavimentada - do aeroporto ao centro da cidade. Não existe transporte público na cidade.",356,0,0,0,1,0,1,0,0,0,0,2
19,960,Lalibela.txt,"Esta pequena aldeia é conhecida em todo o mundo pelas suas igrejas monolíticas, construídas no reinado de Lalibela, consideradas Património Mundial. Ao contrário de certos mitos, as igrejas de Lalibela não foram construídas com a ajuda dos Templários; foram construídas apenas pela civilização medieval etíope. No entanto, existe alguma controvérsia quanto a como foram construídas igrejas. Alguns académicos acreditam que as igrejas foram construídas antes de Lalibela e que Lalibela só lhes deu o seu nome.",437,0,0,0,0,0,0,0,0,0,0,0
3,952,Lalibela.txt,"Lalibela é uma cidade e centro de peregrinação na Etiópia. É famosa pelas suas 11 igrejas escavadas na rocha, declaradas Patrimônio da Humanidade.",37,0,0,0,1,0,0,0,0,0,0,1
13,957,Lalibela.txt,"A cidade não é muito grande; andar é uma boa maneira de circular, e segura (embora as pessoas possam olhar para você estranhamente ou com diversão). Algumas crianças podem tentar meter conversam ou mesmo pedir dinheiro. A cidade é um pouco montanhosa, mas não deve ter dificuldades em caminhar. Ir às igrejas, no entanto, requer alguma destreza. Os degraus podem ser íngremes e tortos. Pode contratar um guia (ver secção #Veja|Veja) para o conduzir pela cidade e mostrar as vistas.",306,0,0,0,1,0,0,0,0,0,0,1
31,966,Lalibela.txt,"Existem várias lojas de lembranças no aeroporto. Algumas são geridas por pessoas simpáticas e prestáveis (outras nem por isso) e tem preços razoáveis, que podem ser regateados. Podem não ser os preços mais baixos, mas tem uma boa selecção de lembranças e alguns bons postais.",650,0,0,0,0,0,0,0,0,0,0,0
9,955,Lalibela.txt,"Normalmente é possível ir de/para Bahrir Dar de autocarro num dia, mudando de autocarros na aldeia de Gashena, a aproximadamente duas horas de Lalibela. Se estiver a viajar para ou de Gondar de autocarro, vai ter que passar a noite nalgum sítio.",203,0,0,0,0,1,0,0,0,0,0,1
11,956,Lalibela.txt,"A viagem desde Gondar demora cerca de 13 horas numa estrada muito má e poeirenta. A estrada está a ser melhorada, por chineses, mas actualmente (Abril 2008) NÃO há uma estrada alcatroada para Lalibela. O único pedaço de estrada alcatroada na cidade vai do aeroporto à cidade.",227,0,0,0,1,0,0,0,0,0,0,1
29,965,Lalibela.txt,"Não é muito difícil encontrar lojas de lembranças e presentes em Lalibela, pois estão espalhadas por toda a cidade. Algumas lojas vendem objetos bastante interessantes, como cruzes antigas, bíblias antigas (possivelmente escritas em Geez, a antiga linguagem da Etiópia; o que quer dizer que tem por volta de 100 anos!). Mas ao comprar coisas antigas, tenha cuidado; é ilegal levar antiguidades para fora da Etiópia sem antes obter uma autorização do Museu Nacional de Adis Abeba. A maior parte das cruzes e bíblias à venda provavelmente não são antiguidades, por isso não é necessário se preocupar. Mas tudo o que tenha mais de cem anos, seja moedas, cruzes ou bíblias requerem uma autorização para exportar.",619,0,0,0,1,0,0,0,0,0,0,1
21,961,Lalibela.txt,"As igrejas estão abertas das 9h00 às 13h00 horas, e depois das 14h00 às 17h00 horas. É necessário tirar os sapatos ao entrar na igreja - é desrespeitoso entrar calçado. Existem 12 igrejas e uma capela agrupadas em três grupos, excepto uma que se encontra mais distante do resto:",477,0,0,0,0,0,0,0,0,0,0,0
33,967,Lalibela.txt,"É frequente todos os hotéis estarem esgotados durante o Festival de Timket (Janeiro; veja #Faça|Faça) e durante o Natal, por isso é melhor fazer reservas com seis meses de antecedência pelo menos. No entanto, os preços dos quartos durante esta altura aumentam muito. Se chegar durante um festival sem reservas, arrisca-se a não ter onde dormir. No entanto, se tiverem espaço, acaba por pagar menos do que se fizesse uma reserva.",692,0,0,1,0,0,0,0,0,1,0,2
5,953,Lalibela.txt,"Lalibela tem um aeroporto (, ) com voos pelo menos uma vez por dia, operados pela Ethiopian Airlines. Muitas vezes são vendidos mais bilhetes que lugares: assegure-se que confirma o seu lugar com um dia de antecedência e apareça no aeroporto a tempo! Os voos podem também ser adiados ou cancelados à última da hora por causa do tempo ou por questões técnicas. O aeroporto tem tamanho médio. Para uma cidade com Lalibela, o aeroporto parece grande demais. É necessário ter pelo menos 30 minutos em mini-autocarros (40 birrs por pessoa, em 2008) para chegar ao centro da cidade.",71,0,0,0,1,0,1,0,0,0,0,2
7,954,Lalibela.txt,"Existe um autocarro todos os dias desde Adis Abeba. É uma viagem de dois dias com uma paragem de uma noite em Dessie. O autocarro passa por Woldia e leva passageiros desse terminal de autocarros se tiver espaço. Outro autocarro vai de Woldia a Lalibela, saindo de madrugada. Tanto os autocarros de Woldia como o de Adis Abeba saem às 6h00.",116,1,0,0,0,0,0,0,0,0,0,1
26,980,Lamu.txt,"Para além disso, se estiver mais de um par de dias e parecer como um turista, provavelmente um homem idoso, pequeno e robusto, que se introduzirá como Ali Hippy, que lhe oferecerá a oportunidade de comer na sua casa por um preço. Não tenha medo de aceitar a sua oferta; a comida é boa, e a sua família irá fazer números musicais depois. No entanto, é melhor trazer os seus próprios talheres, ou então coma com as mãos.",565,0,0,0,0,0,1,0,0,0,0,1
30,982,Lamu.txt,"No entanto, a cerveja mais barata da ilha é a do Social Club, escondido a seguir à estação eléctrica, ao longo da costa. é aqui que vão todos os locais, e tem, portanto, a melhor música e a cerveja mais barata. Quando achar que a música está muito alta, vá jogar bilhar. O jogo custa 50 cêntimos. Existe um assistente na mesa do bilhar para preparar o jogo, entre outras coisas.",638,0,0,0,0,0,0,0,0,0,0,0
17,975,Lamu.txt,"Navegar de dhow é uma experiência fantástica. Um cruzeiro romântico para ver o pôr-do-sol ou uma excursão de um dia, combinando ruínas históricas e mergulho, é uma experiência única, relacionado à história de Lamu.",394,0,0,0,0,0,0,0,0,0,0,0
19,976,Lamu.txt,"Um dhow é um navio tradicional árabe com uma ou mais velas latinas. Esta é a melhor maneira de ver a cidade. São relativamente baratos e pode ir tão longe  quanto a Ilha de Manda, as Ruínas de Takwa Ruins ou Matondoni. Kiwayu é a mais bonita das ilhas é uma reserva da biosfera. Existem várias companhias especializadas em viagens até Kiwayu mas é melhor arranjar um capitão local, que conhece melhor as ilhas e as aldeias. Uma pequena companhia chamada Nature+Culture faz a viagem até Kiwayu e especializa-se em eco turismo. Eles também fazem pequenas viagens, e o dono da companhia, Gabriel Suleiman, é um antigo jogador de futebol muito conhecido e respeitado na região: .",439,0,0,0,1,0,0,0,0,0,0,1
7,970,Lamu.txt,"{{Nota|Fale|A maior parte dos locais falam Guia de conversação inglês|inglês, no entanto será mais respeitado e assimilará melhor a cultura mais facilmente se aprender pelo menos Swahili rudimentar.",146,0,0,0,0,0,0,0,0,0,0,0
15,974,Lamu.txt,"Também é de ter em conta que a iluminação à noite na ilha é pouca ou nenhuma. Recomenda-se uma lanterna se quiser andar de noite. Se não trouxer uma, muitas das minúsculas lojas vendem isqueiros baratos que vem com pequenas, mas eficazes lanternas LED.",360,0,0,0,0,0,0,0,0,0,0,0
21,977,Lamu.txt,"Os guias turísticos de Lamu são licenciados e vão-lhe mostrar a sua licença se pedida. Estes tem uma associação bem organizada e trabalham em conjunto cooperativamente. A Sailkenya , também faz viagens de três dias. Os capitães de dhows em Lamu, no entanto, organizaram-se recentemente numa organização profissional, chamada Promise/Ahadi. Eles oferecem serviços excelentes e o seu conhecimento do oceano e da ilha é impressionante. Pode encontrar informação no seu site , ou então visite o seu escritório (perto do Museu do Posto de Correio Alemão) ou procure-os ao longo da costa da cidade, vestidos com t-shirts azul brilhante e um crachá da sua organização.",476,0,0,0,1,0,1,0,0,0,0,2
3,968,Lamu.txt,"Lamu é uma cidade no Quénia Costeiro. É a principal cidade da Ilha de Lamu, que, por sua vez, faz parte do Arquipélago de Lamu. Lamu é um sítio para relaxar. Deixe o telemóvel e o portátil em casa e deixe- se absorver pela paz local, interrompida apenas pelo zurrar dos burros e pela chamada para a oração ouvida em mesquitas por toda a ilha.",30,0,0,0,1,0,0,0,0,0,0,1
32,983,Lamu.txt,Os hotéis em Lamu vão desde hotéis económicos a hotéis e casa de hóspedes de luxo.,666,0,0,0,0,0,0,0,0,0,0,0
5,969,Lamu.txt,"A forma mais fácil de chegar à cidade é de avião, directamente desde Nairobi (Com a companhia Fly 540 desde o Aeroporto de Kenyatta , ou com a Safarilink e a Air Kenya desde o Aeroporto de Wilson, Nairobi) ou desde Mombaça ou Melinde no sul (operadoras incluem a Mombasa Safari Air desde Mombaça, que não realiza voos todos os dias, e a Fly 540 desde Melinde). O aeroporto fica numa ilha perto da cidade, sendo precisa uma viagem de barco/ferry.",72,0,0,1,1,0,0,0,0,0,0,2
28,981,Lamu.txt,"O Petleys é um dos poucos bares da cidade, e o lugar perfeito para relaxar e beber uma cerveja. Pode também beber uma Tusker (cerveja) no Lamu Palace Hotel, mas aqui é mais caro do que no Petleys, e muito silencioso, mas bom se quiser ouvir as ondas e ler um livro.",599,0,0,0,1,0,0,0,0,0,0,1
23,978,Lamu.txt,"Mas também pode arranjar uma viagem de dhow num hotel, incluindo o Peponi em Shela e a Casa de Lamu. Recentemente, vários capitães adoptaram o dhow moçambicano, que é mais largo e mais confortável que os tradicionais. Faça a sua escolha!",524,0,0,0,0,0,1,0,0,0,0,1
25,979,Lamu.txt,Os restaurantes na costa de Lamu oferecem excelente marisco a preços razoáveis. Investigue vários restaurantes para encontrar o melhor preço. O Seafront Cafe é muito bom e vários locais comem aí. Tente o caranguejo ao alho ou a sopa de caranguejo.,558,0,0,0,0,0,0,0,0,0,0,0
11,972,Lamu.txt,Também é possível - embora seja caro - alugar um carro em Mombaça ou Melinde.,233,0,0,0,0,0,0,0,0,0,0,0
9,971,Lamu.txt,"Outra opção é apanhar o autocarro diário desde Mombaça via Melinde. Esta rota é conhecido pelos ataques por bandidos somalis e, no passado, já foram parados e assaltados várias vezes. Em Outubro de 2005 a segurança da rota estava assegurada. Nas partes mais perigosas da viagem existem guardas armados.",205,0,0,0,0,0,0,0,0,0,0,0
13,973,Lamu.txt,"Não existe necessidade de transporte (para além de barcos), pois a cidade é relativamente pequena e os caminhos são muito estreitos. No entanto, existem algumas coisas a ter em conta. A principal forma de transporte na ilha são burros, e eles podem fazer as necessidades sempre que quiserem. Infelizmente, isto significa que o podem fazer nos caminhos. Assim sendo, pense duas vezes antes de trazer sapatos caros, pois é muito provável que numa altura da viagem pise acidentalmente uma coisa que não queria pisar.",282,0,0,0,1,0,0,0,0,0,0,1
47,1006,Las_Vegas.txt,"Quem optar por uma hospedagem mais tranquila não terá dificuldades. Fora da avenida principal, Vegas oferece hotéis bons, baratos e aconchegantes, porém sem toda as atrações dos grandes complexos com cassino.",858,0,0,0,0,0,0,0,0,1,0,1
17,991,Las_Vegas.txt,"A área turística de Las Vegas está basicamente posicionada ao longo de uma mesma avenida, a Strip. Isso já facilita bastante a locomoção. Por isso, seja em carro, ônibus, táxi ou a pé, você não terá problemas para se localizar.",409,0,0,0,0,0,0,0,0,0,1,1
41,1003,Las_Vegas.txt,"Vegas é uma oportunidade imperdível de experimentar a cozinha de chefs badalados a preços mais acessíveis que nas cidades de origem. Em Paris, o menu degustação mais simples no restaurante francês de Guy Savoy custa 390 euros; em Vegas, sai por 290 dólares. E nem é preciso reservar com meses de antecedência. O preço assusta, mas este é o custo médio dos restaurantes mais tops de Vegas.",785,0,0,0,0,0,0,0,0,0,0,0
11,988,Las_Vegas.txt,"Las Vegas está localizada no estado de Nevada, próxima à Costa Oeste americana. A viagem a partir do Brasil é longa, são pelo menos 15 horas de voo saindo de São Paulo e não há voos direto para a cidade, será necessário ao menos uma conexão. As melhores opções são Dallas, Detroit, Houston, Atlanta, Nova York, Miami, Charlotte e Cidade do Panamá. Todas fazem o trecho direto para Las Vegas com tempos de voo que variam de 2 a 6 horas a partir da conexão.",242,1,1,0,1,0,0,0,0,0,1,4
15,990,Las_Vegas.txt,Outra rota comum de quem vai para Las Vegas é pegar a estrada a partir de Los Angeles. São 420km no meio do deserto de Mojave. Em alguns momentos ela cruza com a histórica Rota 66. A pista é muito bem sinalizada e fácil de chegar até o destino.,355,0,0,0,0,0,0,0,0,0,1,1
33,999,Las_Vegas.txt,"Las Vegas tem dois grandes outlets, um em cada ponta da Las Vegas Boulevard: Premium Outlets North (150 lojas) e Premium Outlets South (140 lojas). Aqui está uma das grandes vantagens de Vegas em relação a outras cidades: os dois são bem próximos dos hotéis. Você não perderá mais de 20 minutos para chegar a cada um deles",691,0,0,0,0,0,0,0,0,0,1,1
5,985,Las_Vegas.txt,"A cidade de Las Vegas foi inaugurada em 1905. Em 1931, foram legalizados os jogos de azar na cidade, assim formando varios casinos e bares introduzindo a Downtown Las Vegas, um centro de diversão.",66,0,0,0,1,0,0,0,0,0,0,1
37,1001,Las_Vegas.txt,Nos bufês as refeições podem variar entre 9.90 e US$ 50 de acordo com o horário e o padrão da refeição e alguns incluem as bebidas alcoólicas.,741,0,0,0,0,0,0,0,0,0,0,0
35,1000,Las_Vegas.txt,"Pela Strip há uma grande variedade de restaurantes e bufês. Vegas conta hoje com mais de 1.400 restaurantes e 250 bufês. As especialidades são as mais variadas: francês, mexicano, japonês, italiano, árabe, tailandês, vietnamita, brasileiro e muitas variações de hambúrguer. Você poderá escolher entre famosas redes nacionais, como a Cheesecake Factory, no Forum Shops, ou exclusivos restaurantes de grandes chefs internacionais, como o Joël Robuchon, no MGM. A lista é imensa e sempre deliciosa.",712,0,0,0,0,0,1,0,0,0,0,1
45,1005,Las_Vegas.txt,Quem viaja para Las Vegas tem duas opções de hospedagem: dentro e fora da Strip. Este é o primeiro passo para escolher o hotel; é importante decidir se a intenção é ficar colado ou afastado da agitação da cidade.,828,0,0,0,1,0,0,0,0,1,1,3
39,1002,Las_Vegas.txt,"O preço de uma refeição em um excelente restaurante fica em torno de US$ 35, sem taxas e gorjetas.",766,0,0,0,0,0,0,0,0,0,0,0
13,989,Las_Vegas.txt,"Quem não tem coragem de dirigir nos EUA pode também pegar um ônibus de Los Angeles para Las Vegas. O trajeto é muito comum e a passagem, baratíssima. Com US$ 10 você consegue comprar a passagem e os ônibus são bem confortáveis.",285,0,0,0,0,0,0,0,0,0,0,0
9,987,Las_Vegas.txt,"A cidade apresenta a Main Street (rua principal), nela tem a estação rodoviária, tem diversos hotéis casinos, um shopping, lojas e restaurantes que ficam perto da Fremont Street. No sul deste centro inicia a Strip (Las Vegas Boulevard South), uma rua com grandes hotéis casinos, centros comerciais, e entre outras coisas. No norte deste centro, tem a torre da Stratosphere. Onibus urbanos circulam pela Strip e também se interligam do norte ao centro da cidade. Os trens de Las Vegas e o centro de convenções concetram-se apenas ao norte do centro da cidade. E a Universidade de Nevada, em Las Vegas, está localizada perto de Maryland Parkway. O aeroporto fica no extremo sul, ao norte do centro da cidade.",202,0,0,0,1,0,0,0,0,0,1,2
31,998,Las_Vegas.txt,"A maioria dos grandes hotéis da Strip têm uma área destinada às compras. Prepare-se para ver muitos shoppings pela frente. Alguns se destacam pela extravagância; outros, pelo alto índice de grifes por metro quadrado. Em uma mesma praça você encontrará Louis Vuitton, Gucci, Ermenegildo Zegna, Versace, Cartier e Fendi.",652,0,0,0,0,0,1,0,0,0,0,1
51,1008,Las_Vegas.txt,"É uma excelente oportunidade de hospedar-se em um luxuoso complexo sem pagar uma fortuna. Mesmo para quem não está disposto a gastar muito, a região é bem vantajosa. Alguns exemplos de hotéis luxousos seria o Bellagio, Aria, MGM Grand.",895,0,0,0,0,0,0,0,0,0,0,0
19,992,Las_Vegas.txt,"Tem muitos pedestres em Las Vegas e lá eles são muito respeitados. Ao longo de toda avenida Strip possuem passarelas suspensas com escadas rolantes que conectam os dois lados da avenida e facilitam a vida dos turistas. Com paredes de vidro, elas se tornam vitrines para a cidade.",433,0,0,0,1,0,0,0,0,0,1,2
3,984,Las_Vegas.txt,"Las Vegas é uma cidade que fica no sul de Nevada. Essa cidade é a maior do estado, e é conhecida pelos enormes resorts e casinos, alguns apresentam ilustrações que são referentes á romances, enigmas e entre outros. No centro, os turistas irão achar várias formas de entretenimento como circos, shows, restaurantes, baladas, lojas e sem esquecer os clássicos jogos de azar.",10,0,0,0,1,0,0,0,0,0,0,1
43,1004,Las_Vegas.txt,"As opções são muitas e certamente agradam todos os públicos, a começar pelo maior atrativo de Vegas: os cassinos. Casas noturnas, espetáculos circenses, shows de burlesco, apresentações de comédia, estrelas da música internacional, clubes de cavalheiros, Cycle Pub, festas na piscina, Bus Parties, bares temáticos e restaurantes de celebrities chefssão algumas das boas opções que você encontrará, com fartura, por lá, mas é claro que  tem um preço e por ser em Las Vegas, ele pode ser bem alto.",805,0,0,0,0,0,0,0,0,0,1,1
25,995,Las_Vegas.txt,"Um bom ponto de partida para os visitantes seria a Strip, o trecho da Las Vegas Boulevard onde estão os mais famosos cassinos do mundo. Em meio a luzes coloridas, os grandes hotéis temáticos concentram diversas atrações.Restaurantes badalados, casas de espetáculos, shoppings gigantescos e muitos cassinos mantêm os turistas presos dentro dos complexos por muitas horas.",557,0,0,0,0,0,0,0,0,1,0,1
27,996,Las_Vegas.txt,"Uma boa opção também seria ir até Downtown, para entender como Vegas se desenvolveu. Foi lá onde tudo começou.",587,0,0,0,0,0,0,0,0,1,0,1
29,997,Las_Vegas.txt,"Dos outlets cheios de descontos, às mais exclusivas grifes internacionais, Las Vegas disputa com Miami, Orlando e Nova York o posto de melhor destino de compras nos EUA.",610,1,1,0,0,0,0,0,0,0,1,3
7,986,Las_Vegas.txt,"Com isso, teve um crescimento no mercado de jogos, daquela época até hoje, surgindo varios casinos, entre eles: o El Rancho Vegas em 1941 e “Bugsy” Siegel Flamingo Hotel em 1946. No entando, com o progresso da cidade, junto teve também o envolviomento com o crime organizado.",153,0,0,0,1,0,0,0,0,0,0,1
49,1007,Las_Vegas.txt,"É possível conseguir diárias por incríveis US$ 30, especialmente de segunda a quinta-feira. E o melhor é saber que todos os hotéis mantêm as portas abertas e não há controle de entrada.",870,0,0,0,0,0,0,0,0,0,0,0
23,994,Las_Vegas.txt,"Las Vegas é capaz de manter o turista ocupado durante todos os segundos em que ele estiver por lá. Las Vegas é para quem está com disposição de bater perna pela cidade, ir às compras, frequentar bons restaurantes, assistir a dezenas de espetáculos, jogar nos cassinos, ver paisagens deslumbrantes no Grand Canyon e passar muitas horas circulando pelos surpreendentes complexos hoteleiros.",525,0,0,0,1,0,0,0,0,0,1,2
21,993,Las_Vegas.txt,"Em Las Vegas é super barato o aluguel de um carro e provavelmente a melhor opção.Em Vegas você pode alugar uma limusine por apenas US$ 55 a hora, claro que ela não será o seu meio de transporte funcional, mas é sempre bom pensar que essa possibilidade é real, barata e muito acessível! Já se a limusine não fizer seu estilo certeza que achará um carro do seu gostopor um preço super acessível.",473,0,0,0,0,0,0,0,0,0,1,1
12,1018,Lesoto.txt,"| religião=Cristãos 80%, crenças nativas 20%",278,0,0,0,0,0,0,0,0,0,0,0
5,1011,Lesoto.txt,| localização=Image:LocationLesotho.png|noframe|250px,63,0,0,0,0,0,0,0,0,0,0,0
24,1027,Lesoto.txt,"Lesoto possui embaixadas e representações em Joanesburgo, e Durban, sendo que esta última pode emitir o visto até no mesmo dia (entre em contato por telefone com antecedência para agendar). Os documentos necessários para o visto são: passaporte com pelo menos 6 meses de validade e 2 páginas em branco, 2 fotos tamanho de passaporte, taxa de emissão a ser paga na própria embaixada, certificado de vacinação de Febre Amarela e documentos relativos a sua estada.",541,1,0,0,0,0,0,0,0,0,0,1
7,1013,Lesoto.txt,| governo=Monarquia parlamentarista,139,1,0,0,0,0,0,0,0,0,0,1
8,1014,Lesoto.txt,| moeda=Loti (LSL); Rand Sul-Africano (ZAR),164,0,0,0,0,0,0,0,0,0,0,0
28,1029,Lesoto.txt,"Há ônibus e vans entre algumas cidade próximas a fronteira com a África do Sul, mas é necessário verificar no posto local pelos dias/horários/itinerários das viagens.",597,0,0,0,1,0,0,0,0,0,0,1
9,1015,Lesoto.txt,"| área=total: 30,355 km&lt;sup&gt;2&lt;/sup&gt;&lt;br /&gt;água: 0 km&lt;sup&gt;2&lt;/sup&gt;&lt;br /&gt;terra: 30,355 km&lt;sup&gt;2&lt;/sup&gt;",201,0,0,0,0,0,0,0,0,0,0,0
22,1026,Lesoto.txt,"Brasileiros, angolanos, cabo-verdianos, moçambicanos, precisam de visto. Portugueses, não. O visto pode ser requisitado em trânsito, na África do Sul.",499,0,0,0,0,0,0,0,0,0,0,0
30,1030,Lesoto.txt,"Não há trens de passageiros para Lesoto, apenas trens de carga (se você é um mala pode se auto-despachar).",634,0,0,0,0,0,0,0,0,0,0,0
4,1010,Lesoto.txt,| bandeira=Image:Flag of Lesotho.svg|100px,51,0,0,0,0,0,0,0,0,0,0,0
34,1032,Lesoto.txt,Muitas pessoas costumam pedir carona ao longo das rodovias. É recomendado não dar carona a não ser que você saiba exatamente o que está fazendo e esteja acompanhado. O país possui grandes áreas desertas e inabitadas (terreno montanhoso) então tenha isso em mente.,696,0,0,0,0,0,0,0,0,0,0,0
11,1017,Lesoto.txt,"| idioma=Sesotho (oficial), Guia de conversação inglês|inglês (oficial), Zulu, Xhosa",230,0,0,0,0,0,0,0,0,0,0,0
20,1025,Lesoto.txt,O Departamento de Turismo do país  informa sobre visitas.,459,0,0,0,0,0,0,0,0,0,0,0
26,1028,Lesoto.txt,"Apesar de algumas estradas do país serem bem asfaltadas isso é exceção. A entrada no país por via terrestre se dá por diversos postos de controle ao longo da fronteira, entre eles Maseru, Sani Pass e Caledonspoort, pesquise não somente o que fica mais próximo do seu destino mas sim o mais recomendado. Fique atento ao horário de funcionamento dos postos e as condições rodoviárias locais principalmente, por exemplo Sani Pass só pode ser acessada por veículos 4x4, enquanto Caledonspoort e Maseru tem melhores condições.",570,1,0,0,0,0,0,0,0,0,0,1
32,1031,Lesoto.txt,O Rand sul-africano é amplamente utilizado tendo paridade 1x1 com a moeda local (Loti).,674,0,0,0,0,0,0,0,0,0,0,0
10,1016,Lesoto.txt,| população=2.022.331 (est. Julho 2006),217,0,0,0,0,0,0,0,0,0,0,0
18,1024,Lesoto.txt,"Lesoto é um país da África Austral, encravado na África do Sul. É um país de beleza ímpar, natureza intocada e exuberante, relativamente seguro de se visitar embora bastante inexplorado.",426,0,0,0,0,0,0,0,0,0,0,0
9,1036,Lhasa.txt,"Os cidadãos de qualquer nacionalidade, excluindo chineses obviamente, são obrigados a obter uma autorização especial antes de desembarcar no pais e devem ser acompanhados diariamente por um guia turístico chinês.",196,0,0,0,0,0,0,0,0,0,0,0
11,1037,Lhasa.txt,"O aeroporto de Lhasa Gonggar (IATA: LXA) é situado a 61km ao sudoeste de Lhasa. Há vôos de Pequim, Chengdu, Chongqing, Cantão, Kunming, Qamdo, Xangai, Xian, Xining e Zhongdian (Shangrila). Voos internacionais estão disponíveis saindo de Katmandu, Nepal.",258,1,0,0,0,0,1,0,0,0,0,2
19,1041,Lhasa.txt,"Uma viagem de táxi entre a estação de trem e a área urbana deve custar aproximadamente ¥ 30. Certifique-se de fixar o preço antecipadamente pois muitos motoristas vão tentar cobrar ¥ 100 e não usar o taxímetro. Como alternativa, pegue um ônibus (¥ 1) para qualquer lugar em frente ao rio, e, em seguida, pegue um táxi que utiliza o taxímetro.",451,1,0,0,0,0,0,0,0,0,0,1
13,1038,Lhasa.txt,"Não-cidadãos chineses são obrigados a serem recebidos no aeroporto pelo seu guia turístico. Há táxis disponíveis fora do aeroporto. Há também um ônibus que leva ao centro da cidade,",293,0,0,0,1,0,0,0,1,0,0,2
5,1034,Lhasa.txt,"Lhasa, que significa Terra dos Deuses e tem mais de 1.300 anos de idade, fica em um vale junto ao rio Lhasa. Na parte oriental da cidade, a influência tibetana ainda é forte e evidente sendo comum ver tibetanos tradicionalmente vestidos muitas vezes girando Rodas de oração.",88,1,0,0,1,0,0,0,0,0,0,2
17,1040,Lhasa.txt,"A ferrovia de Qinghai-Tibet (Qingzang) conecta Lhasa e Golmud, com os serviços que continuam para Xining, Beijing, Chengdu, Shanghai, Guangzhou e Chongqing.",399,1,0,0,0,0,0,0,0,0,0,1
7,1035,Lhasa.txt,"A parte ocidental de Lhasa é mais etnicamente chinêsa. É agitada e moderna e parece semelhante a muitas outras cidades chinesas. Grande parte da infra-estrutura, tais como bancos e escritórios estão localizados nesta parte da cidade.",130,1,0,0,0,0,0,0,0,0,0,1
15,1039,Lhasa.txt,"Os cidadãos não-chineses não estão autorizados a viajar em ônibus interurbanos no Tibete. Para os cidadãos chineses, há serviço de frequente e barato entre Lhasa e quase todas as partes do Tibet.",343,1,0,0,0,0,0,0,0,0,0,1
21,1042,Lhasa.txt,"A cidade oferece aos turistas vários hotéis, de 1 a 4 estrelas.",479,0,0,0,1,0,0,0,0,0,0,1
3,1033,Lhasa.txt,"Lhasa é a capital da região autônoma do Tibete na China. Ela está localizada a 3.750 metros acima do nível do mar, na encosta norte do Himalaia.",23,1,0,0,0,0,0,0,0,0,0,1
69,1088,Libia.txt,"Ainda falando em segurança, se perguntares o preço de algo, não peça se há desconto a vista se não pretendes comprar, pois uma vez iniciado esse tipo de conversa, é considerado como um desaforo o não fechamento do negócio. Sempre que um árabe inicia uma negociação, a mesma terá que acabar fechada.",1009,0,0,0,0,0,0,0,0,0,0,0
39,1070,Libia.txt,"| região1descrição=A região nordeste, na costa do Mar Mediterrâneo",769,1,0,0,0,0,0,0,0,0,0,1
44,1073,Libia.txt,"| região2itens=Gadamés, Sabha, Ghat",823,0,0,0,0,0,0,0,0,0,0,0
38,1069,Libia.txt,"| região1itens=Bengasi, Shahhat, Tobruk",752,0,0,0,0,0,0,0,0,0,0,0
45,1074,Libia.txt,"| região2descrição=O enorme deserto no sul do país, com fantásticas paisagens e algumas das temperaturas mais altas alguma vez registadas no país.",832,1,0,0,0,0,0,0,0,0,0,1
9,1049,Libia.txt,|área=1.759.540 km&lt;sup&gt;2&lt;/sup&gt;,198,0,0,0,0,0,0,0,0,0,0,0
5,1045,Libia.txt,|bandeira=Image:Flag of Libya.svg|100px,79,0,0,0,0,0,0,0,0,0,0,0
31,1065,Libia.txt,"Ao longo da costa, o clima é mediterrânico, mas o interior é o deserto muito seco do Saara, de onde por vezes sopra um siroco quente, seco e carregado de poeira (conhecido no país como ghibli). No deserto também são comuns tempestades de poeira ou de areia.",655,0,0,0,0,0,0,0,0,1,0,1
49,1077,Libia.txt,"| região3itens=Tripoli, Gharyan, Misratah, Surt",872,1,0,0,0,0,0,0,0,0,0,1
29,1064,Libia.txt,"Em 1 de Setembro de 1969, um pequeno grupo de oficiais militares liderado por Muammar Abu Minyar al-Gaddafi fez um golpe de estado contra o Rei Idris. Nessa altura, Idris estava na Turquia a receber tratamento médico. O seu sobrinho, o príncipe Sayyid Hasan ar-Rida al-Mahdi as-Sanussi, tornou-se rei. O grupo de oficiais que se revoltou tomaram os quartéis militares líbios e a estação de rádio. Antes do fim do 1º de Setembro, Sayyid Hasan ar-Rida tinha sido formalmente deposto pelos oficiais militares e ficou em prisão domiciliar. Entretanto, os oficiais aboliram a monarquia e proclamaram a nova República Árabe Líbia. Referiam-se, e referem-se, a Gaddafi como Irmão Líder e Guia da Revolução em declarações governamentais e na imprensa oficial.",623,0,0,0,0,0,1,0,0,0,0,1
71,1089,Libia.txt,"Para os homens, convém não usar bermudas em locais públicos, pois na religião muçulmana, homens apenas usam calças. Não que isso trará atos hostis, mas a população irá olhá-lho de forma diferente.",1018,0,0,0,0,0,0,0,0,0,0,0
50,1078,Libia.txt,"| região3descrição=A região nordeste, na costa do Mar Mediterrâneo, com a capital e antigas ruínas romanas.",885,0,0,0,0,0,0,0,0,0,0,0
25,1062,Libia.txt,"Em 1934, a Itália adoptou o nome Líbia (usado pelos gregos para designar todo o norte de áfrica, excepto o Egipto) como nome oficial da colónia (feita de três províncias, a Cirenaica, a Tripolitânia e Fezã). O Rei Idris I, Emir da Cirenaica, liderou a resistência líbia contra os italianos, entre as duas guerras mundiais. Desde 1943 até 1951, a Tripolitânia e a Cirenaica estiveram sobre a administração britânica, enquanto que os franceses controlavam Fezã. Em 1944, Idris voltou do exílio no Cairo, mas recusou ficar a viver na Cirenacia até alguns aspectos do controlo estrangeiro serem removidos em 1947. Segundo o tratado de paz de 1947 com os Aliados, a Itália renunciou quaisquer pretensões ao governo do país.",554,0,0,0,0,0,0,0,0,0,0,0
54,1080,Libia.txt,"Para entrar no país são necessários passaportes e vistos para todas as nacionalidades excepto naturais da Argélia, Egipto, Jordânia, Mauritânia, Marrocos, Síria, Tunísia e Turquia. Quem tiver um passaporte que indique viagens para Israel não poderá entrar. Pode arranjar um visto na embaixada ou consulado mais próximo:",913,0,0,0,0,0,0,0,1,1,0,2
23,1061,Libia.txt,"Desde 1912 a 1927, o território do país era conhecido como Norte de África Italiana. De 1927 a 1934, o território foi dividido em duas colónias, a Cirenaica Italiana e a Tripolitânia Italiana, governada por italianos. Durante o período colonial, entre 20% e 50% da população do país morreu na luta pela independência, e cerca de 150 000 italianos instalaram-se na Líbia, constituindo cerca de um quinto da população.",509,0,0,0,0,0,0,0,0,0,0,0
10,1050,Libia.txt,|população=5.900.754 (estim. 2006),218,0,0,0,0,0,0,0,0,0,0,0
56,1081,Libia.txt,"Tripoli é servido pela maior parte das grandes companhias europeias e árabes e pela companhia nacional, a Libyan Airlines , que usa este aeroporto como principal centro de operação. Existem voos diários desde/para os principais aeroportos internacionais europeus, como os de Heathrow (Londres), Charles de Gaulle (Paris), Frankfurt, Amsterdam, Roma e vários voos semanais de/para Milão, Manchester, Viena, Alexandria, etc.",932,1,0,0,0,0,1,0,0,0,0,2
13,1053,Libia.txt,|eletricidade=127V/50Hz ou 230V/50Hz,287,0,0,0,0,0,0,0,0,0,0,0
58,1082,Libia.txt,"Uma nova companhia privada líbia, a Afriqiyah , realiza voos diários para muitas cidades europeias (Bruxelas, Paris, Amsterdam e Londres) e africanas, com Tripoli como principal centro de operação.",946,1,0,0,0,0,0,0,0,0,0,1
20,1059,Libia.txt,"Existem provas arqueológicas de que o país já era habitado em 8 000 a.C.; a planície costeira era habitada por um povo neolítico, os berberes. Mais tarde, a área actualmente conhecida pela Líbia era ocupada por uma grande variedade de outros povos, como os fenícios, os cartagineses, os gregos, os persas, os romanos, os vândalos, os árabes, os turcos ou os bizantinos a governar toda ou parte da área.",460,0,0,0,0,0,0,0,0,0,0,0
60,1083,Libia.txt,"Outra companhia privada, a Buraq Air, realiza voos domésticos, bem como alguns voos para destinos internacionais, incluindo Istambul e Alepo.",960,0,0,0,0,0,0,0,0,0,0,0
62,1084,Libia.txt,"Existem também alguns voos internacionais desde Bengasi, para destinos como Alexandria e Cairo (e futuramente Londres e Casablanca). Estes tendem a ser mais raros e os horários variam, por isso verifique antes.",973,1,0,0,0,0,0,0,0,0,0,1
17,1057,Libia.txt,"}}Até recentemente um país muito difícil de entrar, a Líbia  está lentamente a abrir-se ao turismo. Com ruínas romanas conhecidas mundialmente, espectaculares paisagens desérticas, numerosas montanhas e castelos, a Líbia é um país a não perder.",414,0,0,0,0,0,0,0,0,0,0,0
7,1047,Libia.txt,"|governo=Ditadura militar, chamada Jamahiriya (estado das massas)",136,1,0,0,0,0,0,0,0,0,0,1
64,1085,Libia.txt,A Líbia não tem linhas de comboio nenhumas.,984,0,0,0,0,0,0,0,0,0,0,0
11,1051,Libia.txt,"|idioma=Guia de conversação árabe|Árabe, Guia de conversação italiano|italiano e Guia de conversação inglês|inglês",253,0,0,0,0,0,0,0,0,0,0,0
66,1086,Libia.txt,"Líbia é um país seguro, no que se refere a assaltos, furtos, roubos e sequestros. O povo é muito amigável, sempre disposto a dar informações. O único problema é a língua, pois a maior parte da população apenas fala o árabe. Mesmo em hotéis a comunicação se torna difícil.",996,0,0,0,0,0,0,0,0,0,0,0
67,1087,Libia.txt,"Para visitar Leptis Magna e Sabratha, recomenda-se alugar uma van por um dia inteiro. O preço? Dependerá de sua negociação com o motorista. Cada um fará um preço, até que você se decida por um.",1003,1,0,0,0,0,0,0,0,0,0,1
12,1052,Libia.txt,|religião=Muçulmanos sunitas 97%,267,0,0,0,0,0,0,0,0,0,0,0
4,1044,Libia.txt,|localização=Image:LocationLibya.png|noframe|250px,57,0,0,0,0,0,0,0,0,0,0,0
